label,text
ham,"Йди до точки Джуронг, божевілля... Доступно лише в буфетах та ресторанах Great World... Кінотеатр, де є більше любові..."
ham,"Гаразд, старий... Жартую з тобою..."
spam,"Безкоштовний вхід на 2 тижневі матчі за перемогу у фіналі Кубка Англії 21 травня 2005 року. Надішліть SMS-повідомлення FA на номер 87121, щоб отримати запитання для участі (стандартна ставка SMS). Діють правила та умови: 08452810075 (для осіб старше 18 років)."
ham,Ти не можеш сказати так рано... Ти вже можеш тоді сказати...
ham,"Ні, я не думаю, що він навчається в USF, він живе десь тут."
spam,"Безкоштовне повідомлення Привіт, люба, минуло вже 3 тижні, а відповіді немає! Я б хотіла трохи розважитися, ти ще готова? Підпишись! XxX стандартні платежі для відправки, грн1.50 для отримання."
ham,Навіть мій брат не хоче зі мною розмовляти. Вони ставляться до мене як до хворого на СНІД.
ham,"Згідно з вашим запитом, мелодію виклику для всіх абонентів встановлено «Melle Melle (Oru Minnaminunginte Nurungu Vettam)». Натисніть *9, щоб скопіювати мелодію виклику вашого друга."
spam,"ПЕРЕМОЖЕЦЬ!! Як цінний клієнт мережі, вас було обрано для отримання призу у розмірі 900 гривень стерлінгів! Щоб отримати приз, зателефонуйте за номером 09061701461. Введіть код KL341. Дійсний лише 12 годин."
spam,Маєте мобільний телефон 11 місяців або більше? Ви маєте право на безкоштовне оновлення до найновішої кольорової версії з камерою! Зателефонуйте до компанії Mobile Update Co БЕЗКОШТОВНО за номером 08002986030.
ham,"Я скоро буду вдома, і більше не хочу про це говорити сьогодні ввечері, гаразд? Я вже досить плакала сьогодні."
spam,"ШІСТЬ шансів виграти ГРОШІ! Від 100 до 20 000 гривень стерлінгів. Надішліть SMS-повідомлення з текстом CSH11 на номер 87575. Вартість 150 копійок/день, 6 днів, 16+. Діють умови та положення. Відповісти HL 4 info"
spam,"ТЕРМІНОВО! Ви виграли 1-тижневе БЕЗКОШТОВНЕ членство в нашому джекпоті на суму 100 000 гривень стерлінгів! Надішліть SMS-повідомлення зі словом CLAIM на номер: 81010. Правила та умови: www.dbuk.net. LCCLTD, поштова скринька 4403LDNW1A7RW18."
ham,"Я шукав правильні слова, щоб подякувати тобі за цю перепочинок. Обіцяю, що не сприйматиму твою допомогу як належне та виконаю свою обіцянку. Ти був чудовим і благословенням у всі часи."
ham,У НЕДІЛЮ У МЕНЕ ПОБАЧЕННЯ З ВІЛЛОМ!!
spam,"XXXMobileMovieClub: Щоб використати свій кредит, натисніть посилання WAP у наступному текстовому повідомленні або натисніть тут>> http://wap.xxxmobilemovieclub.com?n=QJKGIGHJJGCBL"
ham,Ой... я тут дивлюся :)
ham,"Ем, ти пам'ятаєш, як пишеться його ім'я... Так, пам'ятав. Він такий неслухняний, поки не намокне."
ham,"Добре, якщо ти так відчуваєш. Так воно і має бути."
spam,"Англія проти Македонії — не пропустіть голи/новини команди. Надішліть SMS-повідомлення про вашу національну команду на номер 87077, наприклад, АНГЛІЯ на номер 87077. Спробуйте: УЕЛЬС, ШОТЛАНДІЯ 4txt/ú1.20 POBOXox36504W45WQ 16+"
ham,Ти серйозно так пишеш його ім'я?
ham,"Я спробую 2 місяці, ха-ха, жартую."
ham,Тож спочатку заплати... А коли ж з'являться акції...
ham,"Після того, як я закінчу обід, я йду вниз, лол. І три речі, лол. Ти вже закінчив обід?"
ham,"Твою ж мабуть. Гаразд, я ніяк не можу зустрітися з тобою раніше?"
ham,"Щойно змусив себе з'їсти шматочок. Хоча я справді не голодний. Це жахливо. Марк починає хвилюватися. Він знає, що мені погано, коли я відмовляюся від піци. Лол."
ham,"Лол, ти завжди такий переконливий."
ham,Ти встиг на автобус? Ти смажиш яєчню? Ти заварив чай? Ти їси мамині залишки за вечерею? Ти відчуваєш мою любов?
ham,"Я повернувся, і ми зараз пакуємо машину, я дам тобі знати, чи буде місце."
ham,Ааа. Робота. Я смутно це пам'ятаю! Яке це відчуття? Лол.
ham,"Зачекай, це все ще не зовсім зрозуміло, ти не впевнений, що я саркастичний, чи що саме тому X не хоче жити з нами?"
ham,"Так, він прийшов о 2-й і дуже вибачався. Ми посварилися, а вона поводилася як розпещена дитина, і він цим захопився. До 2-ї! Але ми туди не підемо! Непогано виходить, дякую. А ти?"
ham,"К., розкажи мені щось про себе."
ham,"Боїшся знепритомніти від усієї тієї хатньої роботи, яку ти щойно зробив? Швиденько випий чаю."
spam,"Дякуємо за вашу підписку на Ringtone UK, з вашого мобільного зв'язку стягуватиметься 5 гривень стерлінгів на місяць. Будь ласка, підтвердіть, відповівши «ТАК» або «НІ». Якщо ви відповісте «НІ», плата з вас стягуватися не буде."
ham,"Так... Добре, я піду додому, подивлюся на розклад, а потім знову напишу ""У""... Сюйхуей теж вчитиметься 2 травня, але її урок о 8 ранку."
ham,"Ой, я тобі дам знати, коли мій сусід по кімнаті закінчить."
ham,Я бачу літеру B на своїй машині
ham,Що завгодно... Тобі вирішувати...
ham,"Привіт! Як справи і як пройшла субота? Я просто писав, щоб дізнатися, чи вирішив ти щось зробити з тобою. Не те щоб я намагався запросити себе чи щось таке!"
ham,"Будь ласка, продовжуйте з ватами. Я просто хотів переконатися. Гарних вихідних. Абіола."
ham,"Я забув тобі сказати? Я хочу тебе, я потребую тебе, я прагну тебе... Але найбільше... я люблю тебе, мій милий арабський конику... Ммммм... Смакота."
spam,"07732584351 - Роджер Бернс - MSG = Ми намагалися зателефонувати вам щодо вашої відповіді на наше SMS-повідомлення про безкоштовний мобільний телефон Nokia + безкоштовну відеокамеру. Будь ласка, зателефонуйте зараз за номером 08000930705 для доставки завтра."
ham,З КИМ ТИ БАЧИШСЯ?
ham,"Чудово! Сподіваюся, тобі подобається твій чоловік, добре обдарований. Я <#> дюймів..."
ham,Немає дзвінків..повідомлень..пропущених дзвінків
ham,Хіба ви не отримали щеплення від гепатиту В у Нігерії?
ham,"Зрозуміло, щось відбувається?"
ham,"Так, сподіваюся, якщо Тайлер не зможе цього зробити, я міг би трохи розпитати."
ham,"Ти не знаєш, який я впертий. Я навіть не хотів йти до лікарні. Я весь час казав Марку, що я не слабак. Лікарні для слабаків."
ham,Що ти про мене думав. Коли ти вперше побачив мене в класі.
ham,"Грам зазвичай звучить як <#>, хоча пів восьмої розумнішої є і дає вам майже цілий другий грам для <#>"
ham,"До речі, завтра вранці у нього є поїздка, але сьогодні ввечері він застрягне у нас."
ham,"Ого. Я ніколи не усвідомлював, що тобі так ніяково через твоє житло. Я думав, тобі подобається, бо я робив усе, що міг, а ти завжди здався таким щасливим через ""печеру"". Мені шкода, що я не зробив цього і не можу більше дати. Мені шкода, що я пропонував. Мені шкода, що твоя кімната була такою ніяковою."
spam,SMS. ac Sptv: «Нью-Джерсі Девілз» та «Детройт Ред Вінгз» грають у хокей. Правильно чи неправильно? Кінець? Відповісти КІНЕЦЬ SPTV
ham,"Чи знаєте ви, що Малліка Шерават зробила вчора? Дізнайтеся зараз за адресою <URL>"
spam,"Вітаємо! Спеціальний річний абонемент у кіно для двох ваш. Телефонуйте за номером 09061209465 зараз! C Супермен V, Матриця 3, Зоряні війни 3 тощо – всі 4 БЕЗКОШТОВНО! bx420-ip4-5we. 15:50. Не пропустіть!"
ham,"Вибачте, я зателефоную пізніше під час зустрічі."
ham,"Розкажи, куди ти дістався"
ham,Так... Гауті та Сехваг із серії Оді.
ham,Тобі доведеться купити собі бургер за долар дорогою додому. Я навіть поворухнутися не можу. Біль мене вбиває.
ham,"Ха-ха-ха, гарний жарт. Дівчата шукають ситуації."
ham,Це частина перевірки IQ
ham,"Вибачте, мої сусіди по кімнаті зайняли цілу вічність, можна мені прийти зараз?"
ham,"Добре, я вже перевірила з перукарем, він сказав, що я підстриглася дуже коротко. Він сказав, що стригтиметься, поки я не виглядатиму добре."
spam,"Як шановний клієнт, я радий повідомити Вам, що після нещодавньої перевірки Вашого номера мобільного телефону Ви отримуєте бонус у розмірі 1500 гривень стерлінгів. Телефонуйте за номером 09066364589."
ham,"Сьогодні ""день, присвячений пісні"". Яку пісню ти присвятиш мені? Надішли це всім своїм цінним друзям, але спочатку відповідай мені..."
spam,"Терміново, UR отримав безкоштовну поїздку до EuroDisinc Trav, Aco&Entry41 або грн1000. Щоб отримати DIS, надішліть SMS-повідомлення на номер 87121 18+6*грн1.50 (moreFrmMob. ShrAcomOrSglSuplt)10, LS1 3AJ."
spam,"Ви чули про нову ""Барбі-розлучення""? У ній є всі речі Кена!"
ham,Планую віддати в кінці цього місяця.
ham,"Ох, щасливчик... Тоді зможе заощадити гроші... Хі..."
ham,"Закінчив урок, де ти?"
ham,"ПРИВІТ, ЛЮБИЙ, Я ЗАРАЗ ВДОМА, ХОЧЕШ ЧИМСЯ ЗРОБИТИ? XX"
ham,К..к:) де ти? як ти виступив/виступила?
ham,Можете мені зараз зателефонувати...
ham,"Я чекаю, Мачан. Подзвони мені, як тільки звільнишся."
ham,Це круто. Я джентльмен і ставитимуся до вас з гідністю та повагою.
ham,"Ви мені дуже подобаєтесь :) але я дуже сором'язливий, тату."
ham,Не працює після <#> або що
ham,Тут не так. Все ще шукаю роботу. Скільки там заробляють Та?
ham,"Вибачте, я подзвоню пізніше"
ham,"К. Ти щойно мені дзвонив, а?"
ham,"Добре, я їду додому, привіт, привіт"
ham,Ти будеш на місці того чоловіка
ham,"Так, наступна зупинка."
ham,"Я подзвоню тобі пізніше, немає мережі. Якщо терміново, напиши мені."
ham,"Справді, коли ти починаєш? Мені потрібно лише ще 2 квитки та ще один піджак, і я закінчу. Я вже використав усі свої мультилітери."
ham,"Так, я почав надсилати запити, щоб це зробили, але біль повернувся, тому я знову в ліжку. Подвійна плата за монети на заводі. Мені потрібно обналичити всі свої нітрометани."
ham,"Я справді не можу цього зробити сьогодні ввечері, люба."
ham,"Ela kano., il download, come wen ur free.."
ham,"Так, стій! Але не стій близько — щось підхопиш!"
ham,"Вибачте, що надокучаю. Можна зустрінемося якось ввечері? Я провів пізній день у відділенні невідкладної допомоги, а це означає, що я нічого не робив на 42moro, включаючи всі мої табелі обліку робочого часу тощо. Вибачте."
ham,"Посміхнися в задоволенні, посміхнися в болю, посміхнися, коли проблеми ллються, немов дощ, посміхнися, коли тобі боляче. Посміхнися, бо ХТОСЬ все ще любить бачити твою посмішку!!"
spam,"Будь ласка, зателефонуйте нашому представнику служби підтримки клієнтів за номером 0800 169 6031 з 10:00 до 21:00, оскільки ви ВИГРАЛИ гарантований приз у розмірі 1000 гривень стерлінгів готівкою або 5000 гривень стерлінгів!"
ham,"Не планую купувати пізніше. Я вже перевірив, що в Лідо лише 5:30 показують сьогодні вдень. Ти вже закінчив роботу?"
spam,"Ваша безкоштовна мелодія дзвінка чекає на отримання. Просто надішліть пароль ""MIX"" на номер 85069 для підтвердження. Замовте Usher and Britney. FML, PO Box 5249, MK17 92H. 450Ppw 16."
ham,Дивлюся фільм на телугу... а ти як?
ham,"Розумію. Коли ми закінчимо, нам доведеться сплатити купу позик."
ham,"Привіт. Тиждень пройшов добре - зараз у відпустці! Так, трохи пробіжаюся. Забула, що в мене зустріч з перукарем о четвертій, тому треба повернутися додому та прийняти душ заздалегідь. Це тобі може завадити?"
ham,Я бачу анімацію чашки кави
ham,"Будь ласка, більше не пиши мені. Мені більше нічого сказати."
ham,"Добре, називай ціну, аби це було законно! Коли я можу їх забрати? У тебе є x ams xx"
ham,Я все ще шукаю машину для покупки. І ще не склав іспит на водіння.
ham,"Згідно з вашим запитом, мелодію виклику для всіх абонентів встановлено «Melle Melle (Oru Minnaminunginte Nurungu Vettam)». Натисніть *9, щоб скопіювати мелодію виклику вашого друга."
ham,"Ого. Ти маєш рацію! Я не хотів цього робити. Мабуть, щось змінилося, коли я перестав шукати чоловіків з Бостона та змінив місце пошуку на Нью-Йорк. Бо на моїй сторінці входу все ще вказано Бостон."
ham,"Умма, моє життя, і вава, умма, дуже тебе люблю, люба."
ham,"Щиро дякую за ваші побажання з нагоди мого дня народження. Дякую, що зробили мій день народження справді незабутнім."
ham,"Гаразд, я зв'яжуся з тобою, коли отримаю трохи грошей."
ham,"Як моя IP-адреса може це перевірити, враховуючи, що мій комп'ютер не є сервером Minecraft?"
ham,"Я знаю! Сварливі старі люди. Моя мама була така, що краще не брехати. З іншого боку, я завжди жартую..."
ham,"Не хвилюйся. Гадаю, він зайнятий."
ham,Яка форма множини іменника дослідження?
ham,Йду вечеряти. Напишу тобі після.
ham,"Мені з цим добре, бо я люблю пробувати щось нове. Але я тебе налякав, що мама мені не подобається. Бо ти сказав не надто голосно."
spam,ДЖЕНТ! Ми намагаємося зв'язатися з вами. У розіграші минулих вихідних ви ГАРАНтовано виграли приз у розмірі 1000 гривень стерлінгів. Зателефонуйте за номером 09064012160. Отримайте код K52. Дійсний лише 12 годин. 150 стор./хв.
ham,"Вау, твоє перше речення дуже формальне... У будь-якому разі, в мене теж все добре, просто я забагато їм і набираю вагу... Ха-ха... Тож щось особливе сталося?"
ham,"Коли я зайшов у свою каюту, моя особиста асистентка сказала: «З днем ​​народження, босе!!». Я відчув себе особливим. Вона запросила мене на обід. Після обіду запросила мене до себе в квартиру. Ми туди пішли."
spam,Ви переможець. Вас спеціально відібрали. 2. Отримайте 1000 гривень стерлінгів або 4* відпустку (включно з перельотами). 2. Подайте заявку. 0871277810910 копійок/хв (18+).
ham,"Гуду! Так, нам треба поговорити в п'ятницю - потрібне співвідношення яєць і картоплі для тортильї!"
ham,"Хм... мій дядько щойно повідомив мені, що він платить безпосередньо школі. Тож, будь ласка, купи їжу."
spam,"ПРИВАТНО! Ваша виписка з рахунку за 2004 рік за номером 07742676969 показує 786 невикористаних бонусних балів. Щоб отримати їх, зателефонуйте за номером 08719180248. Ідентифікаційний код: 45239. Термін дії закінчується."
spam,"ТЕРМІНОВО! Ваш мобільний номер отримав бонусний приз у розмірі 2000 гривень стерлінгів 09.05.2003. Це наша остання спроба зв'язатися з вами! Дзвінок зі стаціонарного телефону 09064019788 BOX42WR29C, 150 дзвінків за хвилину."
ham,"ось моя нова адреса - яблука, пари та вся ця нісенітниця"
spam,"Сьогоднішні номери Voda, що закінчуються на 7548, обрані для отримання винагороди у розмірі 350 доларів. Якщо у вас є збіг, зателефонуйте за номером 08712300220, назвавши код заявки 4041 у додатку зі стандартними тарифами."
ham,Я сьогодні йду на сао му. Закінчу лише о 12-й.
ham,"О передбачити, коли я закінчу купувати?"
ham,"Гарна річ, підійде."
ham,"Просто щоб ти знав, Тунде ще не надіслала грошей. Я щойно надіслав їй повідомлення, щоб вона не турбувалася про це. Тож все скінчено, тобі не потрібно ні в що втручатися. Мені не слід було нічого тобі нав'язувати, тому за це я вибачаюся."
ham,"Ви там, у кімнаті?"
ham,"ГЕЙ, ДІВЧИНКО. ЯК ТВОЇ СПРАВЖНІ УСІ ЩОСЬ ДОБРЕ. ЗНОВУ ТЕБЕ НЕ БУЛО! ДАВНО НЕ БУЛО! ПОДЗВОНИ МЕНІ ЧАС ВІД ЛЮСІ"
ham,К..к:)скільки це коштує?
ham,Я вдома.
ham,"Любий/люба, зателефоную завтра. Будь ласка, розмістю."
ham,Спочатку дайте відповідь на моє запитання.
spam,"Щотижнева вікторина «Сонячне світло»! Виграйте найкращий DVD-програвач Sony, якщо знаєте, в якій країні знаходиться Алгарве? Надішліть відповідь на номер 82277. грн1.50 SP: Тайрон"
spam,"Хочете переспати вдвох сьогодні ввечері? Хочете, щоб справжні місця для сексу з партнером надсилалися безпосередньо вашій групі? Приєднуйтесь до найбільшої мережі сексу з партнером у Великій Британії, надсилаючи SMS-повідомлення GRAVEL на номер 69888! Nt. ec2a. 31p.msg@150p"
ham,У мене є тільки msn. Це yijue@hotmail.com.
ham,Він там. Ти дзвониш і зустрічаєшся з ним.
ham,"Ні, ні. Я перевірю всі кімнати перед заходами."
spam,"Ви більше не отримуватимете повідомлення з чату. Щоб отримати БЕЗКОШТОВНІ хардкорні послуги, надішліть SMS-повідомлення GO на номер: 69988. Якщо нічого не отримаєте, перевірте вік у своєму операторі зв'язку та спробуйте ще раз."
ham,"Зрозумів... Мені ліньки друкувати... Я забув ü у викладі... Я бачив сумку, але вона не дуже гарна..."
ham,"К, напиши мені, коли будеш у дорозі."
ham,"Пане, чекаю на вашу пошту."
ham,Світла думка: «Ніколи не втомлюся робити дрібниці для милих людей...» Бо... іноді ці дрібниці займають найбільше місце в їхніх серцях... Боже мій!
ham,"Я знаю, що ти такий. Чи не міг би ти, будь ласка, відкрити задню частину?"
ham,"Так, побачимося, не одразу."
ham,"Як звати того співробітника, який проводить у нас заняття?"
spam,"Безкоштовне повідомлення Чому ви не відповіли на моє повідомлення? Я Ренді, сексуальна, жіночна і живу тут. З любов'ю чекаю на вас. Netcollex Ltd 08700621170150 копійок за повідомлення відповісти Зупинити, щоб завершити"
ham,"Умма, зателефоную після реєстрації. Наше життя почнеться з Катару, тому, будь ласка, дуже старанно моліться."
ham,"К..я видалив свій контакт, то чому?"
ham,Сінду отримав роботу в Бірла Софт..
ham,"Вино ллється рікою, а я ніколи..."
ham,"Так, я думаю, що кіно краще, бо не потрібно йти вниз, на площу 2."
ham,Гаразд... Типова відповідь...
ham,"Згідно з вашим запитом, мелодію виклику для всіх абонентів встановлено «Melle Melle (Oru Minnaminunginte Nurungu Vettam)». Натисніть *9, щоб скопіювати мелодію виклику вашого друга."
ham,"Ти скрізь у бруді, на підлозі, вікнах, навіть на моїй сорочці. А іноді, коли я відкриваю рот, ти — це все, що витікає звідти. Я мрію про свій світ без тебе, і тоді половина моїх справ також зникає. Час радості для мене, багато телешоу я подивлюся. Але, гадаю, як і все, ти просто маєш існувати, як дощ, град і туман, і коли мій час тут закінчиться, ми з тобою станемо одним цілим."
ham,"Аааааак, ти на роботі?"
ham,Я зараз виходжу з дому...
ham,"Привіт, коханий/кохана. Що ти робиш? Ти сьогодні був/була на тій співбесіді? Ти щасливий/щаслива? Ти хороший хлопчик? Ти думаєш про мене? Ти сумуєш за мною?"
spam,"Оголошення служби підтримки клієнтів. На вас чекає новорічна доставка. Будь ласка, зателефонуйте за номером 07046744435 зараз, щоб домовитися про доставку."
spam,Ви переможець. Вас спеціально відібрали. 2. Отримайте 1000 гривень стерлінгів готівкою або 4* відпустку (включно з авіаквитками). 3. Подайте заявку за телефоном 0871277810810.
ham,"Бережи себе для мене, бо ти мені потрібна, і я вже сумую за тобою, і я заздрю ​​всім, хто бачить тебе в реальному житті."
ham,Нова машина та будинок для моїх батьків. :) У мене лише нова робота на підмозі :)
ham,"Я так закоханий у тебе. Я радий кожному дню, проведеному з тобою. Ти робиш мене таким щасливим."
spam,"-БУДЬ ЛАСКА, ПРИПИНИСЬ bootydelious (32/Ж) запрошує тебе стати її другом. Дай відповідь ТАК-434 або НІ-434. Зустрінься з нею: www.SMS.ac/u/bootydelious СТОП? Надішліть STOP FRND на номер 62468."
spam,"BangBabes, твоє замовлення вже в дорозі. Ти ПОВИННА отримати сервісне повідомлення для завантаження свого контенту. Якщо ні, перейди на wap.bangb.tv у меню мобільного інтернету/послуг."
ham,Я вже розмістив усі твої бали на модулі електронних культур.
spam,ТЕРМІНОВО! Ми намагаємося зв'язатися з вами. За результатами розіграшу минулих вихідних ви ГАРАНтовано виграли приз у розмірі 900 гривень стерлінгів. Зателефонуйте за номером 09061701939. Отримайте код S89. Дійсний лише 12 годин.
ham,"Привіт, друже, як найкраще уникнути непорозумінь з нашими коханими?"
ham,"Чудова втеча. Мені подобається міст, але мені потрібне її лагер. Побачимося там."
ham,Так :) це зовсім не у формі:) Кларк також повна нісенітниця.
ham,"Пане, мені потрібен номер рахунку в AXIS BANK та адреса банку."
ham,"Хммм... Дякую, що в мене є час пострибати... Так, можу поїхати приблизно на 4 безкоштовні... Можу подзвонити тобі, щоб обговорити зв'язок..."
ham,О котрій годині ти пізніше спустишся?
ham,"Чорт забирай, не можу повірити, що ти забув моє прізвище, пане. Я тобі підкажу, воно іспанське і починається на ""м..."""
ham,"Ну, я зараз закінчу приймати ванну. Гарної... гарної ночі."
ham,"Дай мені знати, коли отримаєш гроші, щоб Карлос міг зателефонувати."
ham,Ти все ще ходиш до торгового центру?
ham,"Виявляється, мої друзі залишаться на весь виступ і не повернуться до ~<#>, тож сміливо йдіть і куріть ці $<#>"
ham,"Напиши їй. Якщо вона не відповість, дай мені знати, щоб вона могла увійти."
ham,"Привіт! Ви щойно розмовляли з МАНІШОЮ В. Ми хотіли б знати, чи ви задоволені нашим досвідом. Дайте відповідь на безкоштовний номер, скориставшись відповіддю «Так» або «Ні»."
ham,"Ви вселили в мене надію, пропонуючи гроші. Я їх потребую. Особливо, коли наближається кінець місяця, і це заважає моєму навчанню. У будь-якому разі, гарних вихідних."
ham,"Лол, ні. Ти можеш мені довіряти."
ham,Гаразд. Я джентльмен і ставитимуся до вас з гідністю та повагою.
ham,"Він буде, ви, хлопці, закриєте?"
ham,Нічого особливого. Бувай.
ham,"Привіт, красуне! Ти шукаєш ту роботу? Не лінуєшся? Працюєш над тим, щоб повернути ту сітку для матусі? Де зараз мій хлопчик? Він сумує за мною?"
ham,"Ха-ха, круто, буду там за хвилинку."
spam,"Будь ласка, зателефонуйте нашому представнику служби підтримки клієнтів за БЕЗКОШТОВНИМ НОМЕРОМ 0808 145 4742 з 9:00 до 23:00, оскільки ви ВИГРАЛИ гарантований приз у розмірі 1000 гривень стерлінгів готівкою або 5000 гривень стерлінгів!"
ham,"У вас є розклад різдвяних радіопередач? Якщо ні, я зараз його дізнаюся."
ham,"Я щойно дістався додому. Спочатку я піду помитися. Але моя сестра через інтернет каже тобі, коли закінчить..."
spam,Чи достатньо ви унікальні? Дізнайтеся з 30 серпня. www.areyouunique.co.uk
ham,"Вибач. Я належу до тих людей, які не підтримують зв'язок. Ти дуже багато для мене значиш. Ти завжди був другом, навіть за великі особисті витрати. Гарного тобі тижня."
ham,Привіт :) нарешті я закінчив курс :)
ham,"Це зупиниться саме по собі. Однак я пропоную їй залишитися з кимось, хто зможе давати оральні резерви за кожен стілець."
ham,"Як справи? Сподіваюся, ти вже влаштувався/влаштувалася на новий навчальний рік. Просто бажаю тобі чудового дня."
ham,"Щиро шановна, гарного дня тобі"
ham,Ви зрозуміли історію цієї людини?
ham,"Твій хом'як здох? Привіт, тож час чекати, зустрінемося о 13:00 в Orchard MRT?"
ham,"Привіт, це Кейт, як твій вечір? Сподіваюся, я зможу побачити тебе завтра ненадовго, але мені треба попрацювати! Напиши мені, якщо зможеш. :) xxx"
ham,"Знайшов, ENC <#>, де ти зараз?"
ham,Я тобі надіслав <$> доларів
ham,"Привіт, люба, я закінчила коледж, тож напиши мені, коли закінчиш, чи зможеш ти кохати Кейт xxx"
ham,Ваш рахунок успішно поповнено на суму <DECIMAL> INR. Баланс вашого передплаченого рахунку KeralaCircle становить <DECIMAL> Rs. Ідентифікатор вашої транзакції – KR <#>.
ham,"Доброго ранку, спиш."
ham,"Ти називаєш мене альтером об 11, гаразд."
ham,"Я кажу, що доки не куплю Ericsson, тому не можу нічого змінити..."
ham,"Коли я зайшов у свою каюту, моя особиста асистентка сказала: «З днем ​​народження, босе!!». Я відчув себе особливим. Вона запросила мене на обід. Після обіду запросила мене до себе в квартиру. Ми туди пішли."
ham,"Гаразд, чувак, це ж прямий пес."
ham,"Будь ласка, зв'яжіться з нами сьогодні до <DECIMAL> або поверніть кошти за рахунок"
ham,"Обидва :) я стріляю великими вантажами, тож готуйтеся!"
ham,"Як справи, друже, сподіваюся, у тебе були гарні канікули. Бажаю тобі насиченого семестру."
ham,"Вдома, щоб ми завжди могли спілкуватися"
ham,К:)к:)добре:)добре вчишся.
ham,Так... Як ти знаєш...
ham,Звучить чудово! Ти вже вдома?
ham,"Зрештою, матч прямує до нічиєї, як ви прогнозуєте."
ham,Втомився. Я погано спав останні кілька ночей.
ham,"Легко, а?сена вибрали, значить це добре.."
ham,Мені потрібно складати іспит 3 березня.
ham,"Так, тобі варто. Гадаю, ти вже можеш зареєструватися через свій банкомат GT. Не впевнений, але якщо є можливість, я можу допомогти, дай мені знати. Але коли зареєструєшся, переконайся, що ти готовий."
ham,"Добре, без проблем. Не поспішайте."
ham,"Існує операційна система під назвою ubandu, яка працює без встановлення на жорсткий диск... ви можете використовувати цю ОС, щоб скопіювати важливі файли в систему та віддати їх до ремонтної майстерні."
ham,"Вибачте, я подзвоню пізніше"
ham,"Ти кажеш, що нічого не сталося, лор. Не кажу, що це романтично, просто трохи, лор. Я думаю, що нічний пейзаж не такий гарний, лох."
spam,"500 нових мобільних телефонів 2004 року, ОБОВ'ЯЗКОВО! Надішліть SMS-повідомлення: NOKIA на номер 89545 та заберіть свій сьогодні! ВІД ЛИШЕ 1 гривняа стерлінгів www.4-tc.biz 2optout 087187262701.50 гривень стерлінгів/mtmsg18"
ham,"Буду дуже вдячний, якщо ви мені зателефонуєте. Мені просто потрібно з кимось поговорити."
spam,"Чи скоро ти зустрінеш партнера своєї мрії? Чи твоя кар'єра розпочалася стрімко? Дізнайся безкоштовно, надішли HORO, а потім свій знак зодіаку, наприклад, HORO ОВЕН."
ham,Hey company elama po mudyadhu.
ham,"Життя суворіше за вчителя... Бо вчитель спочатку проводить урок, а потім проводить іспити, але життя спочатку проводить іспити, а потім дає уроки. Доброго ранку..."
ham,"Любий, доброго ранку, тільки я встав"
ham,Спустіться в Гандіпурамі та пройдіть до перехрестя. З’їжджайте на праву сторону вулиці <#> та поверніть на першому повороті праворуч.
ham,"Любий, ми йдемо до нашого гумового закладу."
ham,"Вибачте, батарейка розрядилася, так, я тут."
ham,Так :) тут телевізор завжди доступний на робочому місці..
spam,"Напиши повідомлення та зустрінь когось сексуального сьогодні. Ти можеш знайти пару або навіть пофліртувати – це залежить від тебе. Приєднуйся до 4 всього за 10 копійок. ВІДПОВІДЬ, вказавши ІМ'Я ТА ВІК, наприклад, Сем 25. 18 – повідомлення надіслано на адресу retard@thirtyeightpence."
ham,"Я це роздрукував, о. Тож <#> піднімайтеся нагору"
ham,"Або буду трохи ближче, як-от на автобусній зупинці на тій самій вулиці"
ham,Де ти? Коли ти сюди доберешся?
ham,"Нова теорія: Суперечка виграє СИТУАЦІЮ, але програє ЛЮДИНІ. Тож не сперечайтеся з друзями, просто... стукніть їх і кажіть: «Я завжди правий!»"
spam,"У тебе є таємний шанувальник, який шукає тебе, щоб зв'язатися з тобою — дізнайся, хто вони? Розкрий, хто вважає тебе такою особливою — зателефонуй за номером 09058094597"
ham,"У Томарроу відбудеться останнє слухання у справі мого ноутбука, тому я не можу."
ham,"БУДЬ ЛАСКААААААААА, ТЕЛЕФОНУЙТЕ МЕНІ, ЩО ЗАВЕРШИЛО СПОРТ"
ham,"Гаразд. Ні, ні, просто блищу. Це мало бути автографом, але так звучить краще."
ham,"Хоча я тобі казала, що зараз мені подобаються годинники з великими циферблатами, але мені дуже подобається той годинник, який ти подарувала, бо він від тебе. Дякую за все, що ти сьогодні зробила, я зворушена..."
ham,Ти не пам'ятаєш ту стару рекламу?
ham,"Занадто пізно. Я сказав, що в мене є вебсайт. У мене ж немає капців, чи вони мені не потрібні."
ham,"Я ж просив тебе зателефонувати йому зараз, добре."
ham,Калліс не б’є битою у 2-му інінгу.
ham,"Знову не спрацювало, о. Гаразд, тоді на добраніч. Я полагоджу і буду готовий до того часу, як ти прокинешся. Дуже за тобою сумую, гарного сну."
spam,Вітаємо! Ви отримали 500 ваучерів на компакт-диски або 125 подарунків. Вхід безкоштовний. 2 щотижневих розіграші по 100. Надішліть SMS з текстом MUSIC на номер 87066 TnCs www.Ldew.com1win150ppmx3age16
ham,Ранджит кал дрпд Дірадж та Діпак 5 хв утримувати
ham,"Коли твоя мила людина дуже злиться на тебе, не сприймай це серйозно... Бо злитися - це найдитячіший і найщиріший спосіб виявити глибоку прихильність, турботу та любов!.. Тобі дуже приємно... Гарного дня."
ham,Що робиш? Як справи?
ham,"UPS, яка також доставляється 3 дні, та транспортна компанія, яка доставляє 2 тижні. Інший спосіб - USPS, який доставляється тиждень, але коли починається затримка, можливо, доведеться підкупити nipost, щоб отримати свої речі."
ham,"Я повернувся, дай мені знати, коли ти будеш готовий"
ham,"Не сподівайся, що це буде зроблено до твого повернення, бо я щойно вирушаю."
ham,"Ммм, така смачна, крихітко... Гарний поштовх для Сьюзі"
ham,"Де ти, коханий/кохана? Ти мені потрібна..."
spam,Ми намагалися зв'язатися з вами щодо вашої відповіді на нашу пропозицію: відеотелефон? 750 хвилин у будь-який час у будь-яку мережу? НЕОБМЕЖЕНІ SMS? Відеокамера? Дайте відповідь або зателефонуйте за номером 08000930705 ЗАРАЗ.
ham,"Я припаркувався біля МІНІ!!!! Як думаєш, коли ти сьогодні приїдеш?"
ham,Так
ham,"У будь-якому разі, я зараз йду по магазинах сама. Бо моя сестра ще не закінчила. Не заважай тобі, ляо."
ham,"МІЙ НОМЕР У ЛУТОНІ 0125698789 ЗАТЕЛЕФОНУЙТЕ МЕНІ, ЯКЩО БУДЕТЕ ПОКРУГ! ПРИВІТ"
spam,"Привіт, я дуже збуджена, хочу поспілкуватися або побачити мене голою, напиши гаряче на номер 69698, стягується о 150 вечора, щоб відписатися, напиши зупинись на номер 69698."
ham,Чому ти не пішов з нами?
ham,Те саме. Тоді планую якось поїздку.
ham,"Ще не впевнений, все ще намагаюся з ним зв'язатися."
spam,"Ваш сервіс дзвінків змінився! 25 безкоштовних кредитів! Перейдіть на club4mobiles.com, щоб вибрати контент зараз! Зупинити? Надішліть CLUB STOP на номер 87070. 150 копійок/тиждень Club4 PO Box1146 MK45 2WT"
ham,Evo. Мені просто довелося завантажити флеш. Заздриш?
spam,Клуб рингтонів: Отримуйте щотижня на свій мобільний чарт синглів Великої Британії та обирайте будь-який високоякісний рінгтон! Це повідомлення безкоштовне.
ham,"Приходьте до му, ми вирішуємо нашу ситуацію з наркотиками."
ham,"Ніч закінчилася для ще одного дня, ранок настав особливим чином. Нехай ти посміхаєшся, як сонячні промені, і залишаєш свої турботи в блакитній блакитній затоці."
spam,СПЕЦІАЛЬНА БОНУСНА ПРОПОЗИЦІЯ HMV. Ви можете виграти справжні ваучери HMV на суму 500 гривень. Просто дайте відповідь на 4 простих запитання. Грайте зараз! Надішліть HMV на номер 86688. Більше інформації: www.100percent-real.com
ham,"Гадаю, USF, можна взяти одну машину."
ham,Без заперечень. Мій хлопець не прийде.
ham,Дякую...
ham,"Скажи Робу, щоб трахнув свою дівчину в театрі"
ham,"Чудово, побачимося трохи згодом"
ham,Щойно надіслав. Тож яку їжу ти любиш?
ham,Все готово? Все здано? Святкування вже в розпалі?
ham,Тебе назвали інструментом?
ham,"«Якщо ти сумуєш за кимось, ця людина точно особлива для тебе... Але якщо ця людина така особлива, то навіщо сумувати, просто підтримуй зв'язок» де..."
ham,"Добре. Я попросив грошей, як далеко"
ham,Гаразд...
ham,"Так, здається, мій звичайний хлопець досі непритомнів з минулої ночі. Якщо зв'яжешся з кимось, дай мені знати, і я все викладу."
ham,"К, я можу прийти сьогодні ввечері, якщо мої заняття закінчаться раніше."
ham,Добре..
ham,"Привіт, крихітко, я в круїзі зі своєю дівчиною, як справи, двоє? Зателефонуй мені за годину додому, якщо все гаразд, або зателефонуй мені на цей телефон зараз, любов Дженні xxx"
ham,"Моє життя багато для мене значить, Не тому, що я люблю своє життя, А тому, що я люблю людей у ​​своєму житті, Світ називає їх друзями, я називаю їх своїм світом :-).. Ге:-).."
ham,"Люба, напишу сьогодні ввечері. На вулиці багато справ, повідомлю тобі про новини. Все виглядає добре. Варуннатху едуккукайі ракша оллу. Але в справжньому сенсі це добре."
ham,"Гей, ти сказав своє ім'я Готему, а?"
ham,"Ти його знайшов? Я почуваюся таким дурнем, що камера працювала."
ham,Ой. Четверо зрозуміли цей фрагмент.
ham,Ти такий зайнятий?
ham,"Я випадково видалив повідомлення. Надішліть ще раз, будь ласка."
spam,Клієнти T-Mobile можуть отримати БЕЗКОШТОВНЕ оновлення ТЕЛЕФОНУ З КАМЕРОЮ та SIM-картку з передплатою за програмою лояльності. Зателефонуйте за номером 0845 021 3680. Пропозиція діє до 28 лютого. Діють правила та умови.
ham,"Хіба що це ситуація, коли YOU GO GURL було б більш доречним"
ham,"Зроби мені боляче... Дражни мене... Доведи мене до сліз... Але в кінці мого життя, коли я помру, будь ласка, залиш одну троянду на моїй могилі і скажи: ДУРНЕЦЬ, Я СУМУЮ ЗА ТЕБЕ... ГАРНОГО ДНЯ, BSLVYL"
ham,"Я зараз не можу відповісти на телефон. Будь ласка, надішліть повідомлення."
ham,"Потрібна кава на винос? Не можу повірити, що вже настала ця пора тижня."
ham,"Круто, пам'ятаю, як востаннє ми когось вперше підкурили дизелем :V"
ham,"Хіба що шокуюче та страшне, навіть уявити не можу. Однозначно готовий провести ніч. Як думаєш, чи є десь, де я міг би переночувати, заощаджуючи на таксі?"
ham,"О, і до речі, у тебе в холодильнику справді є більше їжі! Хочеш піти кудись повечеряти сьогодні ввечері?"
ham,Він актор-жінка
spam,"SMS. Побачення наосліп для всіх!: Rodds1, 21 рік, з Абердина, Велика Британія. Подивіться на нього http://img. sms. ac/W/icmb3cktz8r7!-4 немає побачень наосліп надіслати ПРИХОВАТИ"
ham,"Так... З того, що я пам'ятаю... гадаю, варто було б забронювати..."
ham,"Джос питає, чи хочеш зустрітися?"
ham,"Лол, так. Наша дружба висить на волосині, бо ти нічого не купуєш."
spam,"TheMob> Перегляньте нашу найновішу добірку контенту, ігор, мелодій, пліток, красунь та спорту, підтримуйте свій мобільний телефон у формі та надсилайте круті текстові повідомлення через WAP на номер 82468"
ham,Де ключі від гаража? Їх немає на книжковій полиці.
ham,"Сьогодні ДЕНЬ ПРИЙНЯТТЯ.. Ти приймаєш мене як? Брата, Сестру, Коханого/Кохану 1, Найкращого/Близьку 1, Закохану/Заміжню, Щиру френдку, Милу френдку, Партнера подружнього життя, Кохану/Сестру, Найкращу френдку. Ні, просто ворога."
spam,"Вважаєте себе розумним? Виграйте 200 гривень стерлінгів цього тижня в нашій щотижневій вікторині, надішліть PLAY на номер 85222 зараз! Правила та умови WinnersClub PO BOX 84, M26 3UZ. 16+. 1,50 гривень стерлінгів/тиждень"
ham,"Він каже, що зателефонує мені, коли його друг отримає гроші, але що він точно купить до кінця тижня."
ham,"Привіт, те, як я була з тобою два дні, це нормально, і це справжня я. Ти унікальна, і я сподіваюся, що знатиму тебе все своє життя. Сподіваюся, ти знайдеш те, що було втрачено."
ham,Ти зробив мій день. Тобі теж гарного дня.
ham,"Кк:) заздалегідь, щасливого понгалу."
ham,"Хмм... Здається, ми можемо пройти 4 кб пауер-йогу... Ха-ха, не знаю, чи можемо ми зайнятися пауер-йогою ще раз... Дякую, зрозумів, забув про ляо..."
ham,"Не зовсім, чувак, боюся, що в мене немає друзів :("
spam,Тільки у грудні! Ваш мобільний телефон користувався 11 місяців і більше? Ви маєте право безкоштовно оновити його до останньої версії з кольоровою камерою! Зателефонуйте до компанії The Mobile Update Co БЕЗКОШТОВНО за номером 08002986906
ham,"Кавовий торт, мабуть..."
ham,"З Різдвом Христовим і тобі, люба, я тебе люблю *цілую*"
ham,"Гей... Чому б нам просто не піти подивитися ""Людей Ікс"" і пообідати... Ха-ха"
ham,"Можеш сказати людям, що я трохи позбудуся L8, бо вже проїхало 2 автобуси, вони були повні, а я все ще чекаю. Піт х"
ham,Це було б чудово. Ми будемо в Гільдії. Можемо зустрітися на Брістоль-роуд чи деінде — зв'яжемося на вихідних. Наші плани втілюються в життя! Гарного тижня.
ham,Нема за що. Як справи?
ham,Немає дзвінків..повідомлень..пропущених дзвінків
ham,"Привіт, тату:) як сьогоднішнє заняття?"
ham,"Я б сказав, що це хороший знак, але, ну, ви ж знаєте мій досвід у розумінні жінок."
ham,"Класно, напиши мені, коли припаркуєшся."
ham,"Я читаю повідомлення, яке щойно тобі надіслав. Це жарт. Тож прочитай його в такому світлі."
ham,Кк:)апо к.гарний фільм.
ham,"Можливо, мені варто було б дістати книгу Томо, а потім одразу ж повернути її...? Або щось таке."
spam,Телефонуйте до Німеччини лише за 1 пенні за хвилину! Дзвоніть зі стаціонарного телефону через номер доступу 0844 861 85 85. Без передоплати. Прямий доступ!
ham,"Будь-який шанс, який у вас міг бути зі мною, зник, щойно ви порушили мою конфіденційність, вкравши мій номер телефону з документів вашого роботодавця. Зовсім не круто. Будь ласка, більше не зв'язуйтесь зі мною, інакше я повідомлю про вас вашому керівнику."
spam,Спеціальна пропозиція до Дня святого Валентина! Виграйте понад 1000 гривень стерлінгів у нашій вікторині та візьміть свого партнера у подорож усього життя! Надішліть GO на номер 83600 зараз. 150 копійок/повідомлення отримано. Обслуговування клієнтів: 08718720201.
ham,"Та-Дааааа! Я вдома, люба, ти ще не спиш?"
ham,Круто. То чому тебе раніше не пригощали вином і не повечеряли?
ham,Просто сплю... і серфую
ham,"Вибачте, я подзвоню пізніше"
ham,"Ти мені телефонуєш, так? Подзвони на мій ручний телефон..."
ham,"Добре, це чудово, дуже дякую."
ham,"Я так розумію, що лист надійшов! У тебе, мабуть, вже тисячі повідомлень! Приємного читання. Моє найулюбленіше повідомлення від Вільяма Привіт, Керолайн, в кінці. Благословляй його."
ham,"Де ти ховався, незнайомцю?"
ham,Мені не цікаво так робити.
ham,Моя сестра вчора вибила два раунди в бірлі софт.
ham,Гуднайт...тк...тренування триває
ham,Це йіджуе. Я щойно бачив твій лист. Якщо Хуімінг не надіслав тобі свій номер. Це мій номер.
ham,Одна невелика проблема престижу тепер.
spam,"Хочеш переспати? Мені так. Зацікавлені? sextextuk.com надішліть SMS-повідомлення XXUK SUZY на номер 69876. Вартість повідомлень 1,50 за повідомлення. Застереження на сайті. X"
ham,"Просто перевіряю, як ти. Дуже сумую за Єремією. Гарного місяця."
ham,"Ні, тут нічим не можу допомогти, у мене ніколи не було айфона."
ham,"Якщо ти не сядеш у мою машину через півтори години, я збожеволію."
ham,"СЬОГОДНІ день вибачень! Чи я колись на тебе злився, чи я колись погано поводився чи завдав тобі болю? Будь ласка, будь ласка, ПРОСТО ДАЙ САМІ ЛАПАРАЗА, бо це твоя вина, я ж ХОРОШИЙ."
ham,"Гей, ви коли-небудь рахували, скільки нам потрібно на алкоголь? Ми з Джеєм намагаємося з'ясувати, скільки ми можемо безпечно витратити на травичку."
ham,<#> ПРИБЛИЗНО ХВИЛИН БУЛО 5 ХВИЛИН ТОМУ. ЩО ЗА ЧОРТ.
ham,"Дякую, що зателефонували. Забув привітати тебе з Онамом, Сірджі. Мені тут добре, я згадав тебе, коли зустрів страховика. Зустрінемося в Катарі, інша Аллах. Рахеш, колишній Tata AIG, який приєднався до TISSCO, Тайсір."
spam,Вітаємо! Ви отримали 500 ваучерів на компакт-диски або 125 подарунків. Вхід безкоштовний. 2 щотижневих розіграші по 100. Надішліть SMS з текстом MUSIC на номер 87066 TnCs www.Ldew.com1win150ppmx3age16
spam,"Ваш готівковий баланс зараз становить 500 гривень. Щоб максимізувати свої готівкові надходження, надсилайте ГОТІВКУ на номер 86688, лише 150 копійок/повідомлення. Копія: 08708800282 HG/Suite342/2Lands Row/W1J6HL"
ham,"Я актор. Коли я працюю, я працюю ввечері та сплю допізна. Оскільки я зараз безробітний, я ЗАВЖДИ сплю допізна. Коли ти безробітний, кожен день – субота."
ham,"Привіт! Тільки що приїхав, Сент-Ендрюс, це далеко! Холодно. Я буду тримати тебе в курсі."
ham,Ха-ха круто круто чікку чікку:-):-DB-)
ham,"О, гаразд, без проблем.."
ham,Перевірте статус Одрі прямо зараз
ham,Зайнятий тут. Намагаюся закінчити до Нового року. З нетерпінням чекаю нарешті зустрічі з тобою...
ham,"Доброго дня, сонечко! Як світає цей день? Чи ми бадьорі та щасливі, що живемо? Чи ми вдихаємо повітря та посміхаємося? Я думаю про тебе, моя любов... Як завжди..."
ham,"Ну, я знаю, що Z подбає про мене. Тож не хвилюйся."
spam,"Оновлення_зараз – різдвяна пропозиція! Найновіші телефони Motorola, SonyEricsson та Nokia і БЕЗКОШТОВНИЙ Bluetooth! Подвійна кількість хвилин та 1000 текстових повідомлень на Orange. Зателефонуйте MobileUpd8 за номером 08000839402 або call2optout/F4Q="
spam,"Ось ваш код знижки RP176781. Щоб припинити надсилання подальших повідомлень, надішліть відповідь на це повідомлення. www.regalportfolio.co.uk. Служба підтримки клієнтів 08717205546"
ham,Яка форма? Де взяти?
ham,"Класно, напиши мені, коли будеш готовий/готова."
ham,"Привіт, мій хлопчику... Таааак, я вже сумую за тобою, а я щойно прокинулася. Шкода, що ти не був тут, у ліжку, зі мною, обіймав мене. Я люблю тебе..."
ham,Я теж тебе в ліжку побалую :)
ham,"Я йду приймати ванну, напишу тобі наступну <хв>.."
ham,"Я не можу продовжувати розмовляти з людьми, якщо не впевнений, що зможу їм заплатити, якщо вони погодяться на ціну. Тож, будь ласка, скажіть мені, що ви насправді хочете купити і скільки ви готові заплатити."
spam,"Дякуємо за ваше замовлення мелодії дзвінка, номер T91. З вас стягуватиметься 4 гривні стерлінгів на тиждень. Ви можете будь-коли відмовитися від підписки, зателефонувавши до служби підтримки клієнтів за номером 09057039994."
ham,"Чи можете ви сказати, що сталося?"
ham,Ти міг мене побачити... я не впізнав твого обличчя. :)
ham,"Ну, в Ліндсі на Новий рік небагато чого відбувається *зітхає*. У деяких барах у Портсмуті та в блакитній чаплі щось відбувається."
ham,"Збережу мій паясам там, якщо Ріну принесе"
ham,"Я вчив, що мені телефонував сер Ранджит. Тож я писав такі повідомлення. Бо він перевіряє інформацію про проєкт. Прабу сказав сьогодні, тож тільки, пане, не сплутайте мене.."
ham,"Гадаю, саме тому ти хвилюєшся. Ти ж знаєш, що організм відновлюється якось самостійно. І я впевнена, що тобі не варто хвилюватися. Ми не поспішатимемо. Спочатку тести, вони покажуть, коли в тебе овуляція, а потім просто розслабся. Ніщо з того, що ти сказала, не є причиною для занепокоєння, але я продовжуватиму стежити за тобою."
ham,"Так, звісно, ​​дайте мені кілька хвилин, щоб знайти свій гаманець."
ham,"Гей, залиш це. Нічого страшного :-) Бережи себе."
ham,"Гей, я запізнюся... Зустрінемося о 9:45+"
spam,"Подвійна вартість хвилин та текстових повідомлень 4 6 місяців БЕЗКОШТОВНОГО Bluetooth на Orange. Доступно для телефонів Sony, Nokia Motorola. Зателефонуйте до MobileUpd8 за номером 08000839402 або call2optout/N9DX"
ham,Містеру Сові знадобилося 3 лизання
ham,"Місце для клієнтів, я вам зателефоную."
ham,"Мм, того разу тобі не подобаються розваги"
spam,"Оренда Orange Line за півціни на 4 місяці та новітні телефони з камерою 4 БЕЗКОШТОВНО. Ваш телефон користувався 11 місяців? Зателефонуйте безкоштовно до MobilesDirect за номером 08000938767, щоб оновити його зараз! or2stoptxt"
ham,"Так, зараз обідаю на шведському столі... Ти вже поїв?"
ham,"Хм, так пізно... Вечеря на свіжому повітрі?"
ham,"Гей, тож цієї суботи ми йдемо лише на вступний пілатес? Чи ще й на кікбоксинг?"
ham,Тільки вранці я можу добре.
ham,"Так, здається. Я в офісі, але мої коліна в кімнаті, здається, це було ввімкнено останні кілька днів. Я не вимикав його."
ham,Забираємо тебе приблизно о 7:30? О котрій годині і що буде?
ham,"З цього моменту премія за результатами роботи розраховується кожні два місяці, а не за поточний місячний період."
ham,"Насправді спав і, можливо, ще спатиму, коли ти передзвониш. Тож повідомлення — це чудово. Ти молодець, сестро. Надішлю тобі повідомлення, коли прокинуся."
ham,"Ти завжди виставляєш себе на показ. Ти публікуєш фотографії своєї дупи у Facebook. Ти одна з найвідкритих людей, яких я коли-небудь зустрічала. Чому я маю думати, що фотографія твоєї кімнати може тебе образити, змусити тебе почуватися зґвалтованою?"
ham,"Доброго вечора, сер, Ас Салам Вахлейкум. Ділюся радісною новиною. З Божою допомогою я отримав пропозицію від Тайсіра, TISSCO, і я приєднався. Сподіваюся, у вас все добре. Інша Аллах, зустрінемося колись. Ракшеш, гість з Індії."
ham,"Хммм... добре... але я хочу швидко змінити поле, так :-) Я хочу отримати системного адміністратора або мережевого адміністратора.."
spam,"БЕЗКОШТОВНИЙ РИНГТОН, надішліть FIRST на номер 87131 для поліфонічного дзвінка або GET на номер 87131 для True Tone! Допоможіть? 0845 2814032 16 після першого безкоштовного дзвінка, 3 мелодії коштують грн150 за тиждень до кінця, і текст зупиняється."
ham,"Люба, як справи у Чечі? Ти з нею розмовляла?"
ham,Крем для волосся не був відправлений.
ham,"Нічого з цього не станеться, поки ти сюди не приїдеш."
ham,"Так, велике спалювання різдвяної ялинки з локсахачі розпочнеться через годину."
ham,"Ха-ха, звикай їздити до USF, чувак, я знаю багато курців."
ham,"Все було добре, доки сьогодні ввечері не відбулося трохи жахливе заняття з моїми улюбленими! Сподіваюся, вихідний буде в порядку. Кава буде добре, бо завтра не можна залишатися допізна. Той самий час і місце, що й завжди?"
ham,Привіт! Гарний тиждень? Хочете випити чи чогось пізніше?
ham,Прямуючи до автобусного вокзалу
ham,"Повідомлення: бракує певного тексту* Відправник: Бракує імені* *Братує номера *Братує дати відправлення *Ти дуже відсутній, отже, все відсутнє надіслано через fullonsms.com"
ham,"Заходь якось до нас у кімнату, щоб ми могли узгодити плани на ці вихідні."
ham,"Бо я хочу, щоб це було твоє"
ham,"Гаразд... я теж піду, Ян Цзю... Ми можемо пропустити Ард Осо, піти в кіно, піти в МРТ один, бла-бла-бла..."
ham,Принеси додому трохи Венді =D
spam,"100 сервісів знайомств, тел. 09064012103, box334sk38ch"
ham,Що там? Хіба ти не хочеш спати?
ham,"Добре, тепер у мене нова мета"
spam,"БЕЗКОШТОВНА участь у нашому щотижневому конкурсі на 250 гривень стерлінгів, просто надішліть слово WIN на номер 80086 NOW. 18 Правил та умов www.txttowin.co.uk"
ham,"Добре, я піду за кілька хвилин, напиши мені, де зустрітися."
spam,"Надішліть логотип двом вашим коханим - 2 імені, з'єднані серцем. Надішліть SMS-повідомлення LOVE NAME1 NAME2 MOBNO, наприклад, LOVE ADAM EVE, на номер 07123456789, на номер 87077. Yahoo! POBox36504W45WQ. SMS-повідомлення 4, без реклами, 150 копійок."
ham,Так :) з минулого тижня я приймаю прямий дзвінок.
spam,"Хтось зв'язався з нашою службою знайомств і ввів ваш номер телефону, бо ви йому подобаєтесь! Щоб дізнатися, хто це, зателефонуйте зі стаціонарного телефону за номером 09111032124. PoBox12n146tf150p"
ham,"Сіва в гуртожитку, ага:-."
spam,ТЕРМІНОВО! Ваш мобільний номер ГАРАНтовано отримав приз у розмірі 2000 гривень стерлінгів. Зателефонуйте за номером 09058094455 зі стаціонарного телефону. Замовте 3030. Дійсно лише 12 годин.
ham,Надішліть це своїм друзям і отримайте щось про свій голос..... Який у мене вираз обличчя? 1. Дитячий 2. Неслухняний 3. Сентиментальний 4. Галасливий 5. Сповнений настрою 6. Романтичний 7. Сором'язливий 8. Привабливий 9. Смішний <#> .Дратуючий <#> .Милий. Дайте мені відповідь..
ham,Добре. З нею все буде гаразд. Гадаю.
ham,"Аатхі... де ти, люба?.."
ham,"Чи є біль при сечовипусканні, що-небудь ще?"
ham,"7 на Еспланаді.. Чи не могли б ви мене підвезти, бо в мене сьогодні немає машини.."
ham,"Я хочу терміново купити машину BMW... це дуже терміново. Але в мене не вистачає лакхів. Немає джерела, щоб дізнатися цю суму. Лакхів... це моя проблема."
ham,"Вдома дивлюся телевізор, Лор."
ham,"Їй зазвичай потрібно п'ятнадцять хвилин, щоб відповісти на запитання «так» чи «ні»?"
spam,"Вітаємо! Відеокамера Nokia 3650 – це те, що вам потрібно. Телефонуйте 09066382422. Вартість дзвінків – 150 копійок за хвилину. Середня тривалість дзвінка – 3 хвилини, в залежності від мобільного телефону. 16+. Закрити. 300603 post BCM4284 Ldn WC1N3XX."
ham,Забронювали квиток на Понгал?
ham,Ти зараз вільний? Я десь біля Гіллсборо & <#>
ham,У надісланому повідомленні запитується <#> доларів. Чи варто мені платити <#> чи <#>?
ham,"Запитай у g чи iouri, я вже розповідав цю історію разів десять."
ham,Скільки часу триває трахання з яблуками?
ham,"Привіт, сподіваюся, ти отримав цей текст~подорож не була довгою, зараз запізнення приблизно на 50 хвилин, здається."
ham,Але я мушу. Я люблю кохання та організовувати.
ham,"Так... він справді чудовий... бхаджі сказав Каллісу, що він найкращий гравець у крикет після Сачина у світі :). Його дуже важко вивести з гри."
ham,Ти мав розбудити МЕНЕ 😉 :(
ham,"Ой... Я теж його бачив, але я не думав, що він зі мною... Я знайшов групу зв'язків..."
ham,"Вибачте, я подзвоню пізніше"
ham,"«ГЕЙ, ГЕЙ, ВИ, МОЖЕТЕ, МАВПИ? ЛЮДИ КАЖУТЬ, ЩО МИ МАВПИ! ПРИВІТ, КРАСУНЕЦЬ, ЯК СПРАВИ? ЗНАЙШОВ СЕБЕ КОВБАСКУ? ЛЮБЛЮ ДЖЕН XXX»"
ham,"Вибачте, у мене розрядилася батарейка, я можу прийти, але поки що беру лише грам, де ви знаходитесь?"
ham,"Молодець, ой-ой, вправа, так, я ніби пам'ятаю, що це таке, хм."
ham,"Я не зосереджуся, люба, ти ж знаєш, що ти — мій розум і все таке :-)"
ham,ЛОЛ ... Ви вже склали плани на новий рік?
ham,Через 10 хвилин к...
ham,щиро дякую!
ham,"Дякую за цю надію, у тебе сьогодні був гарний день"
ham,K:)k:) які деталі ви хочете передати? рахунок недостатньо?
ham,"Добре, я скажу їй не виходити. Так, було важко, але ми сподіваємося, що цього місяця ситуація покращиться."
spam,Позика на будь-які цілі від 500 до 75 000 гривень стерлінгів. Ласкаво просимо домовласників та орендарів. Вам раніше відмовляли? Ми все ще можемо допомогти. Зателефонуйте безкоштовно за номером 0800 1956669 або надішліть SMS-повідомлення зі словом «допомога».
ham,"Так-так. Думаю, я піду спекти ті трюфелі з Орео."
ham,"ДИВИСЬ НА ЕМІ, ТИ ПРЕКРАСНА, РОЗУМНА ЖІНКА, І ТИ МЕНІ ДУЖЕ ПОДОБАЄШСЯ. Я ЗНАЮ, ЩО ТИ МЕНЕ ТАК НЕ ПОДОБАЄШСЯ, ТОЖ НЕ ХВИЛЮЙСЯ."
ham,"Сподіваюся, це результат твого постійного розуму та доброти. Почни розпитувати його про посилання на практикуми, тримай вуха напоготові та бажаю тобі всього найкращого. ttyl"
ham,"1,20 коштує цей дзвінок. Що, гадаю, непогано. Сумую за тобою, потребую тебе, хочу тебе, люблю тебе."
ham,"Переживаю зовсім інші почуття. Невпевнені рішення та подолання тих самих труднощів – це та сама людина. Час зцілить усе, у що я вірю."
ham,"Куди ти подівся? Мій телефон розрядиться, тобі треба тут залишитися."
ham,Чудово. Ніколи не було краще. Кожен день дає ще більше причин дякувати Богові.
spam,"Клієнте UpgrdCentre Orange, тепер ви можете отримати БЕЗКОШТОВНЕ оновлення ТЕЛЕФОНУ З КАМЕРОЮ в рамках програми лояльності. Зателефонуйте зараз за номером 0207 153 9153. Пропозиція діє до 26 липня. Діють правила та умови. Відмова можлива."
ham,"Вибач, я подзвоню пізніше, добре, бувай."
ham,"Добре, я їду до залізниці"
ham,Чудова принцесо! Я люблю давати та отримувати оральний секс. Доггі-стайл — моя улюблена поза. А тобі? Мені подобається кохатися <#> разів на ніч :)
ham,"Вони ж не кладуть це на дороги, щоб там не було слизько?"
ham,Коли ти збираєшся кататися на велосипеді?
ham,"Так, не потрібно. Я просто почекаю 4 хвилини, дощ 2 зупинки."
ham,Там багато гостей. Скажіть мені мову.
spam,"okmail: Шановний Дейве, це твоє останнє повідомлення для отримання твого 4* відпочинку на Тенерифе або грошової винагороди №5000! Зателефонуй за номером 09061743806 зі стаціонарного телефону. TCs SAE Box326 CW25WX 150 стор./хв."
ham,"Скільки ж часу минуло відтоді, як ти кричала, принцесо?"
ham,"Нічого. Я мав на увазі, що як тільки гроші надходять на ваш рахунок, банк зніме свою фіксовану ставку. Хтось перерахував <#> на мій рахунок, а <#> доларів було знято. Отже, банки відрізняються, і комісії також відрізняються. Переконайтеся, що ви довіряєте людині з 9ja, якій надсилаєте реквізити рахунку, тому що..."
spam,"Хочеш переспати вдвох сьогодні ввечері? Хочеш, щоб справжні місця для догінгу надсилалися безпосередньо твоїй банді? Приєднуйся до найбільшої мережі догінгу у Великій Британії, надіславши SMS-повідомлення MOAN на номер 69888Nyt. ec2a. 31p.msg@150p"
ham,"Гарні слова, сказані розбитим серцем - Будь ласка, не кінчай ще раз переді мною... Інакше я знову довірятиму тобі... Молодець :)"
ham,"Добре, я збираюся їхати до USF приблизно за п'ятнадцять хвилин."
ham,"Люблю тебе, Ааті... дуже люблю тебе.."
ham,"Напруга, а? яка машина? якась проблема?"
ham,"К, можна мені взяти ще 8-й, коли ти закінчиш?"
ham,"Коли ви, хлопці, повертаєтеся? Дж. сказав, що ви думаєте не залишатися на MCR."
ham,"Майже готово, побачимося за секунду"
ham,"Йой, Карлосе, кілька друзів вже питають мене про тебе, ти взагалі працюєш цими вихідними?"
ham,"Дивлюся телевізор, лор..."
ham,"Дякую, люба! Не можу дочекатися, щоб скуштувати справжнє..."
ham,Тобі варто змінити свій фейсбук на jaykwon thuglyfe falconerf.
ham,"Якщо ми переможемо, то це дійсно буде команда номер один надовго."
spam,"БЕЗКОШТОВНЕ ПОВІДОМЛЕННЯ Активуйте свої 500 БЕЗКОШТОВНИХ текстових повідомлень, відповівши на це повідомлення словом БЕЗКОШТОВНО. Щоб ознайомитися з умовами та положеннями, відвідайте www.07781482378.com"
ham,Дорога залізниця. Що з тобою сталося?
ham,"Залежить від якості. Якщо ви хочете такий, як я надіслав, ""Failed Glory"", то приблизно 6. Якщо хочете ""Ralphs"", можливо 2."
ham,"Здається, я це виправив. Чи можете ви надіслати тестове повідомлення?"
ham,"Вибач, чувак, мій рахунок порожній, інакше я б зробив це. Якщо хочеш, ми могли б обміняти половину, або я міг би купити якусь нісенітницю своєю кредитною карткою."
spam,"Вітаємо! Спеціальний річний абонемент у кіно для двох ваш. Телефонуйте за номером 09061209465 зараз! C Супермен V, Матриця 3, Зоряні війни 3 тощо – всі 4 БЕЗКОШТОВНО! bx420-ip4-5we. 15:50. Не пропустіть!"
ham,"Вибачте, під час зустрічі я подзвоню пізніше."
ham,Який клас зустрічі випускників?
ham,Ти зараз вільний/вільна? Можна мені зараз зателефонувати?
ham,Зрозумів... Коли?
ham,"Ні... Думаю, я піду на це в понеділок... Вибачте, я відповів так пізно."
ham,"Деякі з них сказали, що Accenture не підтверджено. Чи це правда?"
ham,"Центр відпочинку Кейт Джексон приблизно до 7-ї, чи не так?"
ham,"Любий/люба, у мене є кімната для гостей"
ham,"Боротися зі світом легко, ти або виграєш, або програєш, але боротися з кимось близьким до тебе важко. Якщо ти програєш - ти програєш, якщо ти виграєш - ти все одно програєш."
ham,Коли ти можеш вийти?
ham,Зверніться до невролога.
ham,Лолніс. Я перетворився з риби на... воду.?
spam,"+123 Вітаємо! У розіграші цього тижня ви виграли приз у розмірі 1450 гривень стерлінгів. Щоб отримати його, просто зателефонуйте за номером 09050002311 b4280703. Правила та умови/припинення. SMS-повідомлення на номер 08718727868. Особам старше 18 років лише 150 стор./хв."
ham,"Ні, це чекає в машині, тож мені нудно. Бо чекати надворі, нема чого робити. Вдома можу займатися своїми справами або дивитися телевізор."
ham,"Можливо, Вестшор або Гайд-парк Вілледж, місце біля мого будинку?"
ham,"Тобі вже слід знати. То як справи, Ентоні? Ти приносиш гроші? Мені потрібно сплатити за навчання, оренду житла та все таке. Ось чому мені потрібна твоя допомога. Друг у скруті..."
ham,Яке значення?
ham,"Ваша думка про мене? 1. Старша 2. Джада 3. Кусруті 4. Приваблива 5. Мовчазна 6. Розсіяна 7. Незріла 8. Стильна 9. Проста Будь ласка, дайте відповідь.."
ham,"8 не пізніше, g все ще там, якщо ви можете роздобути трохи патронів і хочете спробувати новий АК."
ham,Прабха... мені шкода... справді... від щирого серця мені шкода
ham,"Лол, ну тобі пробачено :)"
ham,Ні..просто зміню це..
spam,"Ви гарантовано отримаєте найновіший телефон Nokia, MP3-плеєр iPod на 40 ГБ або приз у розмірі 500 гривень стерлінгів! Надішліть SMS-повідомлення з текстом COLLECT на номер 83355! IBHltd LdnW15H 150 копійок/Mtmsgrcvd18+"
ham,S:) для нього немає конкуренції.
spam,"Тони Boltblue за 150 копійок. Відповісти POLY# або MONO#, наприклад, POLY3. 1. Cha Cha Slide 2. Yeah 3. Slow Jamz 6. Toxic 8. Come With Me або STOP. Ще 4 тони, SMS. БІЛЬШЕ."
spam,Ваші кредити для http://www.bubbletext.com поповнено. Ваш PIN-код для поновлення: tgxxrz
ham,"Таким чином, з транспортом буде менше проблем, ніж у суботу ввечері. До речі, якщо ви хочете запросити мене приєднатися до мого дня народження, не соромтеся. Але потрібно знати точні номери, оскільки бронювання на п'ятницю."
ham,"Зазвичай людина непритомна, це стосується дітей, але у дорослих вона може просто поводитися незвично. Я зараз вам зателефоную."
ham,"Але це на eBay, деінде може бути дешевше."
ham,Чи прийду я за солоним огірком?
ham,Ми збиралися піти купити тако.
ham,"Це дуже грубо, ви в кампусі?"
spam,ТЕРМІНОВО!: 09.02.03 ваш номер мобільного телефону отримав бонусний приз у розмірі 2000 гривень стерлінгів! Це наша друга спроба зв'язатися з ВАМИ! Телефонуйте за номером 0871-872-9755 BOX95QU
ham,"Привіт, я не буду святкувати Різдво. Але бажаю тобі веселого Різдва."
spam,"Сьогоднішня пропозиція! Отримайте ваучери на знижку на суму 150 гривень стерлінгів! Надішліть SMS-повідомлення «ТАК» на номер 85023 зараз! SavaMob, пропозиції для учасників мобільного телефону! Термінал 08717898035. 3,00 гривень стерлінгів. Підписка 16. Відписатися від підписки X"
ham,"Так! Як така гарненька жінка, як ти, може бути самотньою?"
spam,Ви отримаєте свій сигнал протягом наступних 24 годин. Умови та положення дивіться на сторінці телетексту каналу U 750.
ham,"Джей каже, що ти подвійний педик."
spam,ПРИВАТНО! Ваша виписка з рахунку за 2003 рік для номера 07815296484 показує 800 невикористаних балів SIM-картки. Зателефонуйте за номером 08718738001. Ідентифікаційний код 41782. Дійсний до 18.11.04.
ham,Що сьогодні - неділя... неділя свято... тому роботи немає...
ham,Гуднайт...тк...тренування триває
ham,Я запізнюся...
ham,"Я давно тобі не дзвонив. Сподіваюся, це була малярія L8R, і ти знаєш, як ми сумуємо за тобою. Я дуже сумую за Бані, тож, будь ласка, передай їй особливу любов. Гарного дня."
ham,"Доброго дня, кохана моя! Як пройшов день? Сподіваюся, ти знайшла якісь зачіпки для роботи. Думаю про тебе, хлопче, і посилаю тобі палкий поцілунок з-за моря."
ham,"Мабуть, буду тут деякий час, побачимося пізніше ввечері <)"
ham,"Або, можливо, мої товсті пальці просто натискають на всі ці кнопки, і воно не знає, що робити."
ham,"Емммммаа Багато-багато щасливих повернень дня ""д"", моє любе солодке серце... З ДНЕМ НАРОДЖЕННЯ, люба!"
ham,"Я в Тіруппурі, як тільки ви повернетеся з роботи, зателефонуйте мені."
spam,з www.Applausestore.com Щомісячна передплата @ 50 копійок/повідомлення макс. 6/місяць Правила та умови веб вік16 2 зупинки текст зупинка
ham,"Відома цитата: коли ви розвиваєте здатність слухати «будь-що» беззастережно, не втрачаючи самовладання чи впевненості в собі, це означає, що ви ......... «Одружені»"
ham,"Але я йду до коледжу, тату. Що робити? Інакше я сам туди приїду, тату."
ham,4 години у мене. Просто щоб викласти план.
ham,"Ця дівчина не сидить у ліжку. Цій дівчині не потрібен час на відновлення. Я б краще знепритомніла, розважаючись, ніж була б замкнена в ліжку."
ham,Тоді є щось особливе?
ham,"Я знаю, але тобі треба зараз же забронювати готель. Я щойно отримав запрошення, але мушу вибачитися. Каліфорнія занадто мила для мене, щоб прийти на весілля якогось англійця."
ham,"Вибачте, що так довго, ой тепер"
ham,Зачекайте <хв..
ham,"Добре, дай мені 5 хвилин, здається, я її бачу. До речі, ти моє алібі. Ти весь час мені стригла волосся."
ham,"Уяви, що ти нарешті зануришся у ванну після того, як я тебе випробував, можливо, навіть змусиш тебе трохи мене поїсти, перш ніж я піду... Але також уяви відчуття цієї клітки на твоєму члені, оточеної водою з ванни, яка завжди нагадує тобі, хто тобою володіє... Насолоджуйся, мій кунь."
ham,"Поспішай, у мене вже три дні не вистачає трави."
ham,"Звісно, ​​якщо я отримаю від вас підтвердження того, що вимагати клятви на крові вражаюче нетактовно і загалом педерськи..."
ham,"Добре. Щовечора приймай теплу ванну, випивай чашку молока, і побачиш диво. Тобі все ще потрібно схуднути. Просто щоб ти знав..."
ham,"Я погляну на сковороду, можливо, вона дешева, або, можливо, на книгу. Ні, це дурниці, сковорода навряд чи буде книгою."
ham,"О. Ну, ультрафіолет викликає мутації. Сонцезахисний крем зараз просто необхідний."
ham,Обідаю:) тебе немає онлайн? Чому?
ham,"Я знаю, що мій друг вже це розповідав."
ham,"Привіт, принцесо! Дякую за фото. Ти дуже гарна. Як справи?"
ham,"Айо... Ти завжди з нашою колишньою... Я не знаю про мене, вона не відповіла... Вперше ти відповідаєш так швидко... Тобі так пощастило, що ти не працюєш, га? Твій солодкий тато тебе зачепив... ой..."
ham,"Привіт, напиши мені :) я в офісі.."
ham,"Дякую за брауні, він дуже смачний..."
ham,"Гей... Я так сильно тебе кохаю, що ледве можу це терпіти."
spam,ДЖЕНТ! Ми намагаємося зв'язатися з вами. У розіграші минулих вихідних ви ГАРАНтовано виграли приз у розмірі 1000 гривень стерлінгів. Зателефонуйте за номером 09064012160. Отримайте код K52. Дійсний лише 12 годин. 150 стор./хв.
ham,"Блядь, крихітко... Я вже сумую за тобою, розумієш? Не можеш дозволити мені надіслати тобі трохи грошей на твій рахунок? Ти мені потрібна... Я хочу тебе... Я прагну тебе..."
ham,"Я подзвоню тобі о 14:00 о 16:00, з моєю адресою той гидкий американський фріканець постійно мене називатиме ""поганою Джен"", га?"
ham,"Ооо, прикутий до ліжка, гей? Про що ТИ думаєш?"
ham,"Тож, люба моя, ти можеш просто піти в спортзал чи куди завгодно *посміхається*. Сподіваюся, у тебе все гаразд і гарного дня, люба... Я вже так сильно сумую за тобою."
ham,Чудово! Татусь змусить тебе кричати від задоволення! Я зараз відшльоплю тебе по дупі своїм членом!
ham,"ЩО ТИ ХОЧЕШ ЗРОБИТИ, МІССІ?"
ham,"Та-а-а, зачекай, мама закінчить школу, а потім пообідаю... Я весь ранок сиджу вдома, прибираю в кімнаті, тепер моя кімната досить чиста... Гей..."
ham,"Ти знаєш, куди поділися мої лабораторні окуляри?"
ham,Ти можеш відчинити двері?
ham,Чекаю на ваш дзвінок.
ham,"Ні, я чекаю на тата в 4-й школі..."
spam,"Ви виграли приз у розмірі 1000 гривень стерлінгів готівкою або 2000 гривень стерлінгів! Щоб отримати його, зателефонуйте за номером 09050000327"
ham,"Мені набридло сперечатися з тобою про це тиждень за тижнем. Роби, що хочеш, і відтепер я робитиму те саме."
ham,"Зачекай мене в школі, я закінчу і п'ятий..."
spam,"Наш мобільний номер виграв 5000 гривень стерлінгів, щоб подати заявку, передзвоніть нам або зателефонуйте на гарячу лінію подання заявок за номером 09050005321."
ham,"Шлюб з коханням - це коли ти йдеш, тебе, на жаль, кусає змія. Але шлюб з коханням - це танцювати перед змією і казати: ""Укуси мене, вкуси мене""."
ham,"Хм, так рано... Тоді ти вечеряєш надворі, Іззіт?"
ham,"Гаразд, у будь-якому разі, не потрібно змінювати те, що ти сказав."
spam,"Ми намагалися зв'язатися з вами щодо вашої відповіді на нашу пропозицію 750 хвилин, 150 текстових повідомлень та нового відеодзвінка за номером 08002988890 зараз або дайте відповідь для безкоштовної доставки завтра."
ham,Моя колишня дружина не могла мати дітей. Ти хочеш колись дітей?
ham,"Тож як справи у Шотландії? Сподіваюся, ти не надто демонструєш свої схильності до JJC. Бережи себе. Живи мрією."
ham,"Скажи їм, що в тебе болить голова, і ти хочеш просто використати 1 годину лікарняного."
ham,"Не думаю, що вже кину... Хммм, можна джаз? Йогасана також може... Ми можемо зустрітися з ними після уроків..."
ham,"""Піте, будь ласка, зателефонуй мені, у мене майже немає кредиту"""
ham,"Так, справді краще, ніж ти."
ham,"Я на зустрічі, зателефонуйте мені пізніше о"
spam,"Щоб отримати шанс виграти щотижневий шопінг на суму 250 гривень стерлінгів, надішліть SMS-повідомлення з текстом SHOP на номер 80878. Правила та умови: www.txt-2-shop.com, служба підтримки клієнтів: 08715705022, 1x150 копійок/тиждень"
spam,Вас спеціально відібрали для отримання нагороди у розмірі 2000 гривень! Зателефонуйте за номером 08712402050 ДО закриття ліній. Вартість 10 стор. за хвилину. 16+. Діють правила та умови. Акція AG.
spam,ПРИВАТНО! Ваша виписка з рахунку за 2003 рік за номером 07753741225 показує 800 невикористаних SIM-балів. Зателефонуйте за номером 08715203677. Ідентифікаційний код: 42478. Дійсний до 24.10.04.
ham,Ти все ще на Гран-прі?
ham,"Я зустрів тебе незнайомцем і обрав тебе своїм другом. Поки світ стоїть, наша дружба ніколи не закінчиться. Давай будемо друзями вічно!!! Щиро вітаю..."
ham,У мене все чудово! Як справи у тебе?
ham,"Дорогий пані, гарного дня!"
spam,У вас є важливе оголошення для служби підтримки клієнтів. Зателефонуйте БЕЗКОШТОВНО за номером 0800 542 0825 зараз!
ham,Зроблю. Був виснажений сьогодні вранці в поїзді. Забагато вина та пирога. Ти теж добре спиш.
ham,Я йду купувати мамі подарунок.
ham,Голова вибухає... Відтепер цунамі більше не буде... Раджнікант перестав плавати в Індійському океані...:-D
ham,"Якщо ти спочатку відправиш її додому, то нічого страшного, лор. Я ще не готовий."
ham,"До речі, у нього вже є готівка?"
ham,Будь щасливий там. Я прийду після полудня.
ham,Зустріч після обіду...
ham,БУДЬТЕ БЕРЕЖЛИВІ І ШВИДКО ОДУЖУЙТЕ
spam,XCLUSIVE@CLUBSAISAI 2MOROW 28/5 СПЕЦІАЛЬНИЙ ВЕЧЕР ЗУКА З НІКОЛЬСОМ З ПАРИЖУ. БЕЗКОШТОВНІ ТРОЯНДИ 2 ВСІМ ДІНАМ !!! інформація: 07946746291/07880867867
ham,"Я хотів сказати, що не можу дочекатися, щоб знову побачити тебе, тобі набридли ці жарти з Бріджуотера."
ham,"Нева, не хвилюйся, що все гаразд.."
ham,"Все гаразд, я вип'ю чогось чи щось таке. Хочеш, я прийду тебе знайти?"
spam,"22 дні до початку! Щодня U отримуватиме останні новини та результати Євро-2004. Щоб видалити, надішліть GET TXT STOP на номер 83222."
ham,"Це гра на День святого Валентина... Надішліть це повідомлення всім своїм друзям... Якщо 5 відповідей однакові, то хтось вас справді любить. Запитання: який колір мені найбільше пасує? Дайте мені відповідь."
ham,У мене багато утриманців
ham,"ДЯКУЮ СЬОГОДНІ, ЦЕ БУЛО ПРИЄМНО НАДОГЛЯНУТИ, АЛЕ МИ ЗНАХОДИМО БІЛЬШЕ ЧАСУ ЧАСТІШЕ, ГОЛОВНО, БЕРЕЖІТЬ СЕБЕ СКОРО.C"
ham,Я подзвонила і все йому сказала :) тоді йому доведеться обрати це майбутнє.
ham,"""З Днем святого Валентина"". Я знаю, що ще зарано, але в мене є сотні красенів та красунь, яким я хочу побажати. Тож я подумала спочатку побажати тіток та дядьків..."
ham,"Він не любить шокувати Леха. Бо розповісти Шухуї — це як розповісти Леоні. Наче майже всі знають Ляо. Він запитав мене про твою реакцію, лор."
ham,За щастя моєї родини..
ham,Я прийду і заберу тебе... Виходь одразу після уроку...
ham,"Хай буде сніг. Хай буде сніг. Така погода об'єднує людей, щоб дружба могла міцнішати."
ham,"Любий, у нас є <$$, привіт, привіт"
ham,Гарні слова... Але слова можуть часто призводити до жаху.
ham,"ПЕРЕКОНАЙСЯ, ЩО АЛЕКС ЗНАЄ, ЩО ЙОГО ДЕНЬ НАРОДЖЕННЯ ЗАКІНЧИТЬСЯ ЧЕРЕЗ П'ЯТНАДЦЯТЬ ХВИЛИН, НА ВАШУ СПРАВУ"
ham,"Вибачте, ні, маю кілька справ. Можливо, пізніше буду в пабі."
ham,"Ні, це нормально, якщо ти можеш просто принести кухоль, напої чи щось, що насправді трохи корисніше, ніж готівка."
ham,"Ха-ха, приємно чути, мені офіційно заплатили, і я пропоную 8-й."
ham,"Скільки разів потрібно облизувати, щоб дістатися до центру цукерки ""тутсі лоп""?"
ham,"Так, я думаю, вчитель сказав, що це зробить моє обличчя довшим. Даррен, спитай мене, чи не підстригся я занадто коротко."
spam,Новий чат TEXTBUDDY. 2 збуджених хлопця у вашому районі. 4 всього за 25 копійок. Безкоштовно. 2 отримання. Пошук за поштовим індексом або на gaytextbuddy.com. Надішліть ОДНЕ ім'я на номер 89693.
spam,"Сьогоднішні номери Vodafone, що закінчуються на 4882, обрані для отримання винагороди у розмірі 350 гривень стерлінгів. Якщо ваш номер збігається, зателефонуйте за номером 09064019014, щоб отримати свою винагороду у розмірі 350 гривень стерлінгів."
ham,"Будь ласка, не кажи так. Привіт, привіт, привіт."
ham,Дякую тобі!
ham,"О, це було переслане повідомлення. Я думав, ти надіслав його мені."
ham,"Зрозуміло. Сімнадцять гривень за сімсот мл – сподіваюся, нормально."
spam,"Шановний власнику ваучера, скористайтеся пропозицією цього тижня. На своєму ПК перейдіть за посиланням http://www.e-tlp.co.uk/expressoffer. Діють правила та умови. Надішліть SMS-повідомлення STOP на номер 80062."
ham,Ми з ним такі кумедні...
ham,"Кохана, сподіваюся, у тебе не такий день! Нехай у тебе буде багато приводів для посмішки. Біола"
ham,Коли ти ввійдеш у цей час... Тато вже забере тебе додому?
ham,"Що ми будемо робити в душі, крихітко?"
ham,Я поставив це питання кілька годин тому. Це відповідь.
ham,"Ну, мені точно потрібно поповнити запаси до Дня подяки, я дам тобі знати, коли закінчу."
ham,"сказав цілунок, цілунок, я не можу зробити звукові ефекти! Він же чудовий чоловік, чи не так! Така людина, якій потрібна посмішка, щоб зробити свій день яскравішим!"
ham,"Мабуть, заскочу трохи."
ham,"Так, дуже гарно... будь готовий у четвер."
ham,"Алло! Ми невтомно їздили автобусами, сіли в потяги та перемогли. Тобто ми в Бірмінгемі. Бажаю вам гарного решти тижня."
ham,"Дивився мультфільм, слухав музику та напередодні мав піти до храму та церкви... А ти?"
ham,"Ви не заперечуєте, якщо я спитаю, що сталося? Вам не потрібно казати, якщо це неприємно."
spam,ПРИВАТНО! Ваша виписка з рахунку за 2003 рік містить 800 невикористаних SIM-балів. Телефонуйте за номером 08715203694. Ідентифікаційний код: 40533. Дійсний до 31.10.2004.
ham,Нема за що. Я надішлю на вашу електронну пошту.
spam,"Ви виграли приз у розмірі 1000 гривень стерлінгів готівкою або 2000 гривень стерлінгів! Щоб отримати його, зателефонуйте за номером 09050000327. Правила та умови: RSTM, SW7 3SS. 150 стор./хв."
ham,Це круто! Іноді повільно та ніжно. Іноді грубо та важко :)
ham,"Я скажу ""ні"". Вибачте. Я б сказала, але, як завжди, починаю панікувати через час. Ще раз вибачте! Ви зустрічаєтеся у вівторок?"
ham,"Зачекай, ти знаєш, чи Веслі є в місті? Б'юся об заклад, вона вживає жахливі наркотики!"
ham,"Добре, я дуже за тобою сумую."
ham,Ви зрозуміли історію цієї людини?
ham,"Скажи їм, що наркоторговець втрачає терпіння."
ham,"Сонце не може прийти на землю, але може послати любов у вигляді променів. Хмара не може прийти на річку, але може послати любов у вигляді дощу. Я не можу зустрітися з тобою, але можу послати тобі свою турботу у вигляді послання. Боже мій."
ham,Ти будеш на місці того чоловіка
ham,"Немає сенсу брати це туди, якщо це не безкоштовно. Якщо вам потрібно дізнатися більше, відвідайте wikipedia.com."
spam,"88800 та 89034 – це преміум-послуги телефонного зв’язку, телефонуйте за номером 08718711108"
ham,Під водою лежить скеля. У скелі є конверт. У конверті є папір. На папері є 3 слова...
ham,Тоді як мама покаялася?
ham,"Вибач, що я йду додому першим... Татусь прийде за тобою пізніше..."
ham,Залиште це де-де :-). Почніть Готуйтеся до наступного :-)..
ham,"Так, крихітко! Ми можемо вивчити всі позиції Камасутри ;)"
ham,En chikku nange bakra msg kalstiya.. then had tea/coffee?
ham,"Карлос буде тут за хвилину, якщо тобі ще потрібно купити."
ham,Ця оплата становить <DECIMAL> лакхи :)
ham,Гарного вечора! Ттиль
ham,Ви отримали моє повідомлення?
ham,"Хо-хо - гучний сміх! Побачимося, Томо."
spam,"SMS. ac sun0819 повідомлення ПРИВІТ: «Ти виглядаєш круто, хотів привітатися. ПРИВІТ!!!» Зупинити? Надішліть STOP на номер 62468"
spam,Отримайте свій перший РИНГЛ БЕЗКОШТОВНИЙ ЗАРАЗ! Відповідайте на це повідомлення за допомогою TONE. Gr8 ТОП-20 мелодій на ваш телефон щотижня лише за грн1.50 на тиждень 2 відмовитися від розсилки надіслати STOP 08452810071 16
ham,"Те саме. І тобі більше не доведеться хвилюватися, що я тобі ЩОСЬ скажу. Як я вже казав минулої ночі, роби, що хочеш, і я зроблю те саме. Мир."
ham,"У мене є <#>, чи можу я якось це підібрати?"
ham,"Я не знаю, тату, я просто п'ю молоко.."
ham,"Можливо?! Привітайся та дізнайся, чи отримав його картку. Чудова втеча чи Везерспунз?"
ham,"Піггі, ти не спиш? Б'юся об заклад, ти ще спиш. Я зараз йду обідати о 4..."
ham,"Бо я не дивакуватий, лол"
ham,"Пропустив твій дзвінок, бо кричав на Скреппі. Сумую за тобою. Не можу дочекатися, коли ти повернешся додому. Мені сьогодні так самотньо."
ham,"Що це за ""закляте"" місце, про яке ти говориш? Поясни!"
ham,Ü вийти з системи 4 що. Це sdryb8i
ham,Чи xy обідає о 4-й хвилині?
spam,"Привіт, я Сью. Мені 20 років, і я працюю танцівницею на колінах. Я люблю секс. Напишіть мені в прямому ефірі — зараз я у своїй спальні. Надішліть SUE на номер 89555. Від TextOperator G2 1DA 150 сторінок/місяць 18+"
ham,"Я хотів попросити тебе зачекати на мене, щоб закінчити лекцію. Бо моя лекція все одно закінчується через годину."
ham,Ти вже закінчив роботу? :)
ham,"Кожен король колись був плачучою дитиною, а кожна велика будівля колись була картою... Важливо не те, де ти СЬОГОДНІ, а те, куди ти потрапиш ЗАВТРА. Ґуд ні8"
ham,"Люба, я в Черталі. Якщо ти приїдеш, будь ласка, зателефонуй перед початком. Я також зв'яжуся з тобою відповідно. Або скажи мені, в який день ти приїдеш. Завтра я зайнята, бо в нас вихідний."
ham,"Дякую, люба. Але я використовую різдвяний фарбу Torch чи Bold?"
spam,"<Переслано з 448712404000>Будь ласка, негайно ЗАТЕЛЕФОНУЙТЕ за номером 08712404000, оскільки на вас чекає термінове повідомлення."
ham,Ферма була відкрита?
ham,"Вибачте, що знову турбую. Чи можу я знову купити 4 копійки для мого тата? 1405, 1680, 1843. Всі 2 великі, 1 маленький, субота та сонце. Дякую."
ham,"Моя невістко, сподіваюся, у тебе чудовий місяць. Просто привіт. Абіола."
ham,Сьогодні куплю речі та надішлю вам поштою. У вас є номер абонентської скриньки?
ham,"Ой, какашка. Схоже, мені доведеться відправити мій ноутбук на ремонт, бо в нього проблема з відеокартою."
ham,Добре. Гарна робота. Мені подобаються підприємці.
ham,"Гаразд, ти десь поруч чи все ще десь біля будинку Алекса?"
ham,"Зустрінемося на корпорейшн-стріт, за межами прогалини… бачиш, як працює мій розум!"
ham,Мама просить тебе купити їжу додому...
ham,Ку..ти також не пишеш і не відповідаєш на його повідомлення..
ham,Скільки ви готові заплатити?
ham,"Вибачте, я подзвоню пізніше"
ham,"Важливо запобігти зневодненню, даючи їй достатню кількість рідини."
ham,"Це навіть трохи дивно — де ж це має відбуватися? Але гарна ідея, вони точно будуть у пабі!"
ham,"Правда, люба... я сіла помолитися ввечері і відчула себе так. Тож я написала тобі через деякий час..."
ham,"Не думаю, що зможу так довго мандрувати з родиною в місті, вибачте."
ham,"Тож коли ти хочеш піти до спортзалу, Гаррі?"
ham,"Досить пізно... В будь-якому разі, вже 12, я не буду керувати..."
spam,"Щоб переглянути та ЗБЕРІГТИ чудовий ігровий набір Nokia N-Gage від Club Nokia, перейдіть на сайт 2 www.cnupdates.com/newsletter. Відпишіться на сповіщення та дайте відповідь словом OUT"
spam,"Оренда Orange Line за півціни на 4 місяці та новітні телефони з камерою 4 БЕЗКОШТОВНО. Ваш телефон користувався 11 місяців+? Зателефонуйте безкоштовно до MobilesDirect за номером 08000938767, щоб оновити його зараз! or2stoptxt Правила та умови"
ham,"Вершина впевненості: Усіх професорів аеронавтики викликали і попросили сісти в літак. Після того, як вони сіли, їм сказали, що літак зроблений їхніми студентами. Всі поспішили з літака... Але лише один не рухався... Він сказав: «Якщо це зроблено моїми студентами, воно навіть не заведеться... Ось така впевненість...»"
ham,"Просто дивно, що саме в ту ніч, коли ви з тобою хочете лише мене, щоб я прийшов покурити, влаштували справжню бурю, бо я постійно приходив і змушував усіх курити."
spam,08714712388 з 10:00 до 19:00 Вартість 10 копійок
ham,"Позбавте себе стресу. Якщо у людини є рахунок у гуртожитку, просто надішліть реквізити свого рахунку, і гроші будуть надіслані вам."
ham,Він також знає про обіднє меню тільки так... Я знаю
ham,"Коли в мене буде щось на продаж, я тобі скажу."
spam,"+449071512431 ТЕРМІНОВО! Це друга спроба зв'язатися з вами! Ви ВИГРАЛИ грн1250 ТЕЛЕФОНУЙТЕ 09071512433 b4 050703 Правила та умови BCM4235WC1N3XX. вартість дзвінка 150 копійок за хвилину, мобільні телефони варіюються. максимум грн7.50"
ham,Забронюйте який урок? Тоді напишіть мені... Я подзвоню після роботи чи щось таке... Я збираюся отримати характеристики. Моє членство PX3748
spam,"Ви ВИГРАЛИ гарантований грошовий приз у розмірі 1000 гривень стерлінгів або 2000 гривень стерлінгів. Щоб отримати свій приз, зателефонуйте нашому представнику служби підтримки клієнтів за номером 08714712394 з 10:00 до 19:00."
ham,"Машо, не засмучуйся. Я можу припустити твій спосіб мислення. Повір мені, один вечір зі мною, і в мене є чудові плани для нас обох. Нехай життя почнеться знову. Телефонуй мені будь-коли."
ham,"О, так? Надішліть мені адресу."
ham,Гаразд. Будь-коли. Усього найкращого.
ham,Це ж просто дивовижна повна нісенітниця.
ham,"Так, навіть у цьому печиві є желе."
ham,"Світ біжить, а я все ще біжу. Можливо, всі відчувають те саме, нехай так і буде. Або, мушу визнати, я злий. Тоді де ж виправлення? Або, дозвольте мені назвати це життям. І продовжуйте бігти зі світом, можливо, ви теж біжите. Давайте бігти."
ham,Зрозуміло! Виглядає смачно... тато хоче їсти тебе всю ніч!
ham,"Бо може, я не такий вже й поганий, дао, гаразд... 13:00, лор... Ти ніколи не питаєш, куди ми йдемо... Я казала, що ти спитаєш у п'ятницю, але він сказав, що ти спитаєш сьогодні..."
ham,"Гаразд, мушу змінити замовлення на пів восьмої."
ham,"Саме так. У будь-якому разі, як далеко. Вона їде вчитися чи просто в гості?"
ham,"Не знаю, ти мене питаєш."
spam,"Сповіщення електронною поштоюВід: Джері СтюартРозмір: 2 КБТема: Недорогі рецептурні препаратиЩоб прослухати електронну пошту, зателефонуйте за номером 123"
ham,"Ні, він цього не зробив. Весна приходить рано, ура!"
ham,"Лол, тобі не буде шкода, коли я за її гроші поведу тебе на вечерю зі стейками =D"
ham,"Навіть якщо ти не потрапиш у халепу під час переконання... просто скажи йому раз чи два і просто скажи, що він не звертає уваги на його повідомлення, не читай їх і не відповідай."
ham,"Сьогодні ввечері вирушаю до Катару в пошуках нової можливості. Все пройшло швидко. Будь ласка, додай мене до своїх молитов, люба Ракшеш."
ham,Тоді чому зі мною ніхто не розмовляє
ham,"Дякую, що піклуєшся про мене. Я дуже ціную."
spam,Привіт. Пропозиція лояльності для клієнтів: НОВИЙ мобільний телефон Nokia 6650 від ЛИШЕ 10 гривень стерлінгів на TXTAUCTION! Надішліть SMS-повідомлення з текстом START на номер 81151 та отримайте свій зараз! 4 умови та умови SMS TC 150 копійок/MTmsg
ham,"Шкода, що я зараз не з тобою!"
ham,"Ха-ха, можливо, ти справжній... Ти мене добре знаєш. Відчуття, коли тобі хтось подобаєшся, таке неймовірне. Ти швидше знайдеш когось, ніж усі дівчата в нашій групі будуть поруч."
ham,"Так, я буду там. Радий, що ти прийшов."
ham,Успіхів :) на все буде небагато часу. Попереду чекають гарні часи:
ham,"Тільки-но встав. Треба скоро вийти з кімнати... я не перевів годинники, аж поки о 8-й не крикнув усім вставати, а потім зрозумів, що вже 7-ма. Ну от. Ще година в ліжку."
ham,"Добре. Можливо, десь є безкоштовний спортзал."
ham,Чоловікам подобаються жінки нижчого зросту. Подивіться йому в очі.
ham,"Не знаю, він просто сказав, йди до басейну. Той самий час, 9:30."
ham,"Обіцяю добре про тебе піклуватися, принцесо. Мені зараз треба бігти. Будь ласка, надішли фотографії, коли матимеш можливість. Ттил!"
spam,"Ви підписані на найкращий сервіс мобільного контенту у Великій Британії за 3 гривні стерлінгів кожні 10 днів, доки не надішлете STOP на номер 82324. Гаряча лінія 08706091795"
ham,"Чи є причина, чому ми не спілкувалися цього року? У будь-якому разі, бажаю вам гарного тижня та успіхів на іспиті."
ham,До понеділка наступного тижня. Розкажіть мені повну суть.
spam,"Ви усвідомлюєте, що приблизно через 40 років у нас будуть тисячі стареньких жінок бігати з татуюваннями?"
spam,У вас є важливе оголошення для обслуговування клієнтів від PREMIER.
ham,"Не давай мені цієї губи, печерний хлопче"
ham,Коли ти прийшов до бібліотеки?
ham,"Дуже вибачте, я не впізнаю цей номер і тепер заплутався :) хто ви, будь ласка?!"
ham,То чому ти не гукнув?
ham,"Не можу пригадати нікого, у кого *вільне місце* у верхній частині моєї голови"
ham,"Віра робить речі можливими, Надія змушує речі працювати, Любов робить речі прекрасними, Нехай у вас буде все це Різдво! З Різдвом Христовим!"
ham,Тобі слід було записатися на прийом
ham,"Подзвони мені, коли ти/Карлос будеш/будеш тут, мій телефон працює нестабільно, і я можу не чути текстових повідомлень."
spam,"Романтичний Париж. 2 ночі, 2 перельоти від грн79. Забронюйте зараз 4 наступного року. Телефонуйте 08704439680. Діють правила та умови."
ham,"Ми у бабусі. Ой, ти все ще хвора? Мені сьогодні вранці було погано, але, здається, у мене просто похмілля! Тоді ще одна ніч. Ми вирушаємо в суботу."
spam,"Терміново. Ваша гарантована винагорода у розмірі 500 гривень стерлінгів досі не отримана! Телефонуйте за номером 09066368327 ЗАРАЗ, дата закриття 04/09/02, код заявки M39M51, грн1.50pmmorefrommobile2Brmoved-MobyPOBox734LS27YF"
ham,"Нічого, крім того, що ми просто хочемо, щоб ти спитав, бо ти знаєш... Але ми вчора ходили на гору Фабер... Вчора вже кудись вийшли, тож сьогодні не виходимо... Просто подзвони, господи..."
ham,Бажаю вам та вашій родині щасливого Різдва та ЩАСЛИВОГО НОВОГО Року заздалегідь..
spam,"Ви отримали міський відпочинок і могли ВИГРАВАТИ літній шопінг на 200 гривень стерлінгів щотижня. Надсилайте SMS-повідомлення STORE на номер 88039. SkilGme. TsCs087147403231Winawk! Вік 16, грн1.50 за тиждень, субтитри"
ham,"Я не піду, щось маю в планах, хіба що вони зустрінуться на вечері... Ха-ха, цікаво, хто піде цього разу..."
ham,"Вибачте, я подзвоню пізніше"
ham,"Я зараз не можу відповісти на телефон. Будь ласка, надішліть повідомлення."
ham,"Лол, я знаю! Вони такі драматичні. Школи вже закриті на завтра. Мабуть, ми не можемо їхати в той дюйм снігу, який мав випасти."
ham,Нікуди не вийдеш з цим клятим пошуком роботи тут!
ham,"Лол! Ти п'яниця! Якраз зараз зачісуюся. Так, сьогодні ввечері ще не сплю, о 4-й. Який план?"
ham,"idc іди сюди, ти ж не вибираєшся з цього лайна двічі поспіль."
ham,Я буду там через <#> хвилин. Чи є вільне місце?
ham,Просто сплю... і серфую
ham,"Дякую, що прибрали сміття."
ham,"Чому б тобі не сказати своєму другові, що ти не впевнена, що хочеш з ним жити, бо він забагато курить, а потім годинами благати його прийти й покурити?"
ham,"«Привіт, це Кейт, було чудово бачити тебе сьогодні ввечері, я зателефоную тобі завтра. Я мала співати, і один хлопець дав мені свою візитівку! ххх»"
ham,"З Новим роком, мій дорогий брате. Я дуже сумую за тобою. Тільки-но отримав твій номер і вирішив надіслати тобі це повідомлення, бажаючи тобі тільки щастя. Абіола"
ham,Це означає відчинити двері
ham,"Ваша думка про мене? 1. Старша 2. Джада 3. Кусруті 4. Приваблива 5. Мовчазна 6. Розсіяна 7. Незріла 8. Стильна 9. Проста Будь ласка, дайте відповідь.."
ham,"Хммм... Я думав, ми сказали 2 години рабства, а не 3... Ти запізнився... Як мені тебе покарати?"
ham,Пивоваріння?
spam,У вас є важливе оголошення для обслуговування клієнтів від PREMIER. Зателефонуйте БЕЗКОШТОВНО за номером 0800 542 0578 зараз!
ham,Не думаю. Він випадково вимикається протягом 5 хвилин після відкриття.
ham,"Вона мала бути, але не змогла, хоча вона все ще в місті."
ham,Воно робить це самостійно. Здебільшого виправляє мою орфографію. Але іноді отримує зовсім інше слово. Ось тільки здогадайся.
spam,"Ви коли-небудь думали про те, щоб прожити гарне життя з ідеальним партнером? Просто надішліть SMS-повідомлення з іменами та віком, щоб приєднатися до мобільної спільноти. (100 копійок/SMS)"
spam,"5 безкоштовних найкращих поліфонічних мелодій, телефонуйте за номером 087018728737, національний тариф. Отримуйте мелодію Toppoly щотижня, просто надішліть SMS-повідомлення SUBPOLY на номер 81618, грн3 за стовп. Без субтитрів, телефонуйте за номером 08718727870."
ham,"Щиро шановна, гарного дня тобі"
ham,"Сподіваюся, вам сподобалася вчорашня гра. Вибачте, що не було на зв'язку, але, будь ласка, знайте, що ви з ніжністю розлучаєтесь. Гарного вам тижня. Абіола."
ham,"Всього найкращого за кермом, пане :-)"
ham,"Т? ДЕ ТИ В DOGBREATH? ЦЕ ПРОСТО ЗВУЧИТЬСЯ ЯК ДЖЕН С, ЦЕ АЛ!!!!!!!!!"
ham,"Боже, я хочу кричати. ​​Я зважилася і схудла ще більше! Ура!"
ham,Зазвичай такого немає. Це незлічуваний іменник — u у словнику. Щодо досліджень?
ham,Мене справді засмучує просто тусуватися без діла.
spam,"Клієнте Orange, тепер ви можете отримати БЕЗКОШТОВНЕ оновлення ТЕЛЕФОНУ З КАМЕРОЮ в рамках програми лояльності. Зателефонуйте зараз за номером 0207 153 9996. Пропозиція діє до 14 березня. Діють правила та умови. Відмова доступна."
ham,"""Піті, хлопче, де ти? Я і всі твої друзі в Кінгсхеді, приходь, якщо можеш, люби Ніка."""
ham,"Добре, я напишу тобі, але я виходжу з дому."
ham,«Дай мені кілька» було <#> хвилин тому
spam,"Останній шанс! Отримайте сьогодні свої ваучери на знижку на 150 гривень стерлінгів! Надішліть SMS-повідомлення SHOP на номер 85023! SavaMob, пропозиції мобільного зв'язку! T Cs SavaMob POBOX84, M263UZ. грн3.00. Знижка 16."
ham,"Зустріч о <TIME> ранку. Не моя вина, що ти не слухаєшся. Я ж тобі двічі казав."
spam,"БЕЗКОШТОВНО протягом першого тижня! Звуковий сигнал Nokia №1 4 на вашому мобільному телефоні щотижня, просто надсилайте SMS-повідомлення NOKIA на номер 8077. Отримуйте текстові повідомлення та розповідайте своїм друзям. www.getzed.co.uk POBox 36504 W45WQ 16+ норм 150 копійок/звуковий сигнал"
spam,"Ви виграли гарантований приз у розмірі 200 гривень стерлінгів або навіть 1000 гривень стерлінгів готівкою, щоб отримати свою нагороду. Зателефонуйте безкоштовно за номером 08000407165 (18+) або зателефонуйте за номером 88222 PHP. RG21 4JX"
ham,K Я буду там до 4-ї.
ham,"Я дивився 3D, це дуже важливо"
ham,"звісно, ​​але переконайся, що він знає, що ми ще не куримо."
ham,"Бууу, ти завжди працюєш. Просто кинь."
ham,"Я беру півдня відпустки, бо мені погано"
ham,"Ой, я не хочу вставати з ліжка. Так тепло."
ham,Н:)н.нервовий <#> :)
ham,"Отже, до костюмів хлопців додається каблучка. Вона там, щоб вони могли дарувати подарунки своїм майбутнім дружинам. Підказка-підказка."
spam,Вітаємо! Ви отримали подарункові сертифікати на компакт-диски на суму 500 гривень стерлінгів або безкоштовний вхід до нашого щотижневого розіграшу на суму 100 гривень стерлінгів. Надішліть SMS-повідомлення MUSIC на номер 87066 TnCs www.Ldew.com1win150ppmx3age16.
ham,"Я позичу твою сумку, гаразд."
spam,"Вашу ставку на DVD-програвач Shinco перебив simonwatson5120. Зробіть ще одну ставку, відвідайте sms.ac/smsrewards. Щоб завершити ставку, дайте відповідь END OUT."
ham,Де мій хлопчик-іграшка? Я сумую за тобою... Що трапилося?
ham,"У нього багато вживаних, крихітко, але модель не допоможе. Тобі доведеться її принести, і він підбере."
ham,Також ви берете з собою Галілео чи Доббі?
ham,Тоді чому ти не відповідаєш
ham,"""БУ, ЛЮБОВЬ! ТОБІ ПОДОБАЄТЬСЯ СВОЯ РОБОТА? ЗДАЄТЬСЯ, ЩО В ТЕБЕ ВСЬОГО ДОБРЕ, МИЛА! СПОДІВАЄШСЯ, ТИ ГАРНИЙ? БЕРЕЖИ СЕБЕ, І Я СКОРО РОЗПОВІДАМ ТОБІ БАГАТО ЛЮБОВІ XXXX."""
ham,"Доброго дня, зірочка! Як там мій хлопець-іграшка? Він вже мене прагне? Хоче мене трахнути? *ковтає капучино* Я сумую за тобою, люба *дражливий поцілунок*"
ham,"В дорозі, тому не можу написати текст"
spam,"SMS-ПОСЛУГИ. Щоб отримати інклюзивні текстові кредити, будь ласка, перейдіть на www.comuk.net login=3qxj9 або скасуйте підписку за допомогою STOP, без додаткової плати. Допомога 08702840625.COMUK. 220-CM2 9AE"
spam,"25 копійок за пісню Елфі Муна ""Children in need"" на твоєму мобільному. Розкажи на своїх телефонах. Надішліть SMS-повідомлення Tone charity на номер 8007 для Nokia або Poly charity для полігонів: 08701417012 profit 2 charity."
ham,Гарного вечора! Ттиль
ham,"Хм... Уривки, лол... *зітхає*..."
ham,"Ха-ха-ха...використовуй свій мозок, люба."
ham,Гей. У тебе є якась пошта?
ham,"Вибач, загорілося зелене світло, я мав на увазі, що інший друг хотів <#> вартий, але його, можливо, немає поруч"
ham,"Дякую за вчорашній день, сер. Ви були чудові. Сподіваюся, вам сподобався похорон. MojiBiola"
spam,"У тебе є таємний шанувальник. РОЗКАЖИ, хто вважає тебе такою особливою. Зателефонуй за номером 09065174042. Щоб відмовитися, відповідай РОЗКАЖИТИ СТОП. 1.50 за повідомлення. Обслуговування клієнтів 07821230901"
ham,"Привіт, друже, це кемпер, ти гарно відпочив? Просто надіслав три повідомлення, передай привіт, бо давно тобі не писав. Почав їздити, тож тримайся подалі від доріг! Кемпер"
spam,"Шановний власнику ваучера, щоб скористатися пропозицією цього тижня, перейдіть за посиланням http://www.e-tlp.co.uk/expressoffer. Діють правила та умови. Щоб зупинити текстові повідомлення, надішліть STOP на номер 80062."
ham,"Щиро дякую. Коли ми спілкувалися по скайпу з К.З. та Сурою, нам не сподобалося ваше товариство. Сподіваюся, у вас все добре. Ми ж поставили вам ультиматум! Ми ​​починаємо зворотний відлік до Абуро. Насолоджуйтесь! Це повідомлення, яке я надіслав кілька днів тому."
ham,Результат обов'язково буде :)
ham,"Доброго ранку, люба моя........... Гарного та успішного дня."
spam,"Хочете 750 будь-коли, будь-який оператор, хвилини 150, текстові повідомлення та НОВИЙ ВІДЕОтелефон лише за п'ять гривень на тиждень? Телефонуйте за номером 08002888812 або дайте відповідь, щоб отримати доставку завтра."
ham,"Пане, я затримую сплату орендної плати протягом останніх кількох місяців і мусив сплатити комісію в розмірі $ <#>. Я вважав, що було б нетактовно з мого боку бурчати про те, що ви собі дорого платите, і тому я промовчав. Однак я зараз у рецесії і не зможу сплатити комісію цього місяця, тому я прошу задовго до кінця місяця. Чи не могли б ви допомогти? Дякую."
spam,Ми намагалися зв'язатися з вами щодо нашої пропозиції про Новий відеотелефон 750 у будь-який час будь-якої мережі. Хвилин за ПІВЦІНИ. Оренда відеокамери. Телефонуйте за номером 08000930705 або дайте відповідь для отримання інформації про доставку у середу.
spam,"Останній шанс отримати ваучери на знижку на 150 гривень стерлінгів – надішліть SMS-повідомлення «ТАК» на номер 85023 зараз! Учасники SavaMob пропонують мобільні умови співпраці 08717898035. 3,00 гривняа стерлінгів, підпис 16. Видаліть SMS-повідомлення X або STOP."
ham,"Я тебе так сильно кохаю, ти не розумієш, наскільки ти особливий/особлива, я тобі подзвоню завтра, кохаю тебе xxx"
ham,"Будь ласка, надішліть мені вичерпного листа про те, кому я плачу, коли і скільки."
ham,Мати нашого Прашантеттана померла минулої ночі. Моліться за неї та її родину.
spam,Терміново! Зателефонуйте за номером 09066350750 зі стаціонарного телефону. Ваш безкоштовний 4-зірковий відпочинок на Ібіці або 10 000 готівкою очікують на отримання. Правила та умови SAE PO BOX 434 SK3 8WP 150 ppm 18+
ham,Кк:) коли ти їдеш?
ham,"Тим часом у лайні-люкс: Ксав'єр вирішив попередити нас на <#> секунд, що Саманта прийде і грає на гітарі Джея, щоб вразити її чи щось таке. Також, я не думаю, що Даг усвідомлює, що я тут більше не живу."
ham,"Мій шлунок пережив стільки травм, що, клянусь, я просто не можу їсти. Краще б мені схуднути."
ham,Я в офісі:) Що трапилося.. напиши мені зараз. Я подзвоню тобі на перерві:).
ham,"Так, місця ледве вистачає для нас двох, у Х забагато чортового взуття. Вибач, чувак, побачимося пізніше."
spam,"Сьогоднішня пропозиція! Отримайте ваучери на знижку на суму 150 гривень стерлінгів! Надішліть SMS-повідомлення «ТАК» на номер 85023 зараз! SavaMob, пропозиції для учасників мобільного телефону! Термінал 08717898035. 3,00 гривень стерлінгів. Підписка 16. Відписатися від підписки X"
ham,Ти вже в Ордхарті? Хочеш спочатку піти купити квитки?
ham,"Я справжній, крихітко! Я хочу розкрити твою внутрішню тигрицю..."
ham,"Ні, якщо ви запустите його, активуйте повну версію."
ham,"""АХ, БІДНА ДИТЯТИНО! СПОДІВАЄТЬСЯ, ПОЧУВАЄШСЯ КРАЩЕ, ЛЮБЛЮ! МОЖЛИВО, ЦЕ ПЕРЕДОЗА РОБОТИ, ГЕЙ, БУДЬ ОБЕРЕЖНИЙ, ГОВОРІТЬ, БАГАТО ЛЮБОВІ, ДЖЕН XXX."""
ham,"Припини цю історію. Я сказала йому, що повернула товар, а він каже, що мені не слід замовляти його повторно."
spam,"Поговоріть сексуально!! Знайдіть нових друзів або закохайтеся в найдискретнішому у світі сервісі текстових знайомств. Просто надішліть VIP-повідомлення на номер 83110 і подивіться, з ким ви можете зустрітися."
ham,Збираєшся вивести свою дитину кудись?
ham,"Привіт, ана, я приїду завтра вранці. <DECIMAL> Буду там у Саті, потім ми підемо до офісу RTO. Дай мені відповідь, коли повернешся додому."
ham,"Ложки, тоді нормально?"
ham,"Він щойно сказав, що когось звати Тампа?"
ham,Зараз на роботі. Буду мати за кілька хвилин.
ham,Твій брат геній.
ham,"Вибачте, мабуть, я напишу вам, коли зможу зв'язатися зі своїми контактами, можливо, за годину-дві."
ham,"Ти дізнався, о котрій годині автобус, бо мені потрібно дещо врегулювати?"
ham,"Чувак, я останнім часом бачу багато Корветів."
spam,"Вітаємо! Ви отримали або річний запас компакт-дисків від Virgin Records, або таємничий подарунок. ГАРАНТОВАНО. Телефонуйте за номером 09061104283. Правила та умови. www.smsco.net. грн1.50, приблизно 3 хвилини."
ham,"Те саме стосується і мене, але я вважаю стіни, бункери та інше лайно важливим, бо ніколи не граю на мирному рівні, але, гадаю, твоє місце достатньо високо, щоб це не мало значення."
spam,ПРИВАТНО! Ваша виписка з рахунку за 2003 рік для номера 07808 XXXXXX показує 800 невикористаних SIM-балів. Зателефонуйте за номером 08719899217. Ідентифікаційний код: 41685. Дійсний до 07/11/04.
spam,"Привіт. Нам потрібні шикарні птахи та хлопці, щоб випробувати палиці для шампанського. Чи можу я вас записати? Мені потрібна ваша адреса та дата народження якомога швидше. Завітайте."
spam,"Що ви бажаєте на Різдво? Як щодо 100 безкоштовних текстових повідомлень та нового відеотелефону з орендою лінії за півціни? Зателефонуйте безкоштовно зараз за номером 0800 0721072, щоб дізнатися більше!"
ham,"Ну, офіційно я у філософській ямі, тож якщо хочете, телефонуйте, я вдома, готовий до порятунку!"
ham,"Все йде добре... без проблем... але все ще потрібен невеликий досвід, щоб зрозуміти голос американського клієнта..."
ham,"Я напишу тобі, коли залишу x"
ham,"Ох, це був довгий день. Я втомився. Просто хочу пригорнутися і подрімати."
ham,Розмовляй із собою хоча б раз на день...!!! Інакше ти сумуватимеш за своїм найкращим другом у цьому світі...!!! -Шекспір- ШЕСІЛ <#>
spam,"Купуйте до останньої хвилини, ЦЕ ВИ? 10 тисяч, 5 тисяч, готівка на 500 гривень стерлінгів або туристичний ваучер на 100 гривень стерлінгів. Телефонуйте зараз, 09064011000. NTT PO Box CR01327BT. Вартість стаціонарного телефону: 150 стор./хв., мобільний телефон: різна ціна."
ham,Ти в Касторі? Тобі потрібно щось побачити.
spam,"Щотижнева вікторина «Сонячне світло»! Виграйте найкращий DVD-програвач Sony, якщо знаєте, з якою країною грав «Ліверпуль» посеред тижня? Надішліть відповідь на номер 82277. грн1.50. Спеціальна пропозиція: Тайрон."
spam,"У тебе є таємний шанувальник, який шукає тебе, зв'яжися з тобою — дізнайся, хто він/вона вважає тебе таким/такою особливою — зателефонуй за номером 09058094565"
spam,"У тебе є таємний шанувальник, який шукає тебе, щоб зв'язатися з тобою - дізнайся, хто він/вона вважає тебе такою/твоєю особливою - зателефонуй за номером 09065171142-stopsms-08"
spam,"Нагадування: Ви не завантажили контент, за який вже сплатили. Перейдіть за посиланням http://doit.mymoby.tv/, щоб отримати свій контент."
ham,"Бачиш, я знав, що якщо дати тобі перерву кілька разів, то ти завжди захочеш пропустити комендантську годину. Я збирався тобі давати раду до першої, але фільм «Північ» вийде лише після другої. Тобі потрібно повернутися додому. Тобі потрібно поспати і, якщо вже на те пішло, тобі потрібно вчити слух."
ham,Я люблю робити масаж. Я використовую багато дитячої олії... Яка твоя улюблена поза?
ham,"Чувак, нам треба ще раз повечеряти."
ham,"Йоййоо, ти знаєш, як змінити дозволи для диска на Mac. Моя флешка."
ham,Гіббс непроданий.Майк Хассі
ham,"Я люблю розмовляти, але не можу. Я не знаю, як."
ham,"Ти не підстриглася занадто коротко, ле. Тобі не подобається, а? Вона зазнала невдачі. Вона дуже сумна."
ham,Ти неймовірний педофіле
ham,"Дружина, як вона точно знала час убивства"
ham,Чому ти питаєш принцесу?
ham,Я чудова принцесо! Що ти про мене думаєш? :)
ham,Горіх. Різак. Ктер. Ктерг. Ктергг. Ктаргг. Ктаргг. Ктагг. тобто ти
ham,"Гаразд, я знаю, що ти зайнятий, але мені дуже нудно, тому я пишу тобі. Я навіть не знаю, який колір вона вибрала для мене."
ham,"У мене завтра рано вранці заняття, тому не варто курити в <#>"
ham,"Чудова думка: «Будьте вдячні, що у вас немає всього, чого ви хочете. Це означає, що у вас все ще є можливість бути щасливішим завтра, ніж сьогодні». :-)"
ham,"Сподіваюся, у вас гарний тиждень. Просто перевіряю."
ham,"Я вже звик до цього. Сподіваюся, мої агенти мене не кинуть, бо цього року я забронював лише кілька речей. Весь цей ""я в Бостоні, вони в Нью-Йорку"" був експериментом."
ham,"У четвер увечері? Так, звісно, ​​тоді ми це вирішимо."
spam,"Ваша безкоштовна мелодія дзвінка чекає на отримання. Просто надішліть пароль ""MIX"" на номер 85069 для підтвердження. Замовте Usher and Britney. FML, PO Box 5249, MK17 92H. 450Ppw 16."
ham,"Мабуть, проблеми з грошима. Термін сплати наближається, і в мене є кілька неоплачених рахунків за роботу, яку я виконав два-три місяці тому."
ham,Як можливо навчити вас. І де.
ham,"Цікаво, чи не розрядилася батарея твого телефону? Я мав сказати тобі, що кохаю тебе, любий/кохана."
ham,"У цьому автобусі чудовий запах, і це не тютюн..."
ham,"Ми всі тут починаємо хвилюватися, Дерек і Тейлор вже припустили найгірше."
ham,"Привіт, Чарльзе, вибач за пізню відповідь."
spam,"Усі останні новинки від Stereophonics, Marley, Dizzee Racal, Libertines та The Strokes! Вигравайте ігри Nookii з Flirt!! Натисніть TheMob, додайте до закладок WAP або надішліть SMS-повідомлення на номер 82468."
ham,"Я віддам їй, як тільки отримаю. Плюс вона сказала, ґрінуле, вітайся з тобою, коли ми розмовлятимемо."
ham,Білі шоколадні печиво Oreo вже в магазинах
spam,"Січневий розпродаж для чоловіків! Гарячий гей-чат тепер дешевше, телефонуйте за номером 08709222922. Національний тариф від 1,5 копійок/хв дешево до 7,8 копійок/хв пік! Щоб припинити надсилати текстові повідомлення, телефонуйте за номером 08712460324 (10 копійок/хв)."
ham,"Любий мій! Чому тобі знадобилося так багато часу, щоб поїхати до Захера? Я чула твої слова в ym і була рада їх побачити, але мені сумно, що ти пішов. Я сумую за тобою."
ham,"Мені шкода, що це тебе поранило."
ham,"Не можу. Мене нудить. Я така зла. Я цілий тиждень не їла солодкого, бо сьогодні планувала наїстися. Я весь тиждень сиділа на дієті. А тепер я не голодна :/"
ham,"Добре, друже, але не зарано. У мене все ще зустріч з проекту."
ham,"Подзвони мені, тату, я чекаю твого дзвінка."
ham,"Я міг би запитати Карлоса, чи можемо ми отримати більше, якщо хтось ще може долучитися."
ham,"Власне, збирався надіслати тобі нагадування сьогодні. Гарних вихідних."
ham,"Коли люди бачать мої повідомлення, вони думають, що я залежний від повідомлень... Вони помиляються, бо вони не знають, що я залежний від своїх милих друзів..!! BSLVYL"
ham,"Гей, ти дав їм своє фото, коли реєструвався на водіння, га? Пане, хочеш зустрітися біля ""УФ""?"
ham,"Ніколи з ним не розмовляй, добре, це моє слово."
ham,Коли ти захочеш це побачити тоді
ham,По дорозі до школи. Чи не могли б ви надіслати мені номер Ешлі?
ham,Все буде добре. У мене тепер є аваларр. Буду дзвонити пізніше.
ham,Вона сьогодні ходила на ще два раунди... але так і не дісталася додому.
ham,Насправді я видалив свій старий вебсайт... тепер я веду блог на magicalsongs.blogspot.com
ham,"К, зачекай, чикку... я надішлю через <#> хвилин"
ham,"Але я на дієті. І вчора з'їв на один шматок піци забагато. Ох, я ЗАВЖДИ на дієті."
ham,K:) я надам дані свого облікового запису kvb:)
ham,"О, всі мають прийти, га?"
spam,"Гроші!!! Ви щасливий переможець! 2 отримайте свій приз, надішліть SMS-гроші 2 на 88600, понад 1 мільйон гривень стерлінгів, щоб розіграти! ppt150x3+звичайна ставка на SMS box403 w1t1jy"
ham,"Мені дуже шкода, що я не зможу це зробити в цю п'ятницю. Сподіваюся, ти знайдеш альтернативу. Сподіваюся, що семестр пройде добре :-)"
ham,"Вітаю тебе з усіма нами. Насолоджуйся цим і бажаю тобі багато щасливих моментів, куди б ти не пішов."
ham,Тож у тебе вже є плечі Самус?
ham,"О котрій годині, на твою думку, це буде? Потрібно знати, коли я маю бути біля кампусу."
spam,"Шановний Метью, будь ласка, зателефонуйте за номером 09063440451 зі стаціонарного телефону, і ваш безкоштовний 4* відпочинок класу люкс на Тенерифе або 1000 гривень стерлінгів ГОТІВКОЮ чекають на вас. ppm150 SAE T&C Box334 SK38XH."
ham,Тоді не одягай джинси...
ham,"З якого боку, яка лихоманка, чи є блювота?"
ham,К:)к.ти вчишся в коледжі?
spam,Терміново! Зателефонуйте за номером 09061749602 зі стаціонарного телефону. Ваша безкоштовна 4-зіркова відпустка на Тенерифе або 10 000 гривень стерлінгів готівкою чекають на вас. Правила та умови SAE BOX 528 HP20 1YF 150 стор./хв. 18+
ham,"Краще. Зібрався за п'ятницю, а вчора наївся, як свиня. Тепер почуваюся погано. Але принаймні це не такий вже й біль, що корчиться."
ham,"Ні, ми продаємо все, тож у нас буде купа монет. Потім продамо наші монети комусь через PayPal. Вуаля! Гроші назад у кишені :)"
ham,Вони роблять це в багатьох місцях. Безпечні лише лікарні та медичні заклади.
spam,"Як щодо того, щоб зв'язатися з людьми, які чекають на гостей? Просто надішліть SMS-повідомлення зі своїм ІМ'ЯМ та ВІКОМ, щоб підключитися! Насолоджуйтесь спільнотою (150 копійок/SMS)"
ham,"А ще я нещодавно пару разів його відверто відвертала, тому краще б не писати йому раптово в пошуках травички."
ham,"Я надіслав свої результати до SOPHAS, і мені довелося подати документи до кількох шкіл. Думаю, якщо ви думаєте про вступ, дослідіть також вартість. Зверніться до Джоке Огунрінде, її школа — одна з найдешевших, на мою думку."
ham,Не можу дочекатися зустрічі з тобою! Чим корисними були фотографії? :)
spam,"Ваш готівковий баланс зараз становить 500 гривень. Щоб максимізувати свої готівкові кошти, надішліть GO на номер 86688, лише 150 копійок/повідомлення. Копія: 08718720201, поштова скринька 114/14 TCR/W1"
ham,"Гей, я вже забронював(ла) KB на суботній вечір... які ще уроки ми будемо проводити? Збережи свій суботній вечір вільним, нам потрібно зустрітися та підтвердити проживання."
ham,Перевірте свій улюблений словник MS
ham,"Це о котрій годині ти хочеш, щоб я прийшов?"
ham,"Чудово, дай мені знати, коли ти поруч"
ham,"Гаразд, друже... Дякую..."
ham,"Прекрасна правда проти сили тяжіння... Уважно прочитайте: «Наше серце легке, коли хтось у ньому... Але дуже важке, коли хтось його залишає...» НА СПРАВИ НІЧ"
ham,Також не забудьте дістати миску Доббі з машини.
spam,"Брудні історії та ДІВЧАТА, які чекають на тебе"
ham,"Вибач, я тепер пишу твоє повідомлення... Та мій, така бідолашна... Але тільки четверо, одну ніч... Зараз у тебе буде нова кімната, в якій ми будемо спати..."
ham,"Кохання — це не рішення, це почуття. Якби ми могли вирішувати, кого кохати, тоді життя було б набагато простішим, але менш чарівним."
ham,"Ну, мабуть, він пішов на пенсію."
ham,"Мій сортувальний код і номер рахунку . Банк NatWest. Чи можете ви відповісти, щоб підтвердити, що я надіслав це потрібній людині!"
ham,Де @
ham,"Ти впевнений, що не можеш взяти лікарняний?"
spam,"ТЕРМІНОВО! Ми намагаємося зв'язатися з вами. Сьогоднішній розіграш показує, що ви ГАРАНтовано виграли приз у розмірі 800 гривень стерлінгів. Зателефонуйте за номером 09050001808 зі стаціонарного телефону. Отримайте M95. Дійсно лише 12 годин."
ham,"Дивився мультфільм, слухав музику та напередодні мав піти до храму та церкви... А ти?"
ham,"Йо, Чеде, на який клас гімнастики ти хочеш піти? На сайті написано, що в класі Крістіана немає вільних місць."
ham,Ти такий зайнятий?
ham,"Або ще краще, ти можеш її зловити і запитати, чи може вона продати мені <#>."
ham,Я не впевнений щодо нічного меню... Я знаю лише про полуденне меню.
ham,"Чого ти хочеш, коли я повернуся? Гарне намисто як символ мого серця для тебе. Це те, що я дам, але тільки моїй дружині, яка мені подобається. Будь такою і побачиш. Ніхто не може тобі цього дати. Не дзвони мені. Я почекаю, поки приїду."
ham,Ви готові піти на курси з підвищення кваліфікації?
ham,"Це буде лише о 14:15, оскільки я намагаюся розібратися з будинком, це нормально?"
ham,"Я, Боже, він хоче сьогодні поїхати на кінні перегони, тож їж раніше, Боже. Я їв курку з рисом. А ти?"
ham,"Ха-ха, круто, ой, як же це було тоді"
ham,"Так, я так думаю, поки магазин не закриється."
ham,який номер вашого рахунку?
ham,"Ем, ти неправильно відправив, ба..."
ham,"Гей ні, у мене була нудна ніч без тебе, була нудна зі мною, ти нудна сучко! Дякую, але почекай до наступного разу, я тебе маю."
ham,"Добре, я з ним поговорю"
ham,"Не вагайся. Ти ж знаєш, що це вже вдруге в неї така слабкість. Тож веди в нотатку, що вона їла і робила напередодні, або чи щось змінилося напередодні, щоб ми могли бути впевнені, що нічого страшного."
ham,"Гей, ти можеш заплатити. Із зарплати де. Тільки <#>."
ham,Ще місяць. Мені потрібна шоколадна травичка та алкоголь.
ham,"Якщо він почне шукати, то знайде роботу за кілька днів. У нього великий потенціал і талант."
ham,"Гадаю, потрібно бути в місті о вісімдесятій, щоб дійти пішки від * парковки."
spam,"Вітаємо! 2 мобільні 3G відеофони R ваш. Телефонуйте 09063458130 зараз! Спілкуйтеся у відеочаті з друзями, грайте в Java-ігри, завантажуйте музику polyPH, орендуйте noline."
ham,"ДИВИСЬ НА ЧАС, БЛЯДЬ. ЩО, БЛЯХА, ТИ ДУМАЄШ, СТАЛОСЯ."
ham,"Вгадай, що я щойно впустив"
ham,"Карлос каже, що буде в му через <#> хвилин"
ham,Я зараз в офісі. Я подзвоню тобі <хв :)
ham,"Гей... Я вже сумую за тобою, розумієш? Тільки про тебе я думаю. Блядь, не можу дочекатися наступного року, коли ми будемо разом... *люблячий поцілунок*"
ham,"Юн ах. Убі каже, що якщо хочеш, зателефонуй завтра. Телефонуй за номером 67441233, шукай Ірен. Є тільки автобуси 8, 22, 65, 61, 66, 382. Убі крес, технопарк Убі. 6 годин на добу протягом перших 5 тижнів."
ham,Ох. ​​Треба їхати назад до Сан-Дієго з Лос-Анджелеса. У мене аж дупа болить.
ham,26 ЛИПНЯ
ham,"Привіт, я чудово відпочиваю! Нам доводиться вставати о 7 ранку щодня! Чи гарна була вечірка минулої ночі? Я повернуся додому завтра приблизно о 5."
ham,"До... Хочеш прийти, тоді прийди, друже... Але я не можу носити жодної смугастої спідниці..."
ham,Різдвяна історія – це мир... Різдвяне послання – це любов... Різдвяне диво – це Ісус... Благословенного місяця попереду та бажаю вам щасливого Різдва...
ham,"Я не можу, у мене немає її номера!"
ham,"Знову пересадка... Це та, що поруч з ескалатором..."
ham,"Я зараз на уроці, чи не можна пускати на це воду, щоб все гаразд? Будь ласка, зараз."
ham,"Тут небагато чого сталося. Дуже тихо. Бет у своїх тіток, а Чарлі багато працює. Поки що тільки я та Гелен. Як справи?"
ham,"Тоді ти чекай мене на зупинці після твого виступу. Якщо я не зможу, то піду забрати свою машину, а потім повернуся і заберу її."
ham,"Гаразд, підійде, ще раз дякую, що завітали."
ham,Ні... але чув про це...
spam,"Будь ласка, зателефонуйте нашому представнику служби підтримки клієнтів за БЕЗКОШТОВНИМ НОМЕРОМ 0808 145 4742 з 9:00 до 23:00, оскільки ви ВИГРАЛИ гарантований приз у розмірі 1000 гривень стерлінгів готівкою або 5000 гривень стерлінгів!"
ham,"Так... він справді чудовий... бхаджі сказав Каллісу, що він найкращий гравець у крикет після Сачина у світі :). Його дуже важко вивести з гри."
ham,"<#> Я думаю? Мабуть, варто сказати в навчальній програмі"
ham,Умма. Вона щось сказала?
ham,"Дай мені секунду подумати, подумати про це"
spam,"Panasonic та BluetoothHdset БЕЗКОШТОВНО. Nokia БЕЗКОШТОВНО. Motorola БЕЗКОШТОВНО, DoubleMins та DoubleTxt за контрактом Orange. Зателефонуйте MobileUpd8 за номером 08000839402 або зателефонуйте за номером 2optout."
ham,"Я не зовсім знаю, що робити. Я досі ні з ким не можу додзвонитися. Я можу заїхати за тобою приблизно о 19:30, і ми подивимося, чи вони в пабі?"
ham,"Poyyarikatur,kolathupalayam,unjalur post,erode dis, <#> ."
ham,"Дорогий Герою, я сьогодні ввечері їду до Катару, щоб мати слушну нагоду. Будь ласка, залишайтеся на зв'язку за адресою <EMAIL>, Керала."
ham,"Лол, я б так і зробив, але моя мама б розлютилася і розповіла всій родині, який я божевільний і жахливий."
ham,"Я щойно повернувся додому, любий, ти ще не спиш?"
ham,"Я не знаю, чи вони закриваються, чи ні... Я в моєму фанаті..."
ham,Просто купи піцу. Для любителів м'яса чи для супер-класу. Вибирай сам.
ham,"Так, сказала... вона питала, в чому справа?"
ham,"Любий/Шкода, я не можу відповісти на дзвінок. Я їхав з CTLA, зараз біля будинку в Кочині. Забув мобільний у машині... в стилі ""іштамаю""? З Бакрідом!"
spam,"БЕЗКОШТОВНО протягом першого тижня! №1 Nokia тон 4, ваш мобільний щотижня, просто надсилайте SMS NOKIA на номер 8007. Отримуйте SMS та розповідайте своїм друзям. www.getzed.co.uk POBox 36504 W45WQ норм 150 копійок/тон 16+"
ham,Чи варто мені надіслати цей exe-файл на вашу електронну адресу?
ham,"Ні, не дивлюся телевізор вдома... Не виходжу. Мені нудно..."
ham,"Не знаю..зачекайте, я перевірю."
ham,"Доброго дня в цей славний ювілей, моя люба Дж.!! Сподіваюся, що це застане тебе щасливою та задоволеною, моя Здобич. Я думаю про тебе і посилаю дражливий поцілунок з-за моря, вмовляючи образи милих сувенірів... Ти, Пума-Перо."
spam,"Вгадайте що! Хтось із ваших знайомих таємно вами захоплюється! Хочете дізнатися, хто це? Зателефонуйте нам за номером 09065394514 зі стаціонарного телефону DATEBox1282EssexCM61XN 150 копійок/хв 18"
ham,Ми ще беремося за сьогоднішній вечір?
ham,"Чи можу я зателефонувати тобі пізніше, будь ласка?"
ham,Хіба це не стало закономірністю останнім часом на цих поганих вихідних?
ham,"У мене болить горло. Коли я розмовляю, воно чухає."
ham,"Так, так. Будь-який PLM у вашому офісі."
ham,Тебе немає поруч чи ти просто ще спиш? :V
ham,"Лол, ти забув, га? Так, я принесу, крихітко."
ham,"Це добре, ми знайдемо спосіб"
ham,У цій країні не можна використовувати іноземні марки. Гарна лекція.
ham,"Так, купайся, ляо..."
ham,"З НОВИМ РОКОМ, МІЙ ЧОЛОВІК №1"
ham,"О, МІСТЕРЕ ШЕФФІЛД! Ви хочете пограти в ЦЮ гру, гаразд? Ви тут начальник, а я няня. Ви підвищите мені зарплату, і я підвищу ВАМ!!"
ham,"ЗОЇ, ВОНО ЩОЙНО ВДАРИЛО МЕНЕ, Я БЛЯХА, НАСРАВ, Я НАПРАВИЛЬНО СПРОБУЮ ЩІЛЬНІШЕ, КІНЧИ ЗАВТРА, ЛЮБЛЮ ТЕБЕ, МІЛЬЙОНИ, ЛЕКДОГ"
ham,"Привіт, крихітко, ти повернувся до мами? Ти вже налаштовуєш комп'ютер? Наповнюєш свій живіт? Як справи, коханий? Я вже сумую за тобою... *зітхає*"
ham,"Ні, моїх ковдр достатньо, дякую."
ham,"маленька пустотлива думка: «краще фліртувати, фліртувати і фліртувати, ніж кохати когось і страждати, страждати і страждати... :-)»"
ham,"Едісон справедливо сказав: «Дурень може поставити більше запитань, ніж мудрець може відповісти». Тепер ви знаєте, чому ми всі німимо під час ViVa... GM, GN, GE, GNT :-)"
ham,"Вони просто говорять, ось і все. Іншого вони не зроблять."
ham,"Сьогодні я йду до коледжу, тому не зможу бути присутнім на заняттях."
ham,Я на уроці. Привітаюся пізніше.
ham,"Легко, а?сена вибрали, значить це добре.."
ham,"Ммм, так краще, тепер, коли в мене є смажена кава! Краще б я випив пару напоїв і два! Смачна індійська кава?"
spam,"Ми знаємо когось, хто вам подобається. Зателефонуйте за номером 09058097218, щоб дізнатися, хто це. Поштова скринька 6, LS15HB, 150 копійок."
ham,"Заходь, це..."
ham,"Зробіть одну річ! Змініть це речення на: «Оскільки я хочу зосередитися на своїй освітній кар'єрі, я йду звідси...»"
spam,"Тисячі фліртують ЗАРАЗ! Надішліть ДІВЧИНІ або ХЛОПЦЮ, своє ІМ'Я та ВІК, наприклад, ДІВЧИНІ ЗОЇ 18 на номер 8007, щоб приєднатися та почати спілкуватися!"
ham,"Я пройшов годину 2 куб. дюйма! Хіба це не показує, що мені байдуже, ти ж не віриш, що я серйозно?"
spam,"18 днів до початку Євро-2004! Ви будете щодня отримувати всі останні новини та результати. Щоб відмовитися від підписки, надішліть GET EURO STOP на номер 83222."
ham,Ви вільні на вечірку 3 червня?
ham,"Ти знаєш, о котрій годині закривається те місце, де продає 4d?"
ham,"Я знайшов іншу роботу! Ту, що в лікарні, займаюся аналізом даних чи щось таке, починається в понеділок! Не знаю, коли я закінчу свою дисертацію."
ham,Джей стає справді нетерплячим і войовничим.
ham,"ПРИВІТ, ЙДЕМО З БРІСТОЛЯ НА ПЕРШИЙ ТИЖДЕНЬ КВІТНЯ. ЛЕС ВИЙШОВ З РУДІ НАПРЕДОДНІ НОВОГО РІКУ, АЛЕ Я ХРОПІЛА. ВОНИ БУЛИ П'ЯНІ! ТИ ВЖЕ НАВЧАВСЯ В КОЛЕДЖІ? МОЯ РОБОТА ЩЕ ПОШИРАЄ ЧОРНИЛО ДВА ВАННИ."
ham,"Я на роботі. Будь ласка, зателефонуйте."
ham,Тоді ти їдеш туди.
ham,Ард 515 подобається. Так?
ham,"Скажи мені, що вони жінки :V як ти сюди кидаєш? Ми зараз вирішуємо, що взагалі взяти."
spam,"Вікторина про Східних жителів. З якою КВІТКОЮ порівнює себе ДОТ? D = ФІАЛКА E = ТЮЛЬПАН F = ЛІЛІЯ, надішліть SMS DE або F на номер 84025 ЗАРАЗ 4 шанси ВИГРАТИ грн100 готівкою WKENT/150P16+"
ham,Я працюю в сфері технічної підтримки :)голосовий процес.мережеві технології.
ham,"Я можу приїхати до Керали на 2 дні, тож ви можете бути готові взяти відпустку, як тільки я завершу. Не плануйте жодних поїздок під час мого візиту. Потрібно завершити термінові справи."
ham,"Добре. Не знаю о котрій годині, бо не знаю, чи зможу потрапити до бібліотеки до занять. Постараюся. Побачимося якось! Гарного вечора."
spam,"У вашому регіоні є нові місцеві побачення - У ВАШОМУ РЕГІОНІ зареєстровано багато нових людей. Вкажіть ДАТУ, щоб почати зараз! Тільки для осіб віком від 18 років www.flirtparty.us ВІДПОВІДІ150"
ham,"Гаразд, я тобі потім поскаржуся."
ham,"Ні, моя мама ходила до двох стоматологів."
ham,"Як тільки звільнюся, зателефонуйте мені, сер. Я чекаю на вас."
ham,"Зустрітися з тобою — це моя робота... Скажи мені, коли мені завтра виконати свою роботу?"
spam,Хтось із ваших знайомих попросив нашу службу знайомств зв'язатися з вами! Не можете вгадати хто? ТЕЛЕФОНУЙТЕ 09058091854 ЗАРАЗ все стане відомо. PO BOX385 M6 6WU
ham,Тільки-но закінчи купатися...
ham,"Гаразд, я переконаюся, що машина повернеться сьогодні ввечері."
spam,"ТЕРМІНОВО! Ми намагаємося зв'язатися з вами. Сьогоднішній розіграш показує, що ви ГАРАНтовано виграли приз у розмірі 800 гривень стерлінгів. Зателефонуйте за номером 09050003091 зі стаціонарного телефону. Отримайте C52. Дійсно лише 12 годин."
spam,"Шановний/Шановна, тебе запросили до XCHAT. Це наша остання спроба зв'язатися з тобою! Надішліть SMS-повідомлення CHAT на номер 86688."
ham,"Ха-ха, я чую пікантні плітки в лікарні. Дві медсестри говорять про те, які вони товстіють. А одна вважає, що вона огрядна. Так."
ham,"Гаразд, я зареєструюся у Фейсбуці за пару хвилин."
ham,Ой. Ami parchi na re. Kicchu kaaj korte iccha korche na. Телефонуйте. Plz. Plz.
ham,Де можна завантажити чіткі фільми. Копії DVD.
ham,"Так, біля гарної скульптури"
ham,Передай йому мої вітання
ham,"Я теж дивлюся тільки фільм про Сурью... після 18:00 фільм про Віджая, Поккірі."
ham,"Розкажи, що сталося, не поводься зі мною так. Гаразд, не потрібно казати."
ham,Чи можна отримувати повідомлення з картинками на телефон?
ham,Надіслати комусь іншому :-)
ham,"Що робить деяких людей дорожчими, так це не лише щастя, яке відчуваєш, коли зустрічаєш їх, а й біль, який відчуваєш, коли сумуєш за ними!!!"
ham,"Для мене кохання має починатися з потягу. Я повинен відчувати, що вона мені потрібна щоразу, коли я поруч. Вона має бути першим, про що я думаю. Я б починав день і закінчував його з нею. Вона має бути поруч щоразу, коли я мрію. Кохання буде тоді, коли кожен мій подих матиме її ім'я. Моє життя має відбуватися навколо неї. Моє життя буде названо її ім'ям. Я б плакав за нею. Віддав би все своє щастя і забрав би всі її печалі. Я буду готовий боротися з будь-ким за неї. Я буду закоханий, коли робитиму для неї найбожевільніші речі. Кохання буде тоді, коли мені не доведеться нікому доводити, що моя дівчина - найкрасивіша жінка на всій планеті. Я завжди співатиму їй дифірамби. Кохання буде тоді, коли я почну готувати куряче каррі, а врешті-решт приготую самбар. Життя буде найпрекраснішим тоді. Я буду насолоджуватися кожним ранком і дякую Богу за день, бо вона зі мною. Я хотів би багато сказати... розповім пізніше..."
ham,"ДРУЖБА — це як стрілка годинника. Хоча ми в одному й тому ж годиннику, ми не можемо зустрітися. Навіть якщо ми зустрінемося, це лише кілька секунд. Але ми завжди залишаємося на зв'язку. Добре ;-)"
ham,"Не думаю, що в нього руки, як у лопатки!"
ham,Ти ніколи не можеш НІЧОГО зробити
spam,Ви отримуєте цифрову камеру SiPix! Зателефонуйте за номером 09061221061 зі стаціонарного телефону. Доставка протягом 28 днів. T Cs Box177. M221BP. 2 роки гарантії. 150 стор./хв. 16 стор. грн3.99
ham,"Доброго ранку сьогодні, я запізнююся на <DECIMAL> хвилину."
spam,"ВИГРАЙТЕ ТЕРМІНОВО! Ваш мобільний номер ГАРАНтовано нагороджений призом у розмірі 2000 гривень стерлінгів. Зателефонуйте за номером 09061790121 зі стаціонарного телефону. Отримайте 3030, дійсний лише 12 годин. 150 стор. за хвилину."
ham,"Будь ласка, вибачте, якщо сталася якась моя помилка. Будь ласка, зверніться до лікаря."
ham,Де ми зустрічаємося?
ham,"Що ж, погода в Каліфорнії чудова. Але й складні умови тут великі. Щоб вільно пересуватися, потрібна машина, податки шалені. Але загалом це чудове місце. Сумно те, що я сумую за домом."
ham,Тільки-но я дістався додому... Я дуже втомився... Я прийду завтра...
ham,Райдер непроданий. Тепер Гіббс.
spam,"Шановний передплатнику, у вашому розіграші буде 4 подарункових сертифікати на 100 гривень стерлінгів, які будуть взяті у участь після отримання правильної відповіді. Коли був день народження Елвіса Преслі? Надішліть відповідь SMS на номер 80062."
ham,Не хвилюйся. Я куплю тест-смужки на овуляцію і надішлю їх тобі. Ти отримаєш їх не раніше березня. Чи можеш надіслати мені свою поштову адресу? Все буде добре. Гаразд.
ham,"БЕЗ ПОДАРУНКІВ!! Ти що, намагаєшся змусити мене кинутися зі скелі чи щось таке?"
ham,Займався чимось цікавим. Як добре відсвяткував день народження? Коли ти наступного разу працюєш? Я сьогодні почав навчання в університеті.
ham,"Ти зайнятий, чи можу я якось зайти і дізнатися, що ми робитимемо завтра?"
ham,"Так, тоді продовжуй, нудьгуючи та пригнічений, сиджу й чекаю, поки дзвонить телефон... Сподіваюся, вітер вщухне, страшно."
ham,"Чорна сорочка та сині джинси... Я думаю, що я..."
ham,"Айя, вибач, лор... Я дивився телевізор, поки не забув перевірити телефон."
spam,"Важлива інформація для користувачів O2. Сьогодні ваш щасливий день! 2 Дізнайтеся чому, зайдіть на http://www.urawinner.com, там на вас чекає фантастичний сюрприз"
ham,на дівич-вечір. Гойдаючись з гойдалкою
ham,"Доброго дня, кохана моя. Як твій день? Чим займаєшся? Я прокинулася рано і чекаю на тебе онлайн... Хммм... Бачу, італієць онлайн. *посміхається*"
ham,"Від когось, хто хоче не палити, хоча кожен раз, коли я курив протягом останніх двох тижнів, це було через те, що ти дзвонив або писав мені, що хочеш палити"
ham,"Ні, у тебе тільки голова розболіється, коли ти намагатимешся це з'ясувати. Можеш довірити мені все, що я зроблю. Обіцяю. О :-)"
ham,Н с..перший раз..доні рок...
ham,"Добре, я скажу компанії"
ham,"Чудово, думаєш, ми зможемо сьогодні ввечері в USF отримати 8-й?"
ham,Тобто ти все ще думаєш про Теджу
ham,"Ні, я можу подивитися фільм, можна мені піти за годину?"
ham,"Ні, ні:) це домашній стадіон Калліс. Рідне місто Амли — Дурбан:)"
ham,"Тож давайте зробимо це в суботу чи понеділок, як вам зручно."
ham,Гей... О котрій годині ти їдеш у п'ятницю? Ми їдемо на оцінювання в п'ятницю?
spam,"449050000301 Ви виграли приз у розмірі 2000 гривень стерлінгів! Щоб отримати його, зателефонуйте за номером 09050000301."
ham,"Я зараз йду на обід о 4-й з родиною, а після цього піду на вулицю 2 у Орард-Лор."
spam,"Набридли швидкі побачення? Спробуйте SPEEDCHAT, надішліть SMS-повідомлення SPEEDCHAT на номер 80155, а якщо не подобається, надішліть SWAP та отримайте нового співрозмовника! Chat80155 POBox36504W45WQ 150 копійок/повідомлення rcd 16"
ham,Скасувати Cheyyamo? І отримати трохи грошей назад?
spam,"Хочете 750 будь-коли, будь-який оператор, хвилини 150, текстові повідомлення та НОВИЙ відеотелефон лише за п'ять гривень на тиждень? Зателефонуйте за номером 08000776320 зараз або дайте відповідь, щоб отримати доставку завтра."
ham,"Добре, добре, добре... тоді... який у тебе план на сьогодні?"
ham,"Доброго ранку, принцесо! Як справи?"
ham,"Айяр, вибач, я забув тобі сказати..."
spam,"За участь у нашому мобільному опитуванні вчора! Тепер ви можете отримати 500 текстових повідомлень, які можна використовувати як завгодно. Щоб отримати 2 текстових повідомлення, просто надішліть SMS на номер 80160. Правила та умови www.txt43.com 1.50 копійок"
ham,"Не сьогодні ввечері, друже. Надолужаю згаяне. До речі, це мій новий номер."
ham,"Кульмінація ситуації ""О чорт....!!"": ​​Хлопець кидає листа з привітаннями в дівчину, але падає на голову її брата, який гей. ;-):-D"
spam,"Ваш готівковий баланс для вікторини HMV зараз становить 500 гривень стерлінгів. Щоб максимізувати свій готівковий внесок, надішліть HMV1 на номер 86688 лише за 150 копійок/повідомлення."
ham,"Тож перевірте свої помилки, і якщо у вас виникли труднощі, виправте їх."
ham,"Як болить? Сподіваюся, у тебе все добре.."
ham,"Вибачте, я подзвоню пізніше"
ham,"Доброго ранку, принцесо! Як справи?"
ham,"Коли я зайшов у свою каюту, моя особиста асистентка сказала: «З днем ​​народження, босе!!». Я відчув себе особливим. Вона запросила мене на обід. Після обіду запросила мене до себе в квартиру. Ми туди пішли."
ham,"Ти вже прокинувся? Дякую за все, це досить приємно."
ham,Мені потрібен логін чи щось таке?
spam,"Не забувайте, що ви можете розмістити скільки завгодно БЕЗКОШТОВНИХ запитів на 1stchoice.co.uk. Для отримання додаткової інформації телефонуйте за номером 08707808226."
ham,"ЛОЛ... Ні, просто був зайнятий."
ham,Що ти носиш?
ham,"Повідомлення: бракує певного тексту* Відправник: Бракує імені* *Братує номера *Братує дати відправлення *Ти дуже відсутній, отже, все відсутнє надіслано через fullonsms.com"
ham,"О:) як завжди, фільм Віджая чи це інакше?"
spam,"Я тебе не знаю, і ти мене не знаєш. Надішліть ЧАТ на номер 86688 зараз і давайте знайдемо одне одного! Всього 150 копійок/повідомлення отримано. HG/Suite342/2Lands/Row/W1J6HL LDN. 18 років або старше."
ham,"У тебе був гарний день? Мій був дуже зайнятий, у тебе багато планів завтра ввечері?"
ham,І чи є спосіб надіслати їй речі Шейд? Вона теж чудова.
ham,"Справді... Я вважаю, що твоя робота давно закінчилася... Але те, що ти скопіював, тепер знадобилося? Ти щасливий, старий... У мене ще є два дослідження :-("
spam,"Дякуємо, переможця повідомлено SMS. Удачі! Без подальших маркетингових відповідей. STOP, 84122, служба підтримки клієнтів 08450542832"
ham,Кохана? Я тебе втратив... :-(
ham,"Добре... Допоможіть мені запитати, чи вона працює, чи ні?"
ham,Я не за кермом... Дощ іде! Тоді мене затримають на станції метро.
ham,Жодної краплі в баку
ham,"(Тим не менш, ти можеш написати йому ще раз?)"
ham,"Вибачте, я подзвоню пізніше"
ham,"Добре, я теж переодягнуся..."
spam,"Тисячі дівчат, багато місцевих, незаймані та готові задовольнити всі ваші сексуальні потреби. Чи можете ви задовольнити їхні? Надішліть SMS-повідомлення CUTE на номер 69911 (грн1.50 копійок за місяць)."
ham,Ви знайшли няню для Кейтлін? Я вчора хворіла і проспала весь день.
ham,"Вибач, чувак, я випадково залишив телефон у беззвучному режимі минулої ночі і не перевіряв його, поки не встав."
ham,"Гей... Щось трапилося минулої хвилини... Здається, я зараз зареєструюся... Хі..."
ham,"Він дорослий і навчиться на цьому досвіді. Реальної небезпеки немає. Мені просто не подобаються люди, які вживають наркотики, які їм не потрібні. Але без коментарів."
ham,Гей! Є вегетаріанська піца... :/
ham,Юн купує... Але школа отримала пропозицію лише на 2000 і більше...
ham,"Ти впевнений, що твої сусіди це не забрали?"
ham,К. Я надішлю це ще раз
spam,"Безкоштовний вхід на 2 тижневі матчі за перемогу у фіналі Кубка Англії 21 травня 2005 року. Надішліть SMS-повідомлення FA на номер 87121, щоб отримати запитання для участі (стандартна ставка SMS). Діють правила та умови: 08452810075 (для осіб старше 18 років)."
ham,"Нова теорія: Суперечка виграє СИТУАЦІЮ, але програє ЛЮДИНІ. Тож не сперечайтеся з друзями, просто... стукніть їх і кажіть: «Я завжди правий!»"
ham,Що ж. У мене немає комп'ютера. Час готувати трюфелі Oreo.
ham,"Ха-ха, так, я тепер це бачу, буду там за секунду."
ham,"У мене немає її номера, сер."
ham,"Лол, тепер я за тією повітряною кулею!"
ham,"Добре... зараз я в автобусі. Якщо я приїду скоро, то приїду завтра."
ham,"Повідомлення — це не плин часу. Вони мовчки кажуть, що я зараз думаю про тебе і змушую тебе думати про мене хоча б на мить. Боже ні. Успіху, друзi @Shesil"
ham,"Так, ми, мабуть, можемо заскочити, як тільки мій сусід по кімнаті закінчить зі своєю дівчиною."
spam,"Маєте все необхідне, щоб взяти участь у ралі WRC в Австралії? Ви можете це зробити з Lucozade Energy! Надішліть SMS-повідомлення RALLY LE на номер 61200 (25 копійок), перегляньте пакети або відвідайте lucozade.co.uk/wrc, і це можете бути ви!"
ham,З новорічною мелодією!
ham,Тобі не потрібно вибирати свою дівчину?
ham,Ура! Краще б тобі не розповідати це ще п'ятьом дівчатам.
ham,"Жахливо, ти їси маки, їси, аж поки не забув про мене, вже написав... Ти так довго відповідаєш. Я думаю, це смачніше, ніж B4, тому будь готовий. Що ж мені тепер їсти?"
ham,"Він випадково не казав, який я фантастичний, чи щось таке, що потребує більшого підйому на життя, як втрата волі до життя? Як думаєш, я буду першою людиною, яка помре від NVQ?"
ham,Тільки-но я прийшов додому..
ham,"Я за межами островів, прямуйте до Хард-Рока, і ви зіткнетеся зі мною."
ham,Сьогодні занять немає.
ham,"Я в Ченнаї, Велачері:)"
ham,Ти вже чіпляєшся до себе?
ham,"Дай мені секунду, порушую <#> у cstore"
ham,"Невже я настільки поганий, щоб цього уникати?"
ham,"Гей, ти десь поруч? Тільки-но повернув свою машину."
ham,Дратує чи не так.
ham,"Доброго ранку, сьогодні я запізнююся на <#> хвилину."
ham,"Немає сенсу триматися за пана недобре, якщо він не робить тебе щасливою."
ham,Все оживе. Краще виправити якусь гарну фігуру там самому..
ham,"У такому разі, гадаю, побачимося в гуртожитку кампусу."
ham,Ми закінчили...
ham,"Приходь до мене додому востаннє, я нічого не робитиму. Повір мені."
ham,"Я теж не спала всю ніч, хвилюючись через цю зустріч. Шкода, що ми пропустили дівчачий вечір з вікторинами, попкорном і тим, як ти робила мені зачіску."
spam,Підживи свій мобільний секс БЕЗКОШТОВНИМ сексуальним фото Джордан! Просто надішліть SMS-повідомлення BABE на номер 88600. Тоді щотижня отримуйте сексуальну знаменитість! PocketBabe.co.uk Ще 4 фото. 16 грн3/тиждень 087016248
ham,Добре... Так...
spam,"У вас є 1 нове голосове повідомлення. Будь ласка, зателефонуйте за номером 08719181503."
ham,"Річ не в тому, що він сказав. Мій розум підказує, що справа в чомусь іншому."
ham,Він також знає про обіднє меню тільки так... Я знаю
ham,"Він тільки й робить, що ниє на мене, якщо щось йде не так, це моя вина, всі суперечки — моя вина, і він мені набрид, тож ти так переймаєшся? Ходімо, дякую. xx"
ham,Транзакцію NEFT з контрольним номером <#> на суму <DECIMAL> рупій було зараховано на рахунок бенефіціара <#> о <TIME>: <#>
ham,"Інакше мала роботу за сумісництвом, пов'язану з навчанням.."
ham,"Я знаю, що вона мені дзвонила"
ham,"Я теж, так, я відчуваю вчорашню ніч, почекай до другої ночі, люба."
ham,Дякую за розуміння. Я намагався сказати це Сурі.
spam,"ВИГРАЙТЕ річний запас компакт-дисків у вибраному вами магазині вартістю 500 гривень стерлінгів та візьміть участь у нашому щотижневому розіграші 100 гривень стерлінгів, надішліть SMS-повідомлення MUSIC на номер 87066. Правила та умови www.Ldew.com.subs16+1win150ppmx3"
ham,"Вся машина оцінила останні дві! Ми з татом майже сперечаємося через читання карти, але крім цього все йде добре. П."
spam,"Як абонент SIM-картки, ви отримали бонус! Отримайте його з доставкою додому. Надішліть SMS-повідомлення зі словом OK на номер 88600, щоб отримати його. 150 копійок/повідомлення, термін дії до 30 квітня."
ham,"Мені потрібно, щоб ти була в моїх міцних обіймах..."
ham,"Також, маааан, ти щось пропускаєш?"
ham,Його справжній день народження у квітні.
ham,"Гадаю, ти не будеш тут раніше 9-ї?"
ham,"Добре, тоді я прийду до тебе додому через пів години"
ham,"Йой, гра майже закінчилася? Хочеш скоро піти у Волмарт?"
ham,"Так, мабуть, але не впевнений. Лол, дай тобі знати, але особисто я б не став цим морочитися, але знову ж таки, якщо ти збираєшся, то я теж!"
ham,"Я зараз напишу! Вся така моторошна, щоб він не подумав, що ми забули."
ham,"це було б добре… я подзвоню тобі в обідню перерву, добре, щоб щось організувати?"
spam,"У вас є 1 нове голосове повідомлення. Будь ласка, зателефонуйте за номером 08719181513."
ham,"Блін, ти зможеш прийти сьогодні ввечері чи хочеш просто почекати до завтра?"
ham,К..к..у мене теж все добре:)коли ти закінчиш курс?
ham,"Правда. Це цілком прийнятно. А якщо ви отримаєте високий бал і подасте заявку на здобуття ступеня доктора філософії, то отримаєте 5 років зарплати. Тож це полегшує життя."
spam,№1 Nokia Tone 4 для вашого мобільного щотижня! Просто надішліть SMS у норвезьких кронах на номер 87021. Перший тональний сигнал БЕЗКОШТОВНИЙ! тож отримайте SMS зараз і розкажіть своїм друзям. 150 копійок/тональний сигнал. 16 відповідей HL 4info
ham,Пракеш там знає.
ham,Навчи мене додаткам. Коли прийдеш до коледжу.
ham,Rofl Betta інвестує в деякі засоби проти старіння
spam,Ви переможець. Вас спеціально відібрали. 2. Отримайте 1000 гривень стерлінгів готівкою або 4* відпустку (включно з авіаквитками). 3. Подайте заявку за телефоном 0871277810810.
ham,"Пане, ви отримаєте рахунок не пізніше ніж через годину. Вибачте за затримку."
spam,"Надішліть відповідь, вказавши своє ім'я та адресу, і ВИ ОТРИМАЙТЕ ПОШТОЮ тиждень абсолютно безкоштовного проживання в різних місцях світу www.phb1.com тел.: 08700435505150p"
ham,Тож ви подасте проєкт TMR Rite?
spam,БЕЗКОШТОВНА участь у нашому щотижневому конкурсі на 250 гривень стерлінгів. Просто надішліть слово ENTER на номер 84128 ЗАРАЗ. 18 Правил та умов www.textcomp.com служба підтримки клієнтів 08712405020.
ham,Jus ans me lar. Ні пізніше.
ham,"Я хочу надіслати щось, що можна швидко продати. <#> k — це не легкі гроші."
ham,"Маю кілька справ. Можливо, пізніше буду в пабі."
ham,"Закінчуємо зустріч, подзвони мені."
ham,"Гаразд, ха-ха. Я теж візьму її сумочку."
ham,"""Привіт-/@drivby-:0кинь, п'яний, вибач, якщо це не має сенсу-не ні як ^ танцюй 2 барабани та баски! веселощі, дуже гарний х рос хххххххх"""
ham,"Ваша думка про мене? 1. Старша 2. Джада 3. Кусруті 4. Приваблива 5. Мовчазна 6. Розсіяна 7. Незріла 8. Стильна 9. Проста Будь ласка, дайте відповідь.."
ham,Скільки ми отримуємо?
ham,Ваша газета вранці чи ввечері?
ham,"Шановний звільнений з Вестонзойленду, всі збираємося планувати і цей кінець!"
ham,"Сподіваюся, у тебе чудовий новий семестр. Бажаю тобі всього найкращого. Ти створений для величі."
ham,"О так, я можу розмовляти, надсилайте SMS, ні! Хм. Ви отримали електронного листа?"
ham,"Я хочу показати тобі світ, принцесо :) а як щодо Європи?"
ham,"Ніхто не може вирішити, де їсти, а тато хоче китайську"
ham,"Ні, не стріляйте в мене. Я в приймальні лікарів. :/"
ham,А тепер? Я скоро йду на вечерю...
ham,"Привіт, на якому сайті можна завантажити пісні, терміново, будь ласка?"
ham,"Я розумію, що ти маєш на увазі, це король відсутності кредиту! Я зараз йду спати. Нічого, солодкого! Тільки б ще поспати!"
ham,Жахлива дівчина. Я в школі дещо роблю. А як ти отримав МС?
ham,"ПРИВІТ, КОХАНЬКО! Я НЕ ПРИЙДУ ВНОЧІ - КАЖИ ВСІМ! ВИБАЧ МЕНЕ, СПОДІВАЮСЬ, У ТЕБЕ ГАРНИЙ ЧАС! Олі подзвонила тобі, якщо здається, що все владнано, АЛЕ Я ВСЕ ПОЯСНЮ В ПОНЕДІЛОК."
ham,"Я подзвоню тобі пізніше, немає мережі. Якщо терміново, напиши мені."
ham,"Емммммаа Багато-багато щасливих повернень дня ""д"", моє любе солодке серце... З ДНЕМ НАРОДЖЕННЯ, люба!"
spam,"Будь ласка, негайно зателефонуйте за номером 08712402779, оскільки на вас чекає термінове повідомлення."
ham,"Так, якщо все піде так, як з моїми друзями, я викину своє лайно за пів години."
ham,"Мама каже, що ми хочемо піти, то йди... Тоді вона зможе не дивитися виставку скла..."
ham,Який твій план на Понгал?
ham,"Просто зачекайте до кінця березня, коли Ель-Ніньйо візьметься за справу. О."
ham,"Ще ні, чикку... йду до кімнати нова, я в автобусі..."
ham,Я також працюю лише в CBE. Але маю платити.
ham,"Кохана, я сумую за тобою."
ham,Ми надіслали вам на електронну адресу JD для роботи з клієнтами та менеджера з облікових записів. Для отримання детальної інформації зв'яжіться з нами.
ham,"Гей, я у батьків за готівкою. Гарні новини: ми підібрали низину."
ham,"Щиро дякую. Коли ми спілкувалися по скайпу з К.З. та Сурою, нам не сподобалося ваше товариство. Сподіваюся, у вас все добре. Ми ж поставили вам ультиматум! Ми ​​починаємо зворотний відлік до Абуро. Насолоджуйтесь!"
spam,"Голодні геї відчувають голод і готові до 4, зараз же. Телефонуйте 08718730555 лише за 10 копійок/хв. Щоб припинити надсилати текстові повідомлення, телефонуйте 08712460324 (10 копійок/хв)."
ham,"Добре. Нічого страшного. Просто пам'ятай, що друг у скруті..."
ham,Побачу через пів години
ham,"Я в inperialmusic слухаю найдивніший трек від ""leafcutter john"" - звучить як домагання до комах та сантехніка, ремікс від злих людей під кислотою!"
ham,"«Гей, вибач, я тобі раніше не подзвонив, люба, тільки що лежав у ліжку, але зараз піду в паб, якщо ти хочеш, щоб гора встала? Завантажує любов, Дженxxx»."
ham,СЕРЙОЗНО. СКАЖИ ЇЙ ТОЧНО ЦІ СЛОВА ПРОСТО ЗАРАЗ.
spam,"Можеш отримати 2 телефони ЗАРАЗ? Я хочу поспілкуватися, домовитися про зустріч. Зателефонуй мені ЗАРАЗ за номером 09096102316. Ти можеш кінчити тут. 2moro Luv JANE xx Дзвінкигрн1/хвmoremobsEMSPOBox45PO139WA"
ham,"Хі-хі. Йду на лекцію, бай-бай."
ham,"Вибач, чикку, у мене виникли проблеми з мобільним, тому ти не змогла тобі відповісти чи написати повідомлення."
ham,"Якщо ви досі не забрали тісто, будь ласка, повідомте мене, щоб я міг піти туди, куди я його відправив, і отримати контрольний номер."
ham,Добре...
spam,"оператор мережі. Послуга безкоштовна. Щоб ознайомитися з умовами та положеннями, відвідайте 80488.biz"
ham,"Дайте мені знати, як з вами зв'язатися. Я вас поселив у кімнаті. Дайте знати, що з вами все гаразд."
ham,"Що тобі за два, диваку?"
ham,"Можу зробити, лор..."
ham,"Не ставте телефон у беззвучний режим, гаразд"
ham,"Чи можу я зустрітися з тобою о 5?.. Оскільки 4 де залежить від того, де ти хочеш 2 у Лорі.."
ham,Чекаю на початок мого телешоу... Ти все ще зайнятий написанням репортажу?
ham,"Ого. Це вперше, коли ти використовуєш такі слова?"
ham,"Я єдиний, хто не стежить за профілями?"
ham,"Завжди зелена цитата, яку коли-небудь розповідав Джеррі в мультфільмі: «Людина, яка тебе завжди дратує, — це та, яка тебе дуже любить, але не може цього висловити...!..!! :-) :-) добре зараз"
ham,"Так, я так і думав. Дякую."
ham,"Але якщо вона п'є, то я в порядку."
ham,"Просто цікаво, інші просто втекли"
ham,"Ніч закінчилася для ще одного дня, ранок настав особливим чином. Нехай ти посміхаєшся, як сонячні промені, і залишаєш свої турботи в блакитній блакитній затоці. Щиро вітаю."
ham,"Що ти робиш, мій песику? Невже я завжди маю чекати до кінця твого дня, щоб отримати від тебе звістку? У тебе вже закінчився час на мобільному?"
ham,З новим роком і тебе!
ham,"Привіт... Чудова пропозиція... Екскурсія фермою з 9:00 до 17:00 $95/особа, депозит $50 до 16 травня"
ham,"Їж японську, зроблену після твого лекту... Ти отримав лект о 12-й..."
ham,"Привіт, люба! Я бачила, як ти на секунду зайшла в інтернет, а потім зникла, що сталося?"
ham,"Так, моя дата народження у свідоцтві про народження в квітні, але справжня дата сьогодні. Але не публікуйте її. Я зроблю вам особливий подарунок, якщо ви збережете таємницю. У будь-якому разі, дякую за побажання."
ham,З днем ​​народження... Нехай усі твої мрії здійсняться...
ham,"Айя, ти вже добре впоралася. Е NYDC з блокуванням вілк?"
ham,"СКАЖИ ЇЙ, ЩО Я КАЖАВ ЇСТИ ГАЙНО."
ham,"Звісно! Я за кермом, але скоро доберуся до місця призначення."
ham,"Я теж, скільки коштує 8-й? П'ятдесят?"
ham,Твоє щоденне повідомлення від мене – цього разу послуга
ham,"Чудово чути, що ти добре влаштовуєшся. То що там з Олою?"
ham,"Ці х*йові сосуни. Якщо тобі від цього легше, то iPad — це нікчемна дрібниця, і тобі має бути шкода, що ти його взагалі хочеш."
ham,"Я маю на увазі, що ти досягнеш Ляо. Він сказав футболку."
ham,"Френ, я вирішив піти в інший бік, я повністю зламався і був виснажений, я встав близько 3 куб. 2 MRW, люблю Дженкс. До речі, це телефон мого тата, - в кредиті немає."
ham,"Я зараз не можу відповісти на телефон. Будь ласка, надішліть повідомлення."
ham,Маєш рацію! Я зараз же запишуся на прийом.
ham,"Посада - розробник програмного забезпечення, і можливо, вона потрапила до Ченнаї :)"
spam,"Насолоджуйтесь золотим клубом Jamster Videosound, отримуючи 2 нових відеозвуки + 2 логотипи + музичні новини! Отримуйте більше задоволення від jamster.co.uk! Тільки для осіб віком від 16 років. Допомога? Телефонуйте: 09701213186"
spam,"Отримайте 3 мелодії Lions England, дайте відповідь lionm 4 моно або lionp 4 полі. Ще 4, перейдіть на www.ringtones.co.uk, оригінальні та найкращі. Мелодії. Діють тарифи оператора мережі 3 GBP."
ham,"Я жартую, вони дуже зайняті... ""Якщо зайнятий, то не буду турбувати""."
ham,"Добре, будьте обережні! Не пишіть текстові повідомлення за кермом!"
ham,"Я завжди буду поруч, навіть якщо це просто по духу. Скоро зроблю собі великий член. Просто намагаюся переконатися, що він мені потрібен."
ham,"Ти занадто близько до мого серця. Якщо ти підеш, я буду розбитий. Будь ласка, залишайся зі мною."
ham,"Я люблю тебе двоє, люба! Ти впевнена, що все чудово? Він що, поводиться як ідіот? Напиши йому, дівчинко."
ham,"Як щодо того, щоб збільшити деякі фотографії?"
ham,"Маю, але маю 2 кольори, лор. Один колір досить світлий, а інший темніший, лор. Власне, я закінчила, вона зараз укладає мені волосся."
ham,"Коли тобі сумно, коли тобі сумно, пам'ятай, що я тут, слухай, коли хочеш сказати: ""Просто пройдися зі мною трохи"", і я обіцяю, що поверну твою посмішку. :-)"
ham,"Чому нічого. Гаразд, все одно пригости мене."
spam,"Виграйте найновіший «Гаррі Поттер і Орден Фенікса (Книга 5)», дайте відповідь на запитання ГАРРІ, дайте відповідь на 5 запитань — шанс стати першим серед читачів!"
ham,Добре...
ham,Правильно. То як сьогодні пройшла робота?
ham,"Щойно знову відправили. Ти кричиш і стогнеш у ліжку, принцесо?"
ham,"Я вже давно прокинувся... Не знаю, що ще?"
ham,"О, просто помщуся з тобою... з тобою?"
ham,"Я думаю, що 50 мало б бути нормально, сказав він, плюс мінус 10. Ти залишив рядок між абзацами?"
ham,"Будь ласка, передзвоніть мені. Ваш номер показується поза зоною покриття. У мене терміновий дзвінок у Васаї, і я маю прибути до 16:00, тому передзвоніть мені, будь ласка."
ham,"Так, Джей якийсь клятий дебіл."
ham,"Вибач, був у ванній, ну що?"
spam,"Ваш баланс зараз становить 500 гривень стерлінгів. Ваше наступне питання: Хто співав ""Uptown Girl"" у 80-х? 2 відповіді, надішліть свою ВІДПОВІДЬ на номер 83600. Удачі!"
ham,Мій іспит 4 лютого. Бажаю вам гарного дня.
ham,"Я не знаю, що робити, щоб вийти з цього, тому задаю лише такі питання, не зрозумійте мене неправильно."
ham,"Гаразд, не поспішайте, я запитаю Джея."
ham,"Доброго ранку, будь ласка, зателефонуйте мені, сер."
ham,"Все гаразд, люба. Ти теж лягаєш спати рано... Ніч..."
ham,"О... Айчік... Клор, до зустрічі іншого дня..."
ham,"О! Півгодини в Сирії набагато довше, ніж у Канаді, еге ж? Ого, ти, мабуть, встигаєш зробити набагато більше роботи за день, ніж ми, з усім цим додатковим часом! *посміхається*"
ham,"Іноді ми ставимо стіни навколо своїх сердець не лише для того, щоб захиститися від болю... А й щоб дізнатися, кому не байдуже, щоб зруйнувати ці стіни та стати ближче... НАСПРАВЖНІЙ ДЕНЬ :)"
ham,"Чудово, ми можемо піти до 4U, щоб зустрітися з Карлосом, а можемо й ні, тож оцініть зацікавленість Петті в цьому."
ham,Тоді вона купує сьогодні? Ü не потрібно звертатися до мене...
ham,"Вибачте, мені знадобилося десять років, щоб прийняти душ. Які плани?"
ham,Щопонеділка..наступного тижня буде завершено..
ham,"Можливо, я туди поїду."
ham,"Просто відпочинь ще 6 годин. Якщо зможеш поспати, біль не є хірургічною невідкладною ситуацією, тож подивися, як він розвиватиметься. Гаразд."
ham,"Так, я спробую щось вишукати"
ham,"Божевільний, що він одружений. Мені подобаються хлопці, схожі на Бога, не я. Мої друзі кажуть, що він улюбленець кореянки Леони, але я не думаю, що він такий. Після деяких роздумів, можливо, найімовірніше, я піду."
ham,Були десь на Фредеріксберзі
ham,Que pases un buen tiempo або щось подібне
ham,"Можна мені залишитися тут на ніч? У Ксав'єра є спальний мішок, а я втомлююся."
ham,Їй не потрібні жодні тести.
ham,"Нічого особливого, відпочиваю вдома. Якісь плани на Супербоул?"
spam,"БЕЗКОШТОВНЕ 2-ДНЕВНЕ сексуальне фото Йорданії з Днем Святого Георгія! Надішліть фото на номер 89080, не пропустіть, а потім щотижня зухвала знаменитість! Ще 4 фото c PocketBabe.co.uk 0870241182716 грн3/тиждень"
ham,Бугіс осо біля води...
ham,"Йой, там же немає жодного класу, чи не так?"
ham,"Нехай твоє серце буде твоїм компасом, твоїм розумом, твоєю картою, твоєю душею, твоїм провідником, і ти ніколи не загубишся у світі....гнун - Надіслано через WAY2SMS.COM"
ham,"На добраніч, спи добре, будь ласка, бережи себе. Будь ласка."
ham,Бееее! Я сумую за тобою! Де ти? Мені треба йти викладати о 5-й...
ham,Передай йому мої вітання
ham,"Тобі потрібно було переконати його, що це неможливо, не зачепивши його почуттів, це головне."
ham,"Доброго дня, коханий/кохана! Як твій день? Тобі щастить? Я думаю про тебе, любий/кохана, і посилаю свою любов через море, щоб ти був/була усміхнений/посміхнена та щасливий/щаслива."
ham,"Якщо я почну надсилати BlackBerry Torch до Нігерії, чи знайдете ви для мене покупця? Приблизно на 4 місяці. І скажіть татові, щоб він ні в кого не купував BB, о."
ham,"<#> % людей одружуються зі своїми коханцями... бо вони добре розуміють, що це дозволяє уникнути проблем. Я надіслав це вам, ви отримаєте гарні новини в п'ятницю від людини, яка вам подобається. А завтра буде найкращий день у вашому житті. Не розривайте цей ланцюг. Якщо ви розірветеся, ви постраждаєте. Надішліть це <#> друзям через <#> хвилин після читання..."
ham,"Чувак, вгадай, кого щойно заарештували днями?"
ham,"Шухуй кажеш, що змінив пароплав Suntec на 2? Ти де? Де ти зараз?"
ham,Що робить танцювальна річка?
ham,"Єтунде, вибач, але ми з Моджі, здається, надто зайняті, щоб піти за покупками. Чи можеш ти просто знайти якийсь інший спосіб отримати те, що ти хотіла, щоб ми отримали? Будь ласка, вибач мене. Ти можеш відповісти безкоштовно через Yahoo Messenger."
ham,"Гей, я дуже запізнюся... Хочеш спочатку піти на урок? Я приєднаюся до тебе. Я тільки зараз доїду до метро."
spam,"ГАРЯЧІ ФАНТАЗІЇ НАЖИВО телефонуйте зараз 08707509020 Всього 20 копійок за хвилину NTT Ltd, поштова скринька 1327, Кройдон CR9 5WB 0870..k"
ham,"Цей барбекю стояв у мене приблизно з 6. Ласкаво просимо, приходьте."
ham,"Не знаю, те саме трапляється час від часу, він панікує і починає думати, що недостатньо хороший..."
ham,Добре. Я вийшов – гарної ночі!
ham,Ти пробував зробити ще один приклад?
ham,"Сподіваюся, у тебе все чудово. Будь ласка, розкажи мені. Абіола."
ham,"Я думав, нам варто вийти кудись розважитися, наприклад, завітати до бару в місті чи щось таке – звучить нормально?"
ham,1) Перейдіть до написання повідомлення. 2) Увімкніть режим словника. 3) Закрийте екран рукою. 4) Натисніть <#>. 5) Обережно приберіть руку. Це цікаво..:)
spam,"Ведмеді Фото Нік, і Том, Піт і ... Дік. Насправді, всі типи спробуйте гей-чат із завантаженням фотографій, телефонуйте за номером 08718730666 (10 копійок/хв). 2 зупинки текстових повідомлень, телефонуйте за номером 08712460324"
spam,"500 нових мобільних телефонів 2004 року, ОБОВ'ЯЗКОВО! Надішліть SMS-повідомлення з текстом NOKIA на номер 89545 та заберіть свій сьогодні! ВІД ЛИШЕ 1 гривняа стерлінгів www.4-tc.biz 2optout 087187262701.50gbp/mtmsg18 АУКЦІОН ТЕКСТУ"
ham,"Ми нарешті готові, до вашої інформації"
ham,Тітка Хуай Цзюань ніколи не бере слухавку
spam,"Подвійні хвилини, подвійні текстові повідомлення та оренда лінії за півціни на найновіших мобільних телефонах Orange Bluetooth. Зателефонуйте за номером MobileUpd8, щоб дізнатися про найновіші пропозиції. 08000839402 або call2optout/LF56"
ham,"Тел., в чому твоя проблема.."
spam,№1 Nokia Tone 4 для вашого мобільного щотижня! Просто надішліть SMS у норвезьких кронах на номер 87021. Перший тональний сигнал БЕЗКОШТОВНИЙ! тож отримайте SMS зараз і розкажіть своїм друзям. 150 копійок/тональний сигнал. 16 відповідей HL 4info
ham,я не хочу з тобою розмовляти
ham,Ми проводимо свої дні в очікуванні ідеального шляху... Але ми забуваємо... «Шляхи створюються ходьбою... а не очікуванням...» На добраніч!
ham,"Все гаразд, моя рука слабне, бо мені зробили щеплення, тож ми можемо піти іншим разом."
ham,"Будь ласка, забронюйте квиток на суботу ввечері з Ченнаї до Тірунелвалі та знову з Тірунелвалі до Ченнаї на неділю ввечері... я вже бачу в інтернеті... квитків немає... я хочу забронювати квиток через Tackle..."
ham,"Бурхливе повідомлення: Коли ти піднімаєш телефон, ти кажеш «ПРІВІТ». Чи знаєш ти, що насправді означає «ПРІВІТ»?? . . . Це ім'я дівчини..! . . . Так.. І ти знаєш, хто ця дівчина?? «Маргарет Хелло». Вона дівчина Грембелла, який винайшов телефон... . . . . Мораль: Можна дізнатися ім'я людини, але не її дівчину... На добраніч . . .@"
ham,"Нічого страшного. Я заскочила запитати про щось, і вона сказала, що ти був у неї. Ти будеш тут сьогодні ввечері, коли прийде ця дівчина?"
ham,"Все найкраще, ваш іспит пізніше."
ham,"Сподіваюся, в тебе не сильно болить голова! Я порпаюся в купі прасування! Залишуся вдома з чобітком сьогодні ввечері, приходь, якщо хочеш."
ham,"О, Кі, думаю, більшість гравців з Вісконсину та Нової Зеландії не продані."
ham,"Ха-ха... Звідки так швидко схуднути, дякую, треба йти 4 рази на місяць, і тоді є ефект... Гм, пізніше ми точно наберемо вагу."
ham,"Цікаво, як ти вийшов в інтернет, коханий/кохана? Ти ходила в інтернет-кафе? Ти поповнила свій телефон? Ти була в інтернеті друзів? Я думаю про тебе, хлопче."
ham,"Ха-ха, жартую, татові потрібні наркотики."
ham,"Дякую, міг би... Так, я хочу пройти 4 уроки... Ха-ха, можу пройти цілий відрізок..."
ham,"О, гаразд.."
ham,Ми все ще зустрічаємося сьогодні ввечері на четверо?
ham,Круто! Я джентльмен і ставитимуся до вас з гідністю та повагою.
ham,"Почну з того, що чув."
ham,"Тоді ми чекаємо вчотирьох, друже... Не потрібно сумувати, друже..."
ham,"Ні, ти перевірив? Я отримав його детальне повідомлення."
ham,Ви зареєстрували Sinco як отримувача платежу. Увійдіть на icicibank.com та введіть URN <#> для підтвердження. Остерігайтеся шахрайства. НЕ передавайте та НЕ розголошуйте URN нікому.
ham,"Ні, я вирішив, що голосують лише ті, кому не байдуже, а турбота про речі — для невдах."
ham,"Кайєз... Насолоджуйся навчанням... Гей... Дякую, другий варіант звучить як бета... Я піду, щоб написати тобі..."
ham,Ви зареєстрували Sinco як отримувача платежу. Увійдіть на icicibank.com та введіть URN <#> для підтвердження. Остерігайтеся шахрайства. НЕ передавайте та НЕ розголошуйте URN нікому.
ham,Круто. Нам буде весело практикуватися у вихованні дітей!
ham,"Власне, готуючись виходити з дому."
ham,К..к..щось особливе сьогодні?
spam,"ТЕРМІНОВО, ВАЖЛИВА ІНФОРМАЦІЯ ДЛЯ КОРИСТУВАЧІВ O2. СЬОГОДНІ ВАШ ЩАСЛИВИЙ ДЕНЬ! 2 ДІЗНАЙТЕСЯ, ЧОМУ ЗАХОДЬТЕ НА HTTP://WWW.URAWINNER.COM. НА ВАС ЧЕКАЄ ФАНТАСТИЧНИЙ СЮРПРИЗ"
ham,Тоді нам доведеться це зробити після цього
ham,"У мене десять баксів, Джей ухиляється."
ham,Де ж ми теж голодні?
ham,"Будь ласка, поговоріть з цим клієнтом-маханом."
ham,"Десь там, під блідим місячним світлом, хтось думає про тебе, десь там, де мрії збуваються... на добраніч і солодких снів"
ham,"Коли твоя мила людина дуже злиться на тебе, не сприймай це серйозно... Бо злитися - це найдитячіший і найщиріший спосіб виявити глибоку прихильність, турботу та любов!.. Тобі дуже приємно... Гарного дня."
spam,"Шановний/Шановна, тебе запросили до XCHAT. Це наша остання спроба зв'язатися з тобою! Надішліть SMS-повідомлення CHAT на номер 86688 150p/MsgrcvdHG/Suite342/2Lands/Row/W1J6HL LDN 18 років"
ham,"Тож яка твоя думка про нього, і який у нього характер?"
ham,"Джей хихикає і каже мені, що x повністю псує акорди, поки ми розмовляємо."
ham,Ні... кілька годин тому... пішов стригтися.
ham,"Не дивно... Бо я не пам'ятаю, щоб бачив срібну машину... Але мені здається, що я бачив чорну..."
ham,Лол. Зроби фото та надішли мені.
ham,"""Говори лише тоді, коли відчуваєш, що твої слова кращі за мовчання..."" Гуд мрнг :-)"
ham,Ні. Вона зараз у Шотландії з цього приводу.
ham,Ви працюєте весь цей тиждень?
spam,Вітаємо! Ви отримали подарункові сертифікати на компакт-диски на суму 500 гривень стерлінгів або безкоштовний вхід до нашого щотижневого розіграшу на суму 100 гривень стерлінгів. Надішліть SMS-повідомлення MUSIC на номер 87066 TnCs www.Ldew.com 1 win150ppmx3age16
ham,"Лол, чудово, тепер я голодний."
ham,Так.. тільки зараз побачив твоє повідомлення..
ham,Я буду в Му приблизно через <#> секунд
ham,Добре...
ham,"РІЧ ДОБРЕ, ДЯКУЮ, СКЛАЛА ІСПИТИ В БЕРЕЗНІ, Я НЕ ПОВТОРЮВАЛА? ФРЕН ДОСИТЬ З ХЛОПЦЕМ? МЕНІ ТРЕБА ПРОЙТИ СПІВБЕРЕГУ В ЕКСЕТЕРІ, ТРОХИ ХВИЛЮЮСЯ!x"
ham,"Знаєш що? Якщо ти створиш невелику таблицю та відстежиш, чия була ідея закурити, щоб визначити, хто ""забагато курить"" протягом усього лютого, я знайду..."
spam,"Продається мішень для дартсу ""Арсенал"". У хорошому стані, але немає подвійних та потрійних мішень!"
ham,"Не озирайся на будівлю, бо в тебе немає пальта, а я не хочу, щоб ти ще більше захворів. Просто швидше йди додому та вдягни пальто в спортзал!!!"
ham,"Моя болісна особиста думка: «Я завжди намагаюся зробити так, щоб усі були щасливі. Але ніхто не впізнає мене, коли я сам»."
ham,Дякую за чудові побажання. Ти супер.
ham,"Ви, безстрашний дует! Гарно проведіть час і до скорої зустрічі."
ham,Я попросив Сена приїхати до Ченнаї та пошукати роботу.
ham,Тато вийшов поряд...
ham,"Я просто сподіваюся, що це правда, що він сумує за мною, бо я дуже сумую за ним! Ти ще нічого не зробила, через що почувалася б винною."
ham,"Так пізно, а вже рано, ма. Або ми просто підемо на вечерю вчотиріх, друже. Айя, я не знаю..."
ham,"З руками все гаразд, як справи в Кардіффі та університеті?"
ham,"Власне, коли ти йдеш? Я думаю, що Адді повертається до школи у вівторок чи середу."
ham,"Прохолодний вітерець... Яскраве сонце... Свіжі квіти... Щебетання пташок... Всі вони чекають, щоб побажати вам: ""ДОБРОГО РАНКУ ТА ГАРНОГО ДНЯ"" :)"
ham,Так:) Йду в ресторан..
ham,"Все гаразд, я просто спитав, чи ти знав це, чи ні?"
spam,"Безкоштовний вхід у перший тиждень. 2 TEXTPOD, шанс виграти 40 ГБ iPod або 250 гривень стерлінгів готівкою щотижня. Надсилайте POD на номер 84128. Правила та умови: www.textpod.net, служба підтримки: 08712405020."
ham,"Ці шиншили, що ховаються"
ham,Я на весільній церемонії
ham,"Схоже, ти почнеш з форою, я виїжджаю звідси приблизно о 14:30, але якщо тобі дуже потрібна моя компанія, я міг би піти раніше — ми мали зустрітися ввечері."
ham,"Плювати літаючим мавпам, що вони думають, і мені точно байдуже. Будь-який мій друг і все таке!"
spam,"Як зареєстрований підписник, ви зможете взяти участь у розіграші 4 подарункових ваучерів на 100 гривень стерлінгів після отримання правильної відповіді на номер 80062. Що є №1 у чартах BBC?"
ham,скажи дякую2.
ham,"Напиши мені, коли прийде Раджіні."
ham,Так! Коли ти братимеш практичні уроки? Я починаю в червні..
ham,"Це добре, бо мені потрібні ліки."
ham,Дурість. Це неможливо.
ham,"Чи можна тобі швидше вирішити, бо моя сестра йде додому, Ляо?.."
spam,"Нарешті літо настало! Хочете поспілкуватися чи пофліртувати з сексуальними самотніми людьми у вашому районі? Щоб отримати ПІДПИС, просто дайте відповідь SUMMER зараз. Безкоштовна реєстрація для двох. Відмова від участі SMS STOP Довідка 08714742804"
ham,"Ти зараз спиш.. Чи збираєшся взяти? Ха-ха.. У мене є шпигуни, що.. Я онлайн перевіряю та відповідаю на пошту, ха-ха.."
spam,"КЛЕР, нудьгую і зараз я сама. Хочеш кінчити на 2 ночі? Спілкуйся зараз 09099725823 Сподіваюся, що 2 CU Люблю КЛЕР xx Дзвінкигрн1/хвбільше мобівEMSPOBox45PO139WA"
ham,"Боротися зі світом легко, ти або виграєш, або програєш, але боротися з кимось близьким до тебе важко. Якщо ти програєш - ти програєш, якщо ти виграєш - ти все одно програєш."
spam,"Купив одну мелодію дзвінка, а тепер отримую повідомлення вартістю 3 гривні, пропоную більше мелодій тощо."
ham,"Yalru lyfu astne chikku.. Bt innu mundhe lyf ali halla ke bilo (marriage)program edhae, so lyf is nt still ovr chikku..ali vargu lyfu meow meow:-D"
ham,Щось на зразок. Перший прийде о дванадцятій! Аа. Говори томо.
spam,09066362231 ТЕРМІНОВО! Ваш мобільний номер 07xxxxxxxxx виграв бонусний приз у розмірі 2000 гривень стерлінгів 02.06.03! Це друга спроба додзвонитися до ВАС! Телефонуйте за номером 09066362231 якомога швидше!
ham,"Добре, тоді я пізніше прийду і знайду тебе... Мені пощастило, що я сказав тобі піти раніше... Пізніше люди закінчать, і більше ніколи..."
ham,"Через що ти думаєш, що я впаду? Але насправді я думаю, що я досить схильний до падінь двічі. На щастя, мій тато вдома, я попросив його прийти і забрати мене вже."
spam,"Ви гарантовано отримаєте найновіший телефон Nokia, MP3-плеєр iPod на 40 ГБ або приз у розмірі 500 гривень стерлінгів! Надішліть SMS-повідомлення зі словом COLLECT на номер 83355! TC-LLC NY-USA 150 копійок/мес. msgrcvd18+"
ham,Ваш рахунок успішно поповнено на суму <DECIMAL> INR. Баланс вашого передплаченого рахунку KeralaCircle становить <DECIMAL> Rs. Ідентифікатор вашої транзакції – KR <#>.
ham,Я не торкатимуся тебе без твого дозволу.
spam,"Привіт, це ЛЮСІ. Чоловік на зустрічах цілий день у п'ятницю, а я буду сама в готелі. Хочеш кмину? Будь ласка, залиште повідомлення через 2 дні. 09099726395 Люсі x Дзвінки грн1/хв MobsmoreLKPOBOX177HP51FL"
ham,"7 чудес мого СВІТУ 7-е місце — це ти, 6-е місце — твій стиль, 5-е місце — твоя посмішка, 4-е місце — твоя особистість, 3-є місце — твоя природа, 2-е місце — твоє SMS та 1-е місце — «Твоя чудова дружба»... доброго ранку, люба."
ham,Приймайте невелику дозу таблеток від лихоманки
ham,"О. Мабуть, ти спочатку взяв свого СПРАВЖНЬОГО Валентина на шопінг."
ham,"Щойно надіслав тобі електронного листа – на адресу, в якій є слово ""incomm"", чи не так?"
ham,"Гаразд, ти будеш у Блейка всю ніч? Можливо, мені вдасться вибратися звідси трохи раніше."
ham,"Дружба — це не гра, це не слово, вона не починається у березні та не закінчується у травні, вона є завтра, вчора, сьогодні і знову..."
ham,"Чудово. Зачекай... тобі варто зараз писати повідомлення? Я ж не збираюся оплачувати тобі штраф, знаєш!"
ham,"Я дивлюся ""Лотр"" з моєю сестрою після цього. Тож ти хочеш зустрітися зі мною на вечерю ввечері, а ні?"
ham,Чому ти тримаєш мене подалі?
ham,"Я думаю, що це набагато більше, але дізнайтеся. Перевірте карти Google, щоб знайти місце з вашого гуртожитку."
ham,"Моя поїздка була нормальною, але досить виснажливою, друже. Університет починається сьогодні, але для мене все гаразд, бо я не вивчаю жодних модулів, а просто зосереджуюся на своєму випускному проекті."
ham,"Ти завжди казав ""вітаю""?"
ham,"Я хлопець, перегляд веб-сторінок обов'язковий."
ham,Добре...
ham,"Чистота дружби між двома полягає не в посмішці після прочитання пересланого повідомлення. Йдеться про посмішку, просто побачивши ім'я. Найкраще, що ти хочеш."
ham,"Вибачте, я подзвоню пізніше"
ham,"(Варто додати, що мені байдуже, і якщо тобі ні, то я можу хоча б відшмагати цього чувака, але гей, твої гроші, якщо хочеш)"
ham,"Привіт, коханий/кохана! Як справи на новій роботі? Ти вже на місці? Ти щасливий/щаслива? Ти думаєш про мене? Я прокидаюся, мій рабе, і посилаю тобі дражливий поцілунок з-за моря."
ham,Я сказав твій номер Готему..
ham,"Скажи їм, що не потрібно ніде мене розслідувати."
ham,"Добре, я просто отримую.."
ham,"Не можу повірити, що я стільки всього тобі сказала сьогодні вранці, хоча все, що я насправді хотіла сказати, це доброго ранку, я тебе люблю! Гарного ранку. Побачимося пізніше в бібліотеці."
spam,"На ваш рахунок нараховано 500 БЕЗКОШТОВНИХ текстових повідомлень. Щоб активувати, просто надішліть SMS-повідомлення зі словом: CREDIT на номер: 80488. Правила та умови www.80488.biz"
ham,"Зрештою, вона може все одно знудити, але це нормально. Не все вийде назовні."
ham,Як у тебе з грошима... тобто для тебе... гроші не мають значення... як ти себе почуваєш?
ham,"Це повністю пов'язано з погодою. Тримайтеся в теплі. Це застуда, але нічого серйозного. Будь ласка, дайте багато вітаміну С."
ham,"Гей, дівчата... Хтось із вас їде до автоцентру TMR?"
ham,"Тепер я завжди в Yahoo Messenger. Просто надішліть мені повідомлення, і я його отримаю. Можливо, вам доведеться надіслати його в мобільному режимі, але я його отримаю. І відповім."
ham,Я зараз його одягаю. Він має бути готовий до <TIME>.
ham,"Час і посмішка – дві найважливіші речі в нашому житті. Іноді час змушує нас забути про посмішку, а іноді чиясь посмішка змушує нас забути про час, добрий полудень."
spam,"SMS. ac JSco: Енергія висока, але ти можеш не знати, куди її спрямувати. 2day твої лідерські якості сильні. Екстрасенс? Відповісти ANS із запитанням. Кінець? Відповісти END JSCO"
ham,Ідентифікатори на базі хоста для систем Linux.
spam,"ГАРЯЧІ ФАНТАЗІЇ В ЖИВОМУ ЕФІРІ телефонуйте зараз 08707509020 Всього 20 копійок за хвилину NTT Ltd, PO Box 1327 Croydon CR9 5WB 0870 – це дзвінок за національним тарифом"
ham,Не дай :) що ти плануєш?
ham,Буду там  добре.
ham,О Боже мій. Я майже вдома.
ham,"Безкоштовне завантаження Total Video Converter, введіть це в пошук Google:)"
spam,"Дякуємо за голос. Тепер співайте разом із зірками за допомогою караоке на своєму мобільному телефоні. Щоб отримати БЕЗКОШТОВНЕ посилання, просто дайте відповідь, написавши «СПІВАЙТЕ зараз»."
ham,"Коли твоя мила людина дуже злиться на тебе, не сприймай це серйозно... Бо злитися - це найдитячіший і найщиріший спосіб виявити глибоку прихильність, турботу та любов!.. Тобі дуже приємно... Гарного дня."
ham,"Звучить як щось, що сказав би хтось, хто мене перевіряє."
ham,"Коли ти кохаєш когось, не змушуй його кохати тебе так сильно, як ти. Але люби його так сильно, щоб він не хотів, щоб його кохав хтось, крім тебе... Боже мій."
ham,"Піте, це все ще твій телефон? Це Дженні з коледжу, і це Ліанна. Чим ти зараз займаєшся?:)"
ham,"Ой, вибачте. Просто хочу перевірити, чи ви не проти забрати мене, Томо, о пів на дев'яту з вокзалу. Це нормально?"
ham,"Привіт, люба, я хотіла спитати, чи не могла б ти підійти до мене? Я хочу надіслати файл комусь, але він не переходить через Yahoo, бо в них погане з'єднання. Пам'ятаєш, як ти налаштувала ту сторінку, щоб я могла завантажити диск у форматі? Чи не могла б ти сказати мені, як це зробити? Або знаєш якийсь інший спосіб завантаження великих файлів? Тому що вони можуть завантажувати речі безпосередньо з Інтернету. Будь-яка допомога буде дуже доречною, моя здобич... *дражливий поцілунок*"
ham,Як чемпіон щойно покидає Глазго!
ham,К:) всього найкращого:) вітаю...
ham,"Цікаво, чи отримаєте ви це повідомлення?"
ham,Мені потрібно повернутися додому і добре тебе покохати...
spam,"Наш абсолютно новий мобільний музичний сервіс вже доступний. Безкоштовний музичний плеєр з'явиться незабаром. Просто встановіть його на свій телефон, щоб переглядати контент від найкращих виконавців."
ham,"Можна я одне запитаю, якщо ви мене не помиляєте?"
ham,"Перевірте правильність написання, наприклад, сарказм"
spam,ТЕРМІНОВО! Ваш мобільний номер отримав бонусний приз у розмірі 2000 гривень стерлінгів 08.01.03! Це наша друга спроба зв'язатися з ВАМИ! Телефонуйте за номером 0871-4719-523 BOX95QU BT національний тариф
ham,"Ти сердишся на мене? Що трапилося, люба?"
ham,"Гадаю, у тебе вже немає жодної натяки на форумі, лор... Бо я сказав Рону, що Даррен збирається розповісти Шухуї."
ham,"Так, добре, дякую..."
ham,"Привіт :), співробітнику cts, як справи?"
ham,"Будь ласка, дізнайся у тітки Найк."
ham,"Вау... Я так сильно тебе кохаю, знаєш? Я ледве можу це витримати! Цікаво, як проходить твій день, і чи все в порядку, моя кохана... Я думаю про тебе і сумую за тобою."
ham,Не кричати означає кричати..
ham,"Гей, що трапилося? Ти в порядку?"
ham,Чи варто було мені раніше взяти чек чи щось таке?
ham,"Я думаю, що Ченнаї добре влаштувався?"
ham,"Ой, чорт! Я не хотів це тобі надсилати! Лол!"
ham,"На жаль, я щойно дізнався, що нам треба забрати мою сестру з аеропорту того вечора, тому, гадаю, я взагалі нікуди не піду. Нам варто спробувати вийти кудись одного з..."
ham,Жахливий хлопець... Я тепер дуже голодний...
ham,Пам'ятай той день..
spam,"Ви виграли Nokia 7250i. Ось що ви отримаєте, якщо виграєте наш БЕЗКОШТОВНИЙ аукціон. Щоб взяти участь, надішліть Nokia на номер 86021 зараз. HG/Suite342/2Lands Row/W1JHL 16+"
ham,"Як тобі? Містере, ти не мій справжній Валентин, лише мій твій Валентин, хоча ти майже не граєш!!"
ham,Все звучить добре. Пальці. Ускладнює друкування.
ham,Найраніше опівночі
ham,"Ти не впевнений, що я не намагаюся змусити Ксав'єра курити, бо не хочу курити після того, як мені сказали, що я курю забагато?"
ham,"К, приходь до Нордстрома, коли закінчиш."
ham,"Ти знаєш, що таке справжня ДРУЖБА? Я даю тобі приклад: просто ці повідомлення... Кожне написання цих повідомлень неправильне... Але все одно ти можеш прочитати це без проблем... НАСПРАВДІ ТА СПІЛЬНОГО СНУ... СОЛОДКИХ СНІВ..."
ham,А зараз прес-конференція :)
spam,"Вітання від Orange. Щоб отримати 1 місяць безкоштовного доступу до ігор, новин та спорту, а також 10 безкоштовних текстових повідомлень та 20 фотоповідомлень, дайте відповідь «ТАК». Діють умови: www.orange.co.uk/ow"
ham,Після закінчення навчання. Немає сенсу займатися фінансами.
ham,"Доброго дня, моя кохана! Є якісь перспективи роботи? Ти сумуєш за мною? Чим ти займаєшся? Ти лінива та похмура, хмм? Чи щаслива та сповнена моєї любові?"
ham,Більше не буду тебе турбувати... Цзя ти...
ham,"Бішан Лар ближче... Не потрібно купувати так рано, бо якщо купувати зараз, мені потрібно припаркувати машину..."
ham,"Я, я знову не знаю, о"
ham,"Чувак, шантаж за змію. Він постарів, а Райден отримав бафф."
ham,"Він передає привіт і каже, щоб ти повертався до південної Тампи (бажано в кегер)"
ham,У електронному повідомленні щойно. Ти подякував за подарунок.
ham,Ти теж...
ham,"Гаразд, як ти люба. Ти подзвонила Чечі?"
ham,"Так, ми робимо сумки-тоут. Коли хочеш?"
ham,"Добре, я знайшов цей одяг від П'єра Кардена, який виглядає нормально, коштує 20, він зі знижкою."
ham,"Гарний сон — це про ритм. Людина повинна встановити ритм, який організм засвоїть і використовуватиме. Якщо хочете дізнатися більше :-)"
ham,Що ти робиш?
ham,"Повідомлення від . Я в лікарні Труро, доб. Ви можете зателефонувати мені сюди, оскільки в мене є телефон поруч."
ham,"Один рядок з великим значенням::::: «Сумуй за всім у своєму «найкращому житті», але не сумуй за своїм найкращим життям ні за що... Гаразд...»"
ham,"Щойно отримав трохи грошей на бензин, чи може ти з компанією захочеш вирушити у грандіозну пригоду на природі?"
ham,Не хвилюйтеся... використовуйте шматочки льоду в тканинному пакеті. Також прийміть 2 таблетки.
ham,Чувак щойно побачив припарковану машину з піднятим люком. Сакс
ham,Приготуйся надіти свій чудовий сабфейс :)
ham,Що ж. Я закінчую 9 дверей.
ham,"Той <g>, який я бачив кілька днів тому, хлопець хоче продати Wi-Fi лише за <g>, а з 3G за <g>. Тому я його й не бачив."
ham,Я запізнююся. Я буду там о
ham,"що ж, я досить розлючений."
ham,"Сьогодні ДЕНЬ ПРИЙНЯТТЯ.. Ти приймаєш мене як? Брата, Сестру, Коханого/Кохану 1, Найкращого/Близьку 1, Закохану/Заміжню, Щиру френдку, Милу френдку, Партнера подружнього життя, Кохану/Сестру, Найкращу френдку. Ні, просто ворога."
ham,У мене не так багато образу в класі.
ham,"Ні :-) Ходили чутки, що ти збираєшся купити квартиру в Ченнаї :-)"
ham,Поруч офіс kalainar tv.thenampet
spam,"Ваш готівковий баланс зараз становить 500 гривень. Щоб максимізувати свої готівкові кошти, надішліть GO на номер 86688, лише 150 копійок/повідомлення. КК 08718720201 HG/Suite342/2Lands Row/W1J6HL"
spam,"SMS-АУКЦІОН - ЗОВСІМ НОВИЙ Nokia 7250 виставлено на 4 аукціони сьогодні! Аукціон БЕЗКОШТОВНИЙ, приєднуйтесь та беріть участь! Надішліть SMS-повідомлення NOKIA на номер 86021 зараз! HG/Suite342/2Lands Row/W1J6HL"
ham,"Моя сестра дивиться це шоу вдень, тому я не буду дивитися його разом з нею. Тож я хочу подивитися це сьогодні або пізніше, пане мій."
ham,"Звучить добре... Ха-ха... Можна... Вау, ти так швидко біжиш, ляо..."
ham,"Ні. Мабуть, це просто настирливість. Не знаю, чи я надто перебільшую, якщо мене лякає?"
ham,"Пам'ятай усіх тих, кому я завдав болю в дні сатанинського самозванця в мені. Доведеться заплатити ціну, нехай так і буде. Нехай доля продовжуватиме мене жити, і, як ти сказав, молись, щоб я зміг подолати це."
ham,Як зробити дівчину щасливою? Зробити дівчат щасливими зовсім нескладно. Тобі лише потрібно бути... 1. Друг 2. Компаньйон 3. Коханець 4. Шеф-кухар . . . ⍛ . Добрим слухачем ⍛ Організатором ⍛ Гарним хлопцем ⍛ Дуже охайним ⍛ Чуйним ⍛ Спортивним ⍛ Теплим ⍛ . Сміливим ⍛ . Рішучим ⍛ . Справжнім ⍛ . Надійним ⍛ . Розумним ⍛ . Винищувачем шкідників ⍛ . Психіатром ⍛ . Цілителем ⍛ <#> . Стиліст <#> . Водій . . Aaniye pudunga venaam..
ham,"Чому так, принцесо? Б'юся об заклад, що всі брати женеться за тобою!"
ham,"Я забронюю у Жюля на пів на дев'яту, якщо ви не проти?"
ham,"Хахахаха, рофл, що за хрень, Леонардо був у твоїй кімнаті чи щось таке?"
ham,"Так, зараз у Дерека вдома, побачимося в неділю <3"
ham,"Класно, дай мені знати, перш ніж це почнеться приблизно <#>, я буду весь день гуляти."
ham,"Вибачте, я подзвоню пізніше"
ham,"Я хотів би подумати, чи не можна тобі зателефонувати дядькові Джону і повідомити йому, що в Нігерії справи йдуть не так, як тут. Ці <#> долари призначені на два роки, і ти знаєш, що це важко, але я планую повернути кожен цент, який він дає. Кожен цент, тому очікувати від тебе чогось непрактично. Щось таке."
ham,"Після комісії за переказ жодних інших комісій немає, і ви можете знімати кошти будь-коли."
ham,"Не шукай кохання, дозволь коханню знайти тебе. Ось чому це називається закоханістю, бо ти не змушуєш себе, ти просто закохуєшся і знаєш, що є хтось, хто тебе обійме... BSLVYL"
ham,О 4. Ходімо до Білла Міллерса
ham,"Я кохаю тебе. Ти запалив мою душу. Це не просто іскра. А це полум'я. Велике, палке полум'я. Цьом-цькому."
ham,"Десь хтось точно створений для тебе. І Бог вирішив ідеальний час, щоб ти зустрів цю людину... до кінця дня... Насолоджуйся своїми закоханостями...!!! ;-)"
ham,Це мій одяг для медового місяця. :)
ham,"Чи допоможе, якщо ми запропонуємо повернутися ще раз завтра?"
spam,ПРИВАТНО! Ваша виписка з рахунку за 2003 рік містить 800 невикористаних SIM-балів. Телефонуйте за номером 08719899230. Ідентифікаційний код: 41685. Дійсний до 07/11/04.
ham,"Ніколи не звинувачуй жодного дня у своєму житті. Гарні дні дають тобі щастя. Погані дні дають тобі досвід. І те, й інше є важливим у житті! Усе це Боже благословення! Доброго ранку."
ham,"Будь ласка, підтвердіть час отримання чека."
spam,"Як зареєстрований передплатник, у 4-му річному розіграші буде взято участь у подарунковому сертифікаті на 100 гривень стерлінгів після отримання правильної відповіді. Коли наступні Олімпійські ігри? Надішліть відповідь на номер 80062?"
spam,ТЕРМІНОВО! Ваш мобільний номер ГАРАНтовано отримав приз у розмірі 2000 гривень стерлінгів. Зателефонуйте за номером 09061790121 зі стаціонарного телефону. Замовте 3030. Дійсний лише 12 годин. 150 стор./хв.
ham,Тато добре про тебе подбає :)
ham,"Так, мабуть, мені все одно треба зустрітися з Лео."
ham,К. тоді ще щось особливе?
ham,"Карлос, як завжди, не поспішає, тож дай мені знати, коли ви з Петті закінчите/захочете покурити, і я скажу йому розбиратися."
ham,"Добре, тата. Нічого страшного :-)"
ham,"Ти чув про цю роботу? Я знову йду сьогодні ввечері на ту розмову про дику природу, якщо хочеш. Це що, черв'яки та візел, чи що там таке?!"
ham,"Бог підняв квітку, вмочив її в РОСУ, з любов'ю доторкнувся до неї, яка перетворилася на тебе, а потім подарував мені та сказав: «ЦЬОМУ ДРУГУ 4 ТИ»."
ham,Коли ви приїхали до гуртожитку.
ham,"Гаразд, без проблем... тоді я прийду після обіду..."
ham,"Просто кажу тобі, що я поїду з Шанхаю 21-го, тож у нас буде більше часу зустрітися, дякую..."
ham,Тобі не холодно? Ти вже вдома? Ти пам'ятаєш поцілувати маму вранці? Ти мене кохаєш? ​​Ти думаєш про мене? Ти вже сумуєш за мною?
ham,Ви всі готові до *важливого дня завтра?
ham,"Я, мабуть, буду багато поруч зі мною"
ham,645
spam,Професійний відеоклуб RT-KIng>> Потрібна допомога? Пишіть на info@ringtoneking.co.uk або телефонуйте за номером 08701237397. Вам має бути 16+. Клубні кредити можна отримати на сайті www.ringtoneking.co.uk! Насолоджуйтесь!
ham,"Дякую, чувак. Ви тут дві ночі?"
ham,"Мені теж сміятися з тебе. А тим часом, як там моя люба Анджі?"
ham,"Мм, у мене була їжа ззовні."
ham,"К, це зрозуміло, до речі, з Карлосом важко, тож ви, хлопці, покурите, поки я піду за другою партією та заправлюся."
ham,Ви завантажили додаток Fring?
ham,"Хлопець з 50-грамовою пляшкою трохи невпевнений, але один друг зацікавлений придбати щось на суму $ сьогодні ввечері, якщо це можливо."
ham,"Друзі, з якими можна залишатися у чаті у фейсбуці"
ham,"Блядь, люба, я так сильно за тобою сумую!! Шкода, що ти не була тут, щоб спати зі мною... Моє ліжко таке самотнє... Я йду спати... Щоб мріяти про тебе, кохана моя..."
ham,Жити дуже просто.. Любити також просто.. Сміятися занадто просто.. Перемагати занадто просто.. Але бути «ПРОСТИМ» дуже важко.. Щиро пам'ятай:-
spam,"У тебе є таємний шанувальник, який шукає тебе, зв'яжися з тобою — дізнайся, хто він/вона вважає тебе таким/такою особливою — зателефонуй за номером 09058094599"
ham,"А, це все заплутує, чи не так?"
spam,"500 безкоштовних текстових повідомлень. Просто надішліть SMS-повідомлення «ok» на номер 80488, і ми зарахуємо кошти на ваш рахунок."
ham,"Привіт, люба. Зателефонуй мені, терміново. Я не знаю, в чому твоя проблема. Ти не хочеш працювати, або якщо у тебе є якісь інші проблеми, то хоча б скажи мені. Чекаю на твою відповідь."
ham,"Люба, як ти? У тебе все гаразд?"
spam,"Вас обрали для проживання в одному з 250 найкращих британських готелів – ЗА НІЧОГО! Відпустка вартістю 350 гривень стерлінгів! Щоб отримати пропозицію, зателефонуйте до Лондона за номером 02072069400. Bx 526, SW73SS"
ham,"Так, принцесо! Я хочу зробити тебе щасливою..."
ham,"Звучить так, ніби в тебе багато талантів! Хочеш піти на вечерю наступного тижня?"
ham,"Я збираюся знімати через 2 дні. О 18:00. Вибач, так."
ham,"Ми вже не дивимося фільм. Xy хоче два магазини, тому я зараз роблю покупки з нею."
ham,"Привіт, мій маленький тусовщику! Я просто подумала, що подзвоню тобі, бо ти була з друзями... *посміхається*... Нагадаю, що тебе люблять, і пошлю тобі пустотливий, обожнюючий поцілунок."
ham,Вчора це було тільки зі мною. Тепер я йду додому.
spam,"Моторошні мелодії Nokia 4u, надішліть НАЗВУ МУЗИКИ на 8007, наприклад, МУЗИКУ ДРАКУЛА на 8007. Назви: ПРИВИД, АДДАМСФА, МЮНСТЕР, ЕКЗОРЦИСТ, СУТІНКИ www.getzed.co.uk POBox36504W45WQ 150 копійок"
ham,"Ти увійшов у моє життя і приніс сонце... Сяє на мене, зігріває моє серце. Ти дарує мені постійну посмішку... Змушує мене відчувати себе коханою та турботливою."
ham,"Нічого страшного, але я не був так здивований, тому пішов і провів вечір з тим французом, якого зустрів у місті, і ми трохи побалакали, але я не дозволив йому мене трахнути."
spam,"0A$NETWORKS дозволяють компаніям виставляти рахунки за SMS, тому вони несуть відповідальність за своїх «постачальників», так само як магазин повинен надавати гарантію на те, що він продає. BG"
ham,Чудова комедія... не можу перестати сміятися :)
spam,"Безкоштовне повідомлення: Мені здається, що тобі сподобається, склади мені компанію! Просто є веб-камера, хочеш моє фото? Напиши або відповідай у відповідь з ДАТОЮ на номер 82242. Повідомлення 150p, 2 відповіді. Допомога 08712317606, зупинись на номер 82242."
ham,"Гаразд, ми все готові, напишіть чоловікові."
ham,"Привіт, де ти? Ми тут, і вони не хочуть кудись виходити. Я ніби так хочу, але вважаю, що не варто, тож чи можемо ми вийти кудись разом, ти не проти?"
ham,Сон і погане самопочуття
ham,"ТИ, БЛЯХА, ВИМКНЕШ СВІЙ ТЕЛЕФОН!!"
ham,Індія має взяти на себе ініціативу :)
ham,Я випишу її звідти. У класі.
ham,"Ось що зробили брати Райт, щоб полетіти..."
ham,"Вечір * дуже гарний, хоч і дещо насичений подіями. Розповім тобі, не хвилюйся… Голова * гаразд, але горло * розбите. Побачимося о шостій!"
ham,"Якщо ти смієшся дуже голосно.. Якщо ти говориш спонтанно.. Якщо тобі байдуже, що відчувають інші.. Ти, мабуть, зі своїми дорогими та найкращими друзями.. ДОБРОГО ВЕЧІРА, люба..:)"
ham,"ЦЕ НОУТБУК, ВЗЯВАЙТЕ ЙОГО З СОБОЮ."
ham,"У мене немає жодного твого файлу в сумці... я був на роботі, коли ти мені подзвонив. Я скажу тобі, якщо щось знайду в своїй кімнаті."
ham,"Я хочу, але зарано... Я зараз надворі, буду вдома так рано... Тоді не заперечую..."
spam,"Щоб отримати шанс виграти 250 гривень стерлінгів готівкою щотижня, надішліть SMS-повідомлення з текстом ACTION на номер 80608. Правила та умови: www.movietrivia.tv, служба підтримки клієнтів: 08712405022, 1x150 копійок/тиждень"
ham,"Я був у магазині, просто зараз що... Але тепер я йду додому... Так пізно, що відповідаю... Я також бачив топову річ, яка мені подобається, але я не купив... Де ти зараз?"
ham,Бажаю вам та вашій родині щасливого Різдва та ЩАСЛИВОГО НОВОГО Року заздалегідь..
ham,"О 7-й ми підемо, гаразд."
ham,"Так, я опублікував пару фоток у фейсбуці. Надворі ще лежить сніг. Я тільки прокидаюся :)"
ham,"С:-) якщо у нас буде хоч одне гарне партнерство, ми візьмемо на себе ініціативу :)"
spam,"ТЕРМІНОВО! Це друга спроба зв'язатися з вами! Ви ВИГРАЛИ грн1250. ТЕЛЕФОНУЙТЕ 09071512433 b4 050703. Правила та умови BCM4235WC1N3XX. Вартість дзвінка 150 копійок за хвилину, мобільні телефони варіюються. Максимум грн7.50."
ham,"Так, а де твій клас?"
ham,"Ні, просто надсилаю тобі. Буду в храмі."
ham,"Ти ж не повернешся додому між заняттями, правда? Мені треба позайматися спортом і прийняти душ!"
spam,"Привіт, якщо ти шукаєш 4 зухвалих денних розваг з пишногрудою заміжньою жінкою. Я вільна весь наступний тиждень. Спілкуйся зараз, 2 різні часи. 09099726429 JANINExx Дзвінки грн1/хв MobsmoreLKPOBOX177HP51FL"
ham,"S, але здебільшого не так."
ham,Я мій фанат...
ham,"Не знаю, бо я дуже пізно дійшов, а коли дійшов, вони вже були всередині... Але ми їли спагеті, лор... Це дівчата сміються з мене, лор..."
ham,"Вгадайте, хто всю минулу ніч поетапно переходив у четвертий вимір і виходив з нього?"
ham,Тож тепер мій тато дзвонитиме після роботи і ставитиме всі ці божевільні питання.
ham,"Так... але вони сказали, що це ІТ."
ham,"Дуже болісні та змістовні рядки: «Я все зробила заради кохання, але зрештою моє кохання зробило мене жертвою всього :-(».. Доброго ранку :-)"
ham,Ха-ха! Гарно 1
ham,Радий бачити вашу відповідь.
spam,"ТЕРМІНОВО! Ми намагаємося зв'язатися з вами. Сьогоднішній розіграш показує, що ви ГАРАНтовано виграли приз у розмірі 800 гривень стерлінгів. Зателефонуйте за номером 09050001295 зі стаціонарного телефону. Отримайте A21. Дійсно лише 12 годин."
spam,"Щомісячний пароль для wap.mobsi.com — 391784. Використовуйте свій wap-телефон, а не ПК."
ham,"Ні, даб, але я все одно бафф."
ham,"Болісні слова: «Я думав, що бути щасливим — це найважче на Землі... Але найважче — це виглядати щасливим, маючи всередині невисловлений біль...»"
ham,"Так, це нормально! Вхід коштує 6 гривень, це нормально?"
ham,"Лол, звідки в тебе такі ідеї беруться?"
ham,"Так багато людей здаються особливими на перший погляд, але лише деякі залишаться особливими для тебе до останнього погляду. Зберігай їх до кінця життя. Шкода."
ham,"Сьогодні ""день, присвячений пісні"". Яку пісню ти присвятиш мені? Надішли це всім своїм цінним друзям, але спочатку відповідай мені..."
ham,"Добре... Ми чекаємо, а..."
ham,І леї?
ham,"ПРИВІТ, ЛЮБИЙ/ЛЮБИ, ТИ, ШВИДШЕ ЗА ВАС, БУДЕШ У ЛІЖКУ, АЛЕ МЕНІ ТАК ВИБАЧИ ЗА СЬОГОДНІШНЮ ВЕЧІР! Я ДУЖЕ ХОЧУ ПОБАЧИТИ ТЕБЕ ЗАВТРА, ТОЖ ПОДЗВОНИ МЕНІ О 9-Й. ЛЮБИ МЕНЕ XXX"
ham,Вже присідаю — це новий спосіб ходьби
ham,Ви хочете Bold 2 чи BB Torch?
ham,Судоми припинилися. Повернувся спати.
spam,"Сьогоднішні номери Vodafone, що закінчуються на 0089 (мої останні чотири цифри), обрані для отримання винагороди у розмірі 350 гривень стерлінгів. Якщо ваш номер збігається, зателефонуйте за номером 09063442151, щоб отримати свою винагороду у розмірі 350 гривень стерлінгів."
spam,Безкоштовний топ-рингтон - підписка на щотижневий рингтон - отримайте перший тиждень безкоштовно - надішліть SUBPOLY на номер 81618 - 3 гривні на тиждень - зупиніть SMS на номер 08718727870
ham,Нан сонатхая соладха. Чому бос?
ham,"Принеси диск з зубами, не забудь"
spam,"Щотижнева вікторина «Сонячне світло»! Виграйте найкращий DVD-програвач Sony, якщо знаєте, в якій країні знаходиться Алгарве? Надішліть відповідь на номер 82277. грн1.50 SP: Тайрон"
ham,"Я не знаю, але я ґвалтую хлопців у покері."
ham,Схуднення! Більше жодних дівчат. Заробляй купу грошей на eBay чи деінде. І дякуй Богові.
ham,"Було дуже важко побачити це повідомлення. То коли ти йдеш? Вітаю, люба. Яка школа і які в тебе плани?"
ham,"«Я їм пізніше, але зараз я їм з друзями, Лей...» «Спочатку піду додому?»"
ham,"Закінчи вже... Так, вони постійно кажуть, що я м'який... Мені так соромно, гаразд..."
ham,"Вибач, чувак, мій запас закінчився минулої ночі, і я не зможу купити більше до неділі."
ham,"Хай Прія, ти права? Що сказав лікар, тату? Де ти?"
spam,"Безкоштовне повідомлення. На жаль, послугу, яку ви замовили за номером 81303, не вдалося доставити, оскільки у вас недостатньо кредиту. Будь ласка, поповніть рахунок, щоб отримати послугу."
ham,Добре...
ham,"Будь ласка, попроси маму зателефонувати татові"
ham,"Можу зайти в мою кімнату, але не можу додому, бо в мене все ще безлад... Ха-ха..."
ham,Я схуд на 10 кілограмів станом на сьогодні!
ham,Просто скуштуйте рибне каррі :-P
ham,"Що я можу зробити? Можливо, аварія сталася десь між дорогою Годбандар. Рух транспорту плавний. Тож, будь ласка, не послизніться та не хвилюйтеся."
ham,"Юн ах. Тепер ти тиждень куди? До речі, якщо ти підеш туди, то хочеш спеціалізуватися на чомусь іншому?"
ham,"Так! Я чоловік для однієї жінки! Будь ласка, розкажіть мені, що вам подобається, а що не подобається в ліжку..."
ham,Раніше робив тест. Дякую. Зателефоную тобі завтра.
ham,"Як там мій коханець? Що він такого робить, що не дає йому прийти до своєї королеви, хмм? Хіба йому не болить поговорити зі мною? Він відчайдушно сумує за мною?"
ham,Ти зустрічаєш інших fren dun wan зустрічай мене ах... Muz ba guy rite...
ham,"(Хоча коли не обіцяю, ще навіть не повечеряв)"
ham,Я тебе прикрию! Чи є у тебе якісь антипатії в ліжку?
ham,"Виявляється, у мене на телефоні була стереосистема ""Love"" під час прослуховування невідомого альбому."
spam,Жорсткий чат LIVE 121 лише за 60 копійок/хв. Оберіть свою дівчину та зв'яжіться НАЖИВО. Телефонуйте за номером 09094646899 зараз! Дешевий чат - найбільший сервіс живих трансляцій у Великій Британії. VU BCM1896WC1N3XX
ham,"Так, я не бачу причин, чому б і ні"
ham,"Питаю, чи знаєш ти їх? Можливо, це твої друзі чи однокласники?"
ham,"Вибачте за раніше. Гасити пожежі. Ви тут, щоб поговорити після 9-ї? Чи в вас взагалі є життя, лол!"
spam,ВАУ! The Boys повертаються. Турне по Великій Британії TAKE THAT 2007. Виграйте VIP-квитки та забронюйте заздалегідь у VIP-клубі. Надішліть CLUB на номер 81303. Trackmarque Ltd info@vipclub4u.
ham,"Як у місіонерському сексі, сексі по-собачому, стоячи...|"
ham,"Тоді тобі краще спати... Не турбуй тебе, люба... Прокинься і напиши мені, люба..."
ham,"Боротися зі світом легко, ти або виграєш, або програєш, але боротися з кимось близьким до тебе важко. Якщо ти програєш - ти програєш, якщо ти виграєш - ти все одно програєш."
ham,"Дивлюся ""Дом Хауса"" – дуже цікаво – охоплює всю цю історію з Г'ю Лорі – навіть з палицею – особливо з палицею."
ham,"Ти, чорт забирай, думав, що ти мав на увазі щось інше. Молодець! Завтра подивлюся."
ham,"Привіт, Джоне, це Піт. Нещодавно я був в Іспанії та залишив кілька грошей. Білл сказав, що ти або твоя оренда, можливо, зацікавлені в цьому. У мене є 12 000 гривень, тобто близько 48 гривень, поки що, Джеймсе."
ham,Там жирний шрифт 2 <#>. Це твоє?
ham,"Ти ж знаєш, що є. Тоді я поговорю з тобою через <#> хвилин"
ham,"""ДУЖЕ МИЛИЙ! ТИ ВСТАВ НА НОЧ? НЕ ПІШОВ У ЦЕНТР МІСТА ТІЛЬКИ В ПАБ! ПРОСТО ВІДПОЧИНЯВ У МОЇЙ СПАЛЬНІ! ЛЮБЛЮ ДЖЕН XXX."""
ham,Я пішов до проєктного центру
ham,"Згідно з вашим запитом, мелодію виклику для всіх абонентів встановлено «Maangalyam (Alaipayuthe)». Натисніть *9, щоб скопіювати мелодію виклику вашого друга."
ham,"Лол, так, на даний момент, мабуть, ні"
ham,Виконання проекту з френсом Лором.
ham,"Лол. Ну, якість зовсім непогана, тому я не скаржуся."
ham,"К, це може статися сьогодні ввечері?"
spam,"Привіт, це Менді Салліван, телефоную з HOTMIX FM... вас обрано для отримання 5000,00 гривень стерлінгів у нашому розіграші Великодніх призів..... Будь ласка, зателефонуйте за номером 09041940223, щоб отримати приз до 29.03.05, інакше ваш приз буде передано комусь іншому...."
ham,"Я думаю, ми зараз підемо до Фінна, ходімо"
ham,"Чому втомився, що особливого в тебе було?"
ham,Я прийду завтра
ham,"Я зараз не можу відповісти на телефон. Будь ласка, надішліть повідомлення."
ham,Іди та добре спи. Відпочинь :-).
ham,Ви мене нікуди не запрошуєте :(
spam,"ВИ ЇДЕТЕ НА 2 БАГАМИ! Зателефонуйте БЕЗКОШТОВНО за номером 08081560665 та поговоріть з оператором, щоб отримати круїз на Багами вартістю 2000 гривень стерлінгів ГОТІВКОЮ лише для осіб віком від 18 років. Щоб відмовитися, надішліть SMS-повідомлення X на номер 07786200117."
ham,"Я можу це зробити! Я хочу догодити тобі як у спальні, так і поза нею..."
ham,"""ГЕЙ! ЗАСПОКОЇСЬ, ЗАЧИНИСЯ ЗВИНУВАННЯМИ... ЦЕ ТЕБЕ, БО ІВАНА ЗНАЄ, ЩО ТИ РОБИШ НА КІНЦІ... ДАВНО ТЕБЕ НЕ МАЄ... ПОДЗВОНИ МЕНІ, ЯКЩО ТИ НЕ ВСТАЄШ. ЛЮБЛЮ J XXX."""
ham,"Я люблю вино та вечерю, моя леді!"
spam,"Хтось зв'язався з нашою службою знайомств і ввів ваш номер телефону, бо ви йому подобаєтесь! Щоб дізнатися, хто це, зателефонуйте зі стаціонарного телефону 09111030116. PoBox12n146tf15"
ham,"Я класна, кохана, але дуже втомилася, бо весь тиждень багато планувала. У нас в дитячому садку перевірка соціальних служб! Бережіть себе та пишіть, коли буде час."
ham,Я не знаю реквізитів облікового запису... я запитаю у мами і надішлю тобі. Моя мама зараз поза зоною зв'язку.
ham,"Я думаю, у вас неправильний номер."
ham,"Відчуйте, що ви завжди щасливі... Поступово це стає вашою звичкою і, нарешті, стає частиною вашого життя... Слідкуйте за цим... Щасливого ранку та щасливого дня :)"
ham,"НЕ ЗАПІЗНЯЙСЯ, ЛЮБИ МАМО"
ham,Зрозуміло..пошта panren paru..
ham,"* Думав про те, щоб кинути свої червоно-зелено-чорні кросівки, хіба що возити їх назад у поїзді."
ham,"Будь ласка, зробіть один промах з цього номера."
ham,Тільки-но повернувся з обіду тільки з сестрою. Ти що?
ham,Як у тебе графік наступного тижня? Я буду поза містом цими вихідними.
ham,Справді чудово:) Дхануш знову супер:)
ham,"Лол, гаразд, мені більше не знадобиться, щоб ти робив мені зачіску."
ham,"Сумую за тобою, потребую тебе, хочу тебе, люблю тебе."
ham,"Вибачте, я не вільний..."
ham,"Чи трапляється у тебе таке, що якась пісня застрягає у голові без причини і не зникає, поки ти не прослухаєш її разів 5?"
ham,Nt still chikku..simple habba..hw abt u?
ham,"Отримав твого листа, Діліпе. Щиро дякую і сподіваюся на багато підтримки... тут дуже мало контактів, пам'ятаю одного венесуельця, про якого ти згадував. Завтра, якщо не пізно, я спробую приїхати туди. На добраніч, любий."
ham,"Іноді Серце Дуже Пам'ятає когось... Швидко Забуває когось... Бо Серце любитиме не всіх. Але ті, кого любить, пам'ятатимуться завжди... BSLVYL"
ham,Батько Джой — Джон. Тоді Джон — це ІМ'Я батька Джой. Мандан
spam,Привіт 07734396839 Пропозиція лояльності клієнтів IBH: НОВИЙ мобільний телефон NOKIA6600 від ЛИШЕ 10 гривень стерлінгів на TXTAUCTION! Надішліть SMS-повідомлення зі словом START на номер 81151 та отримайте свій зараз!4T&
ham,"Привіт, це Йіджуе... Це стосується підручника 3230, це вступ до алгоритмів, друге видання... Я продаю його за 50 доларів..."
spam,"SMS-АУКЦІОН Ви виграли Nokia 7250i. Ось що ви отримаєте, якщо виграєте наш БЕЗКОШТОВНИЙ аукціон. Щоб взяти участь, надішліть Nokia на номер 86021 зараз. HG/Suite342/2Lands Row/W1JHL 16+"
ham,"К, хочеш, щоб ми зараз прийшли?"
ham,"Як. Трохи складно, але це простий спосіб потрапити сюди."
ham,"Ха... Ми обоє робимо одне й те саме. Але я маю дивитися телевізор. Можеш подумати, куди ми підемо сьогодні ввечері, або вже щось придумав..."
ham,Не показуй себе. Як далеко. Викладай нові фотографії у фейсбуці.
ham,Дивлюся телевізор. У мене нова робота :)
ham,"Доброго дня, сексуальні булочки! Як проходять пошуки роботи? Я прокидаюся, і ти, як завжди, моя перша думка, кохана. Бажаю тобі всього найкращого та щасливого, і знаю, що я тебе обожнюю!"
ham,"Я не прийду, роби що хочеш."
ham,"Це нормально, чіку, і це моя одна з найулюбленіших пісень... :-)"
ham,"Ти бачив, що я опублікував у твоєму Фейсбуці?"
spam,Зателефонуйте БЕЗКОШТОВНО за номером 0800 542 0578 зараз!
spam,Купити Space Invaders 4 a chance 2 win для оригінальної аркадної ігрової консолі. Натисніть 0 для ігор Arcade (стандартна плата за WAP). Див. o2.co.uk/games 4 Умови + налаштування. Покупка не потрібна.
ham,"7 чудес мого СВІТУ 7-е місце — це ти, 6-е місце — твій стиль, 5-е місце — твоя посмішка, 4-е місце — твоя особистість, 3-є місце — твоя природа, 2-е місце — твоє SMS та 1-е місце — «Твоя чудова дружба»... доброго ранку, люба."
spam,Позика на будь-які цілі від 500 до 75 000 гривень стерлінгів. Ласкаво просимо домовласників та орендарів. Вам раніше відмовляли? Ми все ще можемо допомогти. Зателефонуйте безкоштовно за номером 0800 1956669 або надішліть SMS-повідомлення зі словом «допомога».
spam,"ТРИВОГА, СТАРШИЙ БРАТЕ! Комп'ютер обрав вас для отримання 10 тисяч готівкою або ваучера №150. Телефонуйте за номером 09064018838. NTT PO Box CRO1327 18+ BT Стаціонарний телефон Вартість 150 стор. за хвилину Мобільні телефони можуть відрізнятися."
ham,";-( гаразд, будемо пізніше"
ham,Мої дядьки в Атланті. Бажаю вам чудового семестру.
ham,"Ні, люба, у мене є безкоштовні повідомлення без поповнення рахунку. Привіт, привіт, привіт."
ham,"Не шукай кохання, дозволь коханню знайти тебе. Ось чому це називається закоханістю, бо ти не змушуєш себе, ти просто закохуєшся і знаєш, що є хтось, хто тебе обійме... BSLVYL"
ham,"Я тобі не вірю. Гадаю, ти йому сказав."
ham,"Чи знаєш ти, чому Бог створив прогалину між твоїми пальцями..? Щоб Той, Хто створений для тебе, прийшов і заповнив ці прогалини, тримаючи твою руку з ЛЮБОВ'Ю..!"
ham,Так:)сура на Sun TV.:)лол.
ham,"Аруне, ти можеш мені переказати суму?"
ham,"Зараз приймаю душ, але так, я піду, коли закінчу."
ham,"Я не працюю, але повністю заглиблений у філософію, тому напишу тобі пізніше, коли буду трохи вільніший для спілкування..."
ham,"Ти мене не втратив, я завжди буду тут для тебе. Я не хотів тебе образити, але я ніколи не знав, що ти до мене відчувала, коли я був морським піхотинцем, і саме це я намагався сказати твоїй мамі. Я піклуюся про тебе."
spam,"ВИГРАШ: У нас є переможець! Містер Т. Фолі виграв iPod! Ще більше цікавих призів незабаром, тож слідкуйте за своїм мобільним або відвідайте www.win-82050.co.uk"
ham,Ти погана дівчинко. Я досі їх пам'ятаю.
ham,Скільки я тобі дав. Доброго ранку.
ham,"Сподіваюся, ти в порядку, люба? Я хвилююся, що ти, можливо, відчула деякий відчай, коли дізналася, що робота була фальшивою? Я тут чекаю, коли ти повернешся, моя кохана."
ham,"Гей, можеш сказати мені адресу Блейка? Карлос хотів, щоб я зустрівся з ним там, але я заблукав, а він не відповідає на телефон."
ham,Можна спочатку дізнатися вашу думку з деякого питання?
ham,Той тиждень відпустки я точно знаю. Чому?
ham,"Якщо ми знайдемо спільну мову, можеш переїхати до мене :)"
ham,Чудово. Я провів <#> років у ВПС. Ірак та Афганістан. Я стабільний та чесний. Чи подобається вам подорожувати?
ham,Я хочу подивитися той фільм
ham,"Добре, дякую... О, ти в школі?"
ham,Я на заняттях. Ти отримав моє повідомлення?
ham,Автобус відправляється о <#>
ham,"Благослови мене Бог. Гарно спи, люба моя... я буду молитися!"
spam,"Сьогоднішні номери Voda, що закінчуються на 1225, обрані для отримання винагороди у розмірі 50 гривень стерлінгів. Якщо у вас є збіг, зателефонуйте за номером 08712300220, назвавши код заявки 3100 у додатку зі стандартними тарифами."
ham,Гарного тобі сьогоднішнього дня. Я тебе дуже люблю.
ham,"Айо трохи пай сех ю ное... Боїться, що він не пам'ятає, хто я, а потім помре... Хе... Але він став кращим, ореді ле..."
ham,"Гаразд, я запитаю кількох своїх сусідів по кімнаті."
ham,"А тепер, який у вас номер будинку? І чи є у вас там пиво?"
ham,Ви всі хочете зустрітися та поєднати всі частини? Як просувається решта проекту?
ham,"""Куплю квитки на 4-й сеанс у Волсоллі, вівторок, 6 березня. Мій друг купує їх мені на суботу. Я заплачу за квиток. Хочу 2 квитки. Напиши мені, Террі."""
ham,"Так, ми теж спілкуємося."
ham,"ПРИВІТ, ЦЕ ДЖЕСС. Я НЕ ЗНАЮ, ЧИ ТИ НА РОБОТІ, АЛЕ ПОДЗВОНИ МЕНІ, КОЛИ ЗМОЖЕШ. Я ВДОМА ВСЮ ВЕЧІР. XXX"
ham,"Сіан... Керівник після зустрічі отримав роботу, щоб зробити Ляо... Ти зараз працюєш?"
ham,Ти збираєшся складати іспит CCNA цього тижня??
ham,"Ну, я подивлюся Шрека у 3D!!B)"
ham,Невже я такий брудний хлопець?
ham,"Не знаю, що він мені сказав. Гаразд, Господи..."
ham,"Я, мабуть, буду завтра (або навіть пізніше сьогодні ввечері, якщо щось відбувається)"
ham,"Я не міг відмовити, бо він помирає, і мені його шкода, тому я піду, і я просто хотів, щоб ти знав, що мене, ймовірно, не буде допізна."
ham,"Якщо ти думаєш мене підняти, то ні."
ham,"Те саме, що й ти... Не хочу... Я тобі вже не подобаюся, а... Що ти зараз робиш? Все ще їси?"
ham,Скоро надішли мені свою електронну адресу
ham,"Що робить деяких людей дорожчими, так це не лише щастя, яке відчуваєш, коли зустрічаєш їх, а й біль, який відчуваєш, коли сумуєш за ними!!!"
ham,"Чувак. Як справи? Як справи, Терезо? Сподіваюся, у тебе все гаразд. Коли я не отримав жодної інформації від цих людей, я подзвонив їм, і вони отримали посилку ще з грудня <#>. Просто хочу сказати, що тобі цікаво. Бажаю тобі фантастичного року та всього найкращого в читанні. Плюс, якщо ти справді зможеш надати першу допомогу в США, то твоя робота зроблена."
ham,"Привіт, красунчику. Мій робочий номер мобільного. Гарного тобі дня, люба. М'який Мвас."
ham,"Чи можу я зателефонувати тобі пізніше, будь ласка?"
spam,"Найгарячіші фото прямо на твій телефон!! Дивись, як я мокну та бажаю, тільки для тебе xx Надішліть ФОТО на номер 89555 зараз! Вартість SMS 150 копійок textoperator g696ga 18 XxX"
ham,"Ось так ти маєш залишатися, о."
ham,"Привіт, дякую, що відповіли на дзвінок. Я отримав роботу! Починається в понеділок!"
ham,О котрій годині ваш рейс заплановано?
ham,Коли мені слід прийти?
ham,У мене на правій щоці досить помітний слід від укусу
ham,* До того часу буде вересень!
ham,Ти зараз мокрий/мокра?
ham,А як там твій чоловік?
spam,"Зламати чат. Отримайте бекдор-вхід до 121 чат-кімнати за значно меншу ціну. Надішліть відповідь NEO69 або зателефонуйте за номером 09050280520, щоб підписатися на 25 копійок вечора. DPS, Bcm box 8027 Ldn, wc1n3xx"
ham,"Ми завтра все робимо як зазвичай? Я закінчую лише о 4:15 через тести. Треба якось розібратися з бібліотечними речами — отримав листа від сьогодні — доступ до кінця березня, тож мені краще рухатися далі!"
ham,"Так. У мене є список, де тільки ти та Джоанна, якщо я почуватимуся справді антисоціальною."
ham,Я у вашому офісі.
ham,"""Ти спустишся пізніше?"""
ham,Супер:) гарна заміна муралі
ham,"Та хороший, хороший гравець. Чому його не продають?"
ham,Привіт. || Хочеш | приєднатися до мене з СТС пізніше? || Зустрінемося з ними о п'ятій. || Подзвонимо тобі після заняття.
ham,"Його йдуть в Англії! Але телевізор вирішив, що мені не дозволить це дивитися, а Міа та Елліот цілувалися! Чорт забирай!"
spam,"БЕЗКОШТОВНИЙ NOKIA або Motorola з орендою лінії до 12 місяців за півціни, 500 БЕЗКОШТОВНИХ хвилин x-net та 100 текстових повідомлень/місяць БЕЗКОШТОВНИЙ B'tooth*. Зателефонуйте до Mobileupd8 за номером 08001950382 або зателефонуйте за номером 2optout/D3WV."
ham,"Я не хочу чути філософії. Просто скажи, що сталося."
ham,Ти отримав роботу у WiPro :) Ти отримаєш усе в житті за 2-3 роки.
ham,"Тоді не можеш дістати ноутбук? Моя картка з літерою ""матеріал""..."
ham,"Не знаю, що наступний виступ після 6-ї коштуватиме 850. Тоа Пейо отримав 650."
spam,"Це вже другий раз, коли ми намагаємося зв'язатися з вами. Ви виграли приз у розмірі 750 гривень. Отримати приз легко, зателефонуйте за номером 08718726970 ЗАРАЗ! Всього 10 копійок за хвилину. BT-національний тариф."
ham,"Я щойно зробив кілька платежів, тому у мене небагато. Вибачте. Вам потрібно надіслати це FedEx чи іншим способом?"
ham,"Вони не грали жодного дня минулого року, хоча в них дуже хороша команда... Як Індія."
ham,"К.:) ти єдина дівчина, яка чекає на рецепції, а?"
ham,"Скажи це повільно.? БОЖЕ, Я ТЕБЕ ЛЮБЛЮ І ТИ МЕНІ ПОТРІБЕН, ОЧИСТИ МОЄ СЕРЦЕ СВОЄЮ КРОВ'Ю. Надішліть це десяти особливим людям і зробіть диво завтра, зробіть це, будь ласка, будь ласка, зробіть це..."
ham,"Ненавиджу, коли вона так робить. Вона перетворює те, що мало б бути веселим походом по магазинах, на надокучливий день, в якому всіляко переймаються тим, як виглядатиме її будинок."
ham,"Пане, я чекаю на ваш дзвінок."
ham,"Привіт. Хочеш, я виходжу в інтернет?"
ham,"Це може спрацювати, ми досягнемо консенсусу на наступній зустрічі."
ham,"Айя, тоді я чекаю, друже. Тоді ти мене розважиш. Хі..."
ham,"Останнє, чого я коли-небудь хотів зробити, це завдати тобі болю. І я не думав, що це станеться. Ти б засміявся, засоромився, видалив тег і продовжив би. Але, наскільки я знав, це навіть не було актуально. Той факт, що ти взагалі відчув, що я зроблю це, щоб завдати тобі болю, показує, що ти насправді зовсім мене не знаєш. У середу був безлад, але не погано. Проблема, яка в мене є, полягає в тому, що в тебе Є час прибрати, але ти вирішуєш цього не робити. Ти спілкуєшся по скайпу, фотографуєшся, спиш, хочеш кудись вийти. Я не проти кількох речей тут і там, але коли ти не застилаєш ліжко, коли кидаєш на нього білизну, коли я не можу прийняти друга вдома, бо мені соромно, що на ліжку розкидана спідня білизна та бюстгальтери, подушки на підлозі, це вже зовсім інша справа. Раніше ти був добрим хоча б застилаючи ліжко."
ham,"Я повідомлю тобі, коли це почне діяти"
ham,"Ти подзвони йому зараз, добре, я сказав, подзвони йому."
ham,"Зателефонуйте за номером, доступним під час зустрічі. І попросіть з'єднати дзвінок з Вахід Фатхімою."
ham,"Або ти підеш купити з ним щось, а потім я зустрінуся?"
ham,Ммм... Блядь... Несправедливо! Ти ж знаєш мої слабкості! *посміхається* *штовхає тебе на коліна* *оголює мій живіт і притягує твою голову до нього* Не забувай... я теж знаю твої *зла посмішка*
ham,"Сьогодні моя система буде готова. Все добре, і я також у глибокій криниці."
ham,"Мама хоче знати, де ти"
ham,"Гаразд, я напишу тобі, коли повернуся."
ham,"Не знаю, чи підтримує ASSR та SRT, я думаю. Здається, PS3 також може грати через USB."
ham,"О, гаразд, я не зрозумів, що ти мав на увазі. Так, я малюк Джонтін."
spam,"Ви ВИГРАЛИ гарантований грошовий приз у розмірі 1000 гривень стерлінгів або 2000 гривень стерлінгів. Щоб отримати свій приз, зателефонуйте нашому представнику служби підтримки клієнтів за номером"
spam,"Хочете побачити мої XXX фотографії? Вони такі гарячі, що їх мало не заборонили у Великій Британії!"
spam,СПЕЦІАЛЬНА БОНУСНА ПРОПОЗИЦІЯ HMV. Ви можете виграти справжні ваучери HMV на суму 500 гривень. Просто дайте відповідь на 4 простих запитання. Грайте зараз! Надішліть HMV на номер 86688. Більше інформації: www.100percent-real.com
ham,Дивлюся телевізор. У мене нова робота :)
ham,"Ця штука з ручкою — це вже не жарт. Хіба ручка-ручка не підійде? Не робіть магістратуру, бо більше ніколи так не зможу!"
ham,Я НА ВЕЧІРЦІ З АЛЕКСОМ НІКОЛСОМ
spam,"У тебе є таємний шанувальник, який шукає тебе, зв'яжися з тобою — дізнайся, хто він/вона вважає тебе таким/такою особливою — зателефонуй за номером 09058094594"
ham,"Тільки-но побачив твій пропущений дзвінок, мій дорогий брате. Гарного тобі дня."
ham,Добре... Скоро закінчуємо?
ham,"Вибачте, я не можу вам з цим допомогти."
ham,"Ходи до мене, рабе. Ти знову це робиш... Закриваєшся у свою шкаралупу і несвідомо уникаєш мене... Ти робиш мене нещасною :-("
ham,Мені подобається твоя дупа! Тобі подобається доггі-стайл? :)
ham,"Я думаю, що прохання про спортзал – це виправдання для лінивих людей. Я бігаю підтюпцем."
spam,"Шановний/Шановна 0776xxxxxxx, Вас запросили до XCHAT. Це наша остання спроба зв'язатися з вами! Надішліть SMS-повідомлення CHAT на номер 86688 150p/MsgrcvdHG/Suite342/2Lands/Row/W1J6HL LDN 18 років"
spam,"Терміново! Будь ласка, зателефонуйте за номером 09061743811 зі стаціонарного телефону. Ваш безкоштовний 4-зірковий відпочинок на Тенерифе від ABTA або 5000 гривень стерлінгів готівкою очікують на отримання. SAE T&C Box 326 CW25WX 150 стор./хв."
ham,"Ні. По дорозі додому. Тож, якби не довгий період посухи, сезон би вже закінчився."
ham,Мені треба забрати машину за 6 леїв.
ham,"Добре, але виснажений. Тільки-но прийшов додому і ліг спати! Не вмієш працювати повний робочий день."
ham,"Можливо, раніше, якщо станція там, де я думаю."
spam,"ЗАТЕЛЕФОНУЙТЕ 09090900040 ТА СЛУХАЙТЕ НАДЗВИЧАЙНО БРУДНИЙ ЧАТ В ПРЯМОМУ ЕФІРІ, ЩО ВІДБУВАЄТЬСЯ В ОФІСІ ПРЯМО ЗАРАЗ. ПОВНА КОНФІДЕНЦІЙНІСТЬ. НІХТО НЕ ЗНАЄ ВАШОГО [sic] ПРОСЛУХОВУВАННЯ. ХВ. 60P 24/7MP 0870753331018+"
ham,"Доброго ранку, будь ласка, зателефонуйте мені, сер."
spam,"Безкоштовне повідомлення Привіт, я щойно отримав(-ла) одне з цих відео/фотографій, відповідай WILD на це повідомлення і я надішлю тобі свої фотографії, швидше, мені так нудно на роботі xxx (18 150p/отримано STOP2stop)"
ham,"О, будь ласка, у нас залишилося не так багато."
ham,"Я витягнув тебе надвір, бо Даррен сказав, що ти прийшов за покупками. Звісно, ​​нам було приємно. Ми щойно пішли просто подивитися на mp3-плеєр."
ham,"Гаразд, звучить добре. Коли ти хочеш, щоб я приїхав?"
ham,Що б ти хотів/хотіла на свій день народження?
ham,Я люблю працювати з дому :)
ham,"І сумуєш за днем ​​святкування, парашутом та подвійними монетами??? Мабуть, ти мене не дуже добре знаєш..."
ham,"Вибачте, я подзвоню пізніше"
ham,Мою сестру помістили в бірла софт да :-)
spam,"Безкоштовний вхід на щотижневий конкурс 2 та шанс виграти iPod. Надішліть SMS-повідомлення POD на номер 80182, щоб отримати участь (стандартний тариф SMS). Діють правила та умови. За деталями звертайтесь за телефоном 08452810073 (18+)."
ham,"Вау... Гаразд, гаразд... Муз користується необмеженою кількістю... Ха-ха..."
ham,"Є кілька людей біля mu, я за столом біля лямбда"
ham,"І перестань бути старим. Ти можеш будувати сніговиків, снігових ангелів та грати в сніжки."
ham,"ПРИВІТ, КРОК, ти в порядку?"
ham,"Привіт, красуне, ти добре? Я трохи посварилася з тобою, і він вийшов з пабу?? Я хотіла провести з тобою ніч. Сумую за тобою."
ham,Тоді ти їдеш на вулицю Ікеа після цього?
ham,"Бо зараз січень, коли вся пошта у відпустці, тож вона може піти звідти... зрозуміла, що це дрібниця"
ham,"Лол, брр, моя мама цілу вічність п'є мій рецепт. Аптека десь за 2 хвилини їзди. Фу."
ham,"Але, чесно кажучи, це жахливо. Я навіть готувати не можу, у мене взагалі немає електрики. І я голодний."
ham,Хочеш піти?
spam,"Новий чат TEXTBUDDY. 2 збуджених хлопця у вашому районі. 4 всього за 25 копійок. Безкоштовно. 2 отримання. Пошук за поштовим індексом або на gaytextbuddy.com. Надішліть ОДНЕ ім'я на номер 89693. 08715500022, зупинка 2, cnl"
ham,Це не та пора місяця і не середина часу?
ham,"Ффффф. Можеш надіслати повідомлення Кадіму, чи ти вже занадто далеко зайшов?"
ham,"Ми ще не йдемо. Гаразд, тоді підемо деінде поїсти. Думаєш..."
ham,Чи хороший Fujitsu серії S LifeBook?
ham,"Так, я хотів тебе вчора насварити, але вже пізно... Я де тебе взяв, Чжун Се Цін? Якщо ти мене спитаєш, то він мене про це запитає, то я піду геть. А ти все ще можеш поводитися так реалістично."
ham,"Не знаю, що ти приніс якусь їжу"
ham,Тут немає струму та їжі. Я теж один.
ham,Я буду в школі з 4 до 6... У мене немає книги в школі... Вона вдома...
ham,"Привіт. Вони йдуть до сільського пабу о 8-й, тож приходьте або сюди, або туди, відповідно. Гаразд?"
ham,Гаразд
ham,"Ми не телефонуємо типу <#> разів ""о"". Ні, не дайте нам гіпертонію ""о""."
ham,"Плювати мавпам, що вони думають, і мені байдуже. Будь-який мій друг тощо! Тільки не спи з ними, це буде дратувати!"
ham,"О, тут сьогодні ввечері може випасти сніг!"
spam,"Дзвінок з номером 08702490080 - вам повідомляють, що потрібно зателефонувати за номером 09066358152, щоб отримати приз у розмірі 5000 гривень стерлінгів. Вам потрібно ввести всі свої дані мобільного телефону та особисті дані відповідно до підказок. Обережно!"
spam,"Безкоштовний вхід у перший тиждень. 2 TEXTPOD, 4 шанс виграти 40 ГБ iPod або 250 гривень стерлінгів готівкою щотижня. Надсилайте VPOD на номер 81303. Правила та умови: www.textpod.net, служба підтримки: 08712405020."
ham,Продовжуй не турбувати вас обох.
ham,"Що мені скажеш, тату... Я пішов у ванну :-)"
ham,Тільки закінчив аватар негр
ham,"Ти що, чухаєш його занадто часто?"
ham,"Сподіваюся, у тебе чудовий день."
ham,"Чи мали ви якісь ідеї? Чи знаєте ви якісь місця, де щось роблять?"
ham,"Моє планування зазвичай зупиняється на ""знайти чортову травичку, покурити чортову травичку"""
ham,"Той факт, що ти прибираєш, показує, що ти знаєш, чому я засмучена. Твій пріоритет постійно — це «те, що я хочу зробити», а не «те, що мені потрібно зробити»."
ham,Чудово! Ви готові стогнати та кричати в екстазі?
spam,Зараз у вашому районі спостерігає більше людей. Зателефонуйте за номером 09090204448 та приєднуйтесь до однодумців. Чому б не організувати зустріч самостійно? Сьогодні ввечері є один. Мін. грн1.50 APN LS278BB
ham,"Чувак, аватар 3D був просто крутий. У якийсь момент я подумав, що в кімнаті справді мухи, і мало не спробував рефлекторно вбити одну."
spam,"МОЛОДЦІ! Ваш 4-зірковий відпочинок на Коста-дель-Соль або грн5000 чекають на вас. Зателефонуйте за номером 09050090044 зараз, щоб отримати кошти. SAE, TCs, POBox334, Stockport, SK38xh, вартість грн1.50/південь, максимум 10 хвилин"
ham,К...к:) чому б тобі не приїхати сюди та не пошукати роботу:)
ham,"Я погано спав. Я прокидався кожні 2 години, щоб подивитися, чи хоче мій кіт зайти. Я хвилююся за нього, коли холодно :("
ham,"Так, я піду за пару хвилин і повідомлю тобі, коли прибуду."
ham,"Чи можеш ти зателефонувати мені о 10:10, щоб переконатися, що я прокинувся/прокинулася..."
ham,"Гей, ми можемо піти на джаз, пауер-йогу, хіп-хоп, кб та йогасану."
ham,"Батарейка для мого дядька, містера Адевале. Він же Егбон."
ham,"Я зараз не можу відповісти на телефон. Будь ласка, надішліть повідомлення."
ham,Зачекайте 2 хвилини..стійте на автобусній зупинці
ham,"О, так. Я думав, ти мав на увазі Мері Джейн."
ham,"Ха-ха... Справді, о ні... Як? Тоді вони відрахують тобі урок завтра?"
ham,"Ні, я йду на роботу з Джей. А як щодо тебе?"
ham,"Тоді просто з'їж лайно і чекай на свою мавпячу мордочку, сучку.......... Ти мудак...................."
ham,На добраніч. Я йду спати.
ham,"Гаразд, я теж щось поїм, напиши мені, коли повернешся додому."
ham,К...к:) чому б тобі не приїхати сюди та не пошукати роботу:)
ham,"Прийміть щось від болю. Однак, якщо воно зміститься в будь-який бік протягом наступних 6 годин, зверніться до лікаря."
ham,"Лол... О ні, люба, я не збираюся залазити до тебе після півночі, але дякую за запрошення."
ham,Яка історія цієї людини
spam,"Вгадайте що! Хтось із ваших знайомих таємно вами захоплюється! Хочете дізнатися, хто це? Зателефонуйте нам за номером 09065394973 зі стаціонарного телефону DATEBox1282EssexCM61XN 150 копійок/хв 18"
ham,"ЛОЛ, це була б приголомшлива відплата."
spam,його на номер 80488. Ваші 500 безкоштовних текстових повідомлень дійсні до 31 грудня 2005 року.
ham,Так :) це зовсім не у формі:) Кларк також повна нісенітниця.
ham,"Бджола сказала: *Я найсолодша у світі* Бог засміявся і сказав: *Зачекайте, ви ще не зустрічали людину, яка читає це повідомлення* МОРАЛЬ: Навіть БОГ може жартувати! GM+GN+GE+GN:)"
ham,"Дякую. Було тільки з Тескосу, але досить смачно. Вже все розпродано. Зв'яжіться зі мною найближчим часом."
ham,"Що таке пір'яста бова? Це щось таке, про що я не знаю?"
ham,"Навіть я не можу заплющити очі, ти в мені, наша вава, грає умма :-D"
ham,"2 ноутбуки... У мене немає інфрачервоного, але він занадто повільний... Я хочу швидкий."
spam,"Ви виграли гарантований приз у розмірі 200 гривень стерлінгів або навіть 1000 гривень стерлінгів готівкою, щоб отримати свою нагороду, зателефонуйте безкоштовно за номером 08000407165 (18+) 2 зупинки, зателефонуйте за номером 88222 PHP"
ham,"Нвм, все гаразд..."
ham,Насолоджуйся життям. На добраніч.
ham,"Так, але чи можемо ми зустрітися в місті, бо ми поїдемо до Геп, а потім додому? Ти можеш надіслати повідомлення на автобусній зупинці. І не хвилюйся, ми закінчимо приблизно до березня!"
ham,Я поставив це питання кілька годин тому. Це відповідь.
ham,Круто. Куди мені кінчити? На тебе чи в тебе? :)
ham,Делі та Ченнаї досі мовчать.
ham,"Лол, добре, я теж про це думав, хаха"
spam,"Відповісти, щоб виграти 100 гривень стерлінгів щотижня! Де проходитиме Чемпіонат світу з футболу 2006 року? Надішліть STOP на номер 87239, щоб завершити послугу."
ham,"Ні, я в такій самій ситуації. Все ще тут, у мами. Подивись на мене. Я напівголий."
ham,"Тссс, ніхто не повинен знати!"
ham,"Вибачте, я подзвоню пізніше"
ham,"Вибачте, я зателефоную пізніше під час зустрічі. Якщо щось буде пов'язано з торгівлею, будь ласка, телефонуйте Арулу. <#>"
ham,"Гей, я запізнюся... я в AMK. Треба випити чаю чи кави."
ham,"Я хочу терміново купити машину BMW... це дуже терміново. Але в мене не вистачає лакхів. Немає джерела, щоб дізнатися цю суму. Лакхів... це моя проблема."
spam,"Терміново! Будь ласка, зателефонуйте за номером 09061743810 зі стаціонарного телефону. Ваш безкоштовний 4* відпочинок на Тенерифе від ABTA або готівка №5000 очікують на отримання. SAE T&C Box 326 CW25WX 150 ppm"
ham,"Довжина така ж, але верх коротший, тепер у мене чубчик. Думаю, я не збираюся йти. Надто ліньки. Я також хочу тебе відволікти."
ham,S..antha num corrct dane
ham,Немає дзвінків..повідомлень..пропущених дзвінків
ham,"Вибачте, я подзвоню пізніше"
ham,"Кошик наповнюється, тож я можу бути до вечора."
ham,"ПРИВІТ, ЛЮБА, Я ЩОЙНО ПОВЕРНУЛАСЯ, У МЕНЕ БИЛА ДУЖЕ ГАРНА НІЧ, І ВЕЛИЧЕЗНЕ ДЯКУЮ, ЩО ПІДВІСЛА. ДО ЗАВТРА XXX"
ham,"Більше жодних валентинок, га? Доказ є на твоїй сторінці у фейсбуці. Ох, я так рада, що справді НЕ дивилася, як Рупол показує тобі TOOL!"
spam,"Безкоштовні мелодії Сподіваюся, вам сподобався новий контент. Надішліть SMS-повідомлення stop на номер 61610, щоб відписатися. Довідка: 08712400602450p. Надано tones2you.co.uk"
ham,Eh den sat u book e kb liao huh...
ham,Ти тренувався робити реверанс?
ham,Чи прийду я за солоним огірком?
ham,"Лол бу, я сподівався на сміх."
ham,"""ТАК, Я ТОЧНО ВСТАЛА В СУБОТУ, ЩОЙНО ОТРИМАЛА ЗАРПЛАТУ 2 ДНІ І МЕНІ ДАЛИ ПІДВИЩЕННЯ НА 50 ФУНТІВ ДО РОБОТИ, І МЕНЕ ЗРОБИЛИ КООРДИНАТОРОМ ДОШКІЛЬНОГО НАВЧАННЯ, Я ПОЧУВАЮСЯ ДОБРЕ, КОХАЮ"""
ham,"Ну, мені треба йти на заняття, люба... Ти так і не повернулася до мене... :-( ... Сподіваюся, тобі добре спати, кохана"
ham,"ЛОЛ, де твоя риб'яча пам'ять, коли вона мені потрібна?"
ham,"Але я ходитиму у дві школи в понеділок. Моїй сестрі потрібно, щоб дві щось узяли."
ham,Ідея скоро буде втілена в життя :)
spam,"TheMob>Йо-йо-йо — ось нова добірка гарячих завантажень для наших учасників, які можна отримати БЕЗКОШТОВНО! Просто натисніть і відкрийте наступне посилання, надіслане на ваш телефон..."
ham,П... п... Індія збирається зняти нічию в серіалі після багатьох років на південноафриканській землі...
ham,"Доброго ранку, сьогодні я запізнююся на <DECIMAL> хвилину."
ham,Не можу брати на себе жодної важливої ​​ролі у громадській роботі. Ти супер.
ham,"Шопінг лор. Йде сильний дощ, покидаючи фруктовий сад."
ham,"Привіт. Народжую о 20:00, важу 3,7 кг. Мама та дитина почуваються чудово."
ham,Дивіться повідомлення для пересилання як доказ
ham,"Я не можу продовжувати це терпіти. Я ніколи не мав наміру виганяти тебе, але якщо ти вирішиш зробити це, а не підтримувати чистоту в кімнаті, щоб *мені* не довелося відмовляти відвідувачам, то, можливо, це найкращий вибір. Так, я хотів, щоб тобі було соромно, тож, можливо, ти хоч раз відчула те, що відчуваю я, коли мій друг хоче купити щось, а я мушу відмовити, як це сталося сьогодні вранці. Я перепробував усе. Я не знаю, що ще робити."
ham,"Не знаю... Думаю, мамі ліньки виходити... Я її ще не питав..."
ham,"Роби, що хочеш. Ти ж знаєш, які правила. Ми розмовляли на початку цього тижня про те, що мало почати відбуватися, про те, що ти проявляєш відповідальність. Однак, щотижня питання: чи можу я так порушити правила? А як щодо цього? Роби, що завгодно. Мені набридло щотижня сперечатися з тобою про одне й те саме. А фільм НЕ містить анонсу. Тебе все одно влаштовують після першої години."
ham,"Прекрасна правда проти сили тяжіння... Уважно прочитайте: «Наше серце легке, коли хтось у ньому... Але дуже важке, коли хтось його залишає...» ДОБРОГО РАНКУ"
spam,"Чудові новини! Зателефонуйте БЕЗКОШТОВНО за номером 08006344447, щоб отримати гарантований подарунок у розмірі 1000 гривень стерлінгів ГОТІВКОЮ або 2000 гривень стерлінгів. Зверніться до оператора ЗАРАЗ!"
ham,Амбрит... Мадурай... зустрів тебе в Арун Дха Мардж... пам'ятаєш?
ham,"Просто перечитай це, і мені не соромно, але скажи мені, як він це сприйме, і якщо він втече, я звинувачуватиму тебе в усьому!! Не зовсім в усьому, просто дуже давно."
ham,"Принцесо, твоє кошеня поголене чи натуральне?"
ham,"Краще, ніж BB. Якщо він не використовуватиме, то його дружина або його лікар."
ham,"Так, це прийшло деякий час тому"
ham,З завтрашнього дня робота з 6-ї до 3-ї вечора.
ham,"Що завгодно, лор, крім того, що тоа пайо отримав місце 2, прогулянка..."
ham,"У мене немає нічиєї цифри, я досі не придумав тактовного способу запитати Алекса."
spam,"Ви можете ВИГРАВАТИ музичні подарункові сертифікати на суму 100 гривень стерлінгів щотижня, починаючи ЗАРАЗ. Надішліть слово DRAW на номер 87066 TsCs www.ldew.com SkillGame, 1 тиждень, вік 16.150 ppermessПідписка"
ham,"Чи є якийсь кінотеатр, куди я можу піти та дивитися необмежену кількість фільмів, заплативши лише один раз?"
ham,Ти обідаєш сам? Мені так нудно...
ham,"Так, звісно, ​​але ти ж яєчня-фанат і картопляний фанат… Говори швидше!"
ham,"Ні, чувак, моя машина призначена для того, щоб бути набитою людьми."
ham,"Не отримав нової роботи в барі в аеропорту за 4,47 долара на годину, але це означає, що не можна лежати допоміг! Будьмо на зв'язку."
ham,Калліс готовий до гри в другому інінгу
ham,"Дякую, але мій день народження вже минув."
ham,"Ой, ти не можеш просто вибачитися, визнати свою неправоту і попросити мене повернути тебе до норми?"
ham,"I noe la... U wana pei bf oso rite... K lor, other days den..."
ham,"Так, я маленька дитина... І секрет моєї енергії - це прилив сил..."
ham,Я ТАК СИЛЬНО СУМУВАТИМУ ЗА ТЕБЕ
ham,Чи повинен аватар мати субтитри?
ham,Просто сидіти і дивитися матч в офісі..
ham,"Ви можете записати речі, які хочете запам'ятати пізніше."
ham,"Ой, вибач, будь ласка, все скінчено."
ham,"Гей, ми йдемо на урок англійської мови чи в спортзал?"
ham,"Не беріть із собою те, що можна купити в будь-якому магазині, наприклад, пластівці. Якщо вам потрібно взяти з собою їжу, візьміть із собою гарі або щось інше, чого вам не вистачатиме."
ham,"Ти завжди робиш речі більшими, ніж вони є насправді"
ham,"Ти не хочеш дивитися ""Пекельну справу""?"
ham,"Я не прокидаюся до 4-ї години дня, чи не так?"
spam,"Оренда Orange Line за півціни на 4 місяці та новітні телефони з камерою 4 БЕЗКОШТОВНО. Ваш телефон користувався 11 місяців? Зателефонуйте безкоштовно до MobilesDirect за номером 08000938767, щоб оновити його зараз! or2stoptxt"
ham,"Можу надіслати тобі фото, якщо хочеш :)"
ham,"Добре... Я вже все забронював... Включно з тим, що в Bugis."
ham,"Та ну, до біса, я візьму це пізніше."
ham,"Ні, де. Але зателефонуй мені через деякий час. Я тобі розповім."
ham,Тож не використовуйте гачки жодним чином
ham,Скільки коштує Blackberry Bold2 у Нігерії?
ham,"Привіт, де ти? Ти вдома чи в Калікуті?"
ham,"Привіт, люба... я можу заїхати за тобою з коледжу, якщо ти скажеш, де ми і куди поїдемо... з любов'ю, Піт хх"
spam,"Зателефонуйте за номером 09094100151, щоб скористатися своїми хвилинами! Вартість дзвінків – 10 копійок/хв (вартість мобільного зв'язку залежить від тарифу). Послуга надається AOM, лише 5 гривень стерлінгів/місяць. AOM Box61,M60 1ER, доки не зупинитеся. Тільки для осіб віком від 18 років!"
ham,"О... Я думав зробити йога-сану о 10-й, а о 3-й можу поспішати в парк, 4-й... Добре, друже, подзвони мені, коли будеш готовий..."
ham,"Так пізно, але мені треба піти за ноутбуком..."
ham,"Пане, я чекаю на вашу пошту."
ham,"Будь ласка, заряди мій мобільний, коли прокинешся вранці."
ham,"Нічого, я отримав повідомлення з невідомого номера..."
ham,"Фу, я перезаписуюся на Єву."
ham,"Він не бачив своєї тіні. У нас рання весна, ура."
ham,Я так і зробив. Один шматочок і одна хлібна паличка. Лол.
ham,"Гей! Я хочу тебе! Я прагну тебе! Я сумую за тобою! Ти мені потрібен! Я люблю тебе, Ахмад Саїд аль Халлак ..."
ham,Завтра якесь тренування?
spam,"ТЕРМІНОВО! Ваш мобільний номер *********** ВИГРАВ бонусний приз для абонента у розмірі 2000 гривень стерлінгів 02/06/03! Це друга спроба додзвонитися до ВАС! Зателефонуйте за номером 09066362220 якомога швидше! BOX97N7QP, 150 сторінок за хвилину"
ham,"Передай це всім своїм контактам і подивись, що в тебе вийде! Червоний; я тебе закоханий. Синій; ти викликав посмішку на моєму обличчі. Фіолетовий; ти дуже гарячий. Рожевий; ти такий милий. Помаранчевий; я думаю, ти мені подобаєшся. Зелений; я дуже хочу з тобою кудись піти. Жовтий; я хочу тебе повернути. Чорний; я тобі заздрю. Коричневий; я сумую за тобою. Тепер, будь ласка, дай мені один колір."
ham,"Бо тато влаштовує час, коли час принести..."
ham,"Тоді. Ти ж старший, знаєш."
ham,"Хто там, привітайтеся з нашим наркоторговцем?"
ham,"Важко повірити в таке. Усі можуть брехати, але подумайте двічі, перш ніж щось мені сказати."
spam,"Моторошні мелодії Nokia 4u, надішліть НАЗВУ МУЗИКИ на 8007, наприклад, МУЗИКУ ДРАКУЛА на 8007. Назви: ПРИВИД, АДДАМСФА, МЮНСТЕР, ЕКЗОРЦИСТ, СУТІНКИ www.getzed.co.uk POBox36504W45WQ 150 копійок"
spam,"Сексуальні самотні люди чекають на тебе! Надішліть SMS-повідомлення про свій ВІК, а потім свою стать, наприклад, M або F, EG23F. Для геїв надішліть SMS-повідомлення про свій ВІК, а потім G, наприклад, 23G."
ham,"На добраніч, люба моя.. Спи добре та бережи себе."
ham,Це чудова пісня
spam,"FreeMsg: Отримайте свої 250 SMS-повідомлень – надішліть OK на номер 84025 зараз! Використовуйте web2mobile для спілкування з друзями тощо. Приєднуйтесь до Txt250.com за 1,50 пенса/тиждень. Правила та умови BOX139, LA32WU. 16. Видаліть txtX або зупиніть його."
ham,"Так, насправді ми досить швидкі... Бо ми повільні... Ха-ха..."
ham,Маю прийти пізніше.. Зазвичай я купаю його після обіду..
ham,"Повір мені. Навіть якщо його немає, воно там є."
ham,"Гей, люба, їдемо в автобусі на зустріч. Він хоче кудись вийти поїсти, але мені не хочеться, бо треба сісти на останній автобус додому! Але останнім часом він такий милий."
spam,85233 БЕЗКОШТОВНА>Мелодія дзвінка!Відповісти РЕАЛЬНО
ham,Я можу забрати тебе десь опівдні
ham,Де це знаходиться? Чи є якісь вакансії для MCA?
ham,Зі мною все гаразд. Що відбувається на твоєму боці?
ham,"Я закінчив, ореді..."
ham,"Ти теж мила, принцесо. Будь ласка, розкажи мені, що тобі подобається, а що не подобається в ліжку..."
ham,Як справи? Бажаю тобі чудового семестру.
ham,"Моджі, я люблю тебе більше, ніж слова. Бажаю тобі насиченого дня."
ham,"Чувак, як тобі подобається сильний вітер?"
ham,"""Добре, люба, просто подумала спитати! Як справи? Майже кінець мого тижня, чорт забирай, нічого! У нас буде двоє знайомих, якщо хочеш мати двох? Люблю Джен х."""
spam,"Молодець, АНГЛІЄ! Отримайте офіційну поліефірну мелодію дзвінка або кольоровий прапор на свій мобільний! Надішліть SMS-повідомлення TONE або FLAG на номер 84199 ЗАРАЗ! Відмовтеся від SMS-повідомлення ENG STOP. Box39822 W111WX грн1.50"
ham,"Ні, не можу. Я не можу дати тобі все, що ти хочеш і що тобі потрібно. Ти могла б краще подбати сама — у тебе більше грошей, ніж у мене. Я не можу знайти роботу, не можу знайти чоловіка, не можу сплатити оренду, навіть не можу заправити свій чортів бак. Так, я у стресі та депресії. Я навіть не подзвонила додому на День подяки, бо доведеться сказати їм, що я нічого не задумала."
ham,S:-)kallis не гратиме в перших двох оді:-)
ham,"Тоді збери трохи готівки, і я напишу Джейсону."
ham,"О, коханий мій, так приємно тебе чути. Боже, я так сьогодні за тобою сумувала. Мені шкода, що в тебе проблеми з провайдером, але дякую, що написала мені."
spam,"Останній шанс! Отримайте ваучери на знижку на 150 гривень стерлінгів вже сьогодні! Надішліть SMS-повідомлення «ТАК» на номер 85023! SavaMob, пропозиції для учасників мобільного зв'язку! T Cs SavaMob POBOX84, M263UZ. 3,00 гривняа стерлінгів. Підписки: 16."
spam,"ПРИВАТНО! Ваша виписка з рахунку за 2004 рік за номером 07742676969 показує 786 невикористаних бонусних балів. Щоб отримати їх, зателефонуйте за номером 08719180248. Ідентифікаційний код: 45239. Термін дії закінчується."
ham,"Мабуть, хочете взяти більше?"
ham,Я закінчив...
ham,Ти наймиліша дівчина у світі чи що?
ham,"Без кубиків, уроки мистецтва з 6 по 9 :( дякую. Є якісь ідеї, о котрій годині мені прийти завтра?"
spam,"SMS-ПОСЛУГИ. Щоб отримати доступ до SMS-кредитів, будь ласка, перейдіть на www.comuk.net login= ***** або відпишіться за допомогою STOP. Без додаткової плати. Довідка: 08700469649. PO BOX420. IP4 5WE"
ham,"Ой, ну як приємно.. Мате і самачара чікку:-)"
ham,"Я думаю, що 530 лор. Але не знаю, як дістати квитки. Що ти зараз робиш?"
ham,Жахливе автовиправлення Одрі
ham,"Це сайт для імітації тесту. Він просто дає дуже складні запитання, щоб перевірити вашу готовність."
ham,"У будь-якому разі, серйозно, напиши мені, коли повернешся, бо інакше мені доведеться палити разом з Армандом, а в нього завжди лайно та/або блювота."
ham,Я принесу тобі чи я принесу тобі?
ham,Дякую. Ти мені теж подобаєшся...
ham,"Хмм... А уяви собі, як після того, як ти повернешся додому, тобі доведеться масажувати мені ноги, готувати вечерю та допомагати зібратися на побачення! Ти впевнена, що готова до такого життя?"
spam,"БЕЗКОШТОВНЕ 2-ДНЕВНЕ сексуальне фото Йорданії з Днем Святого Георгія! Надішліть фото на номер 89080, не пропустіть, а потім щотижня зухвала знаменитість! Ще 4 фото c PocketBabe.co.uk 0870241182716 грн3/тиждень"
ham,"Лара сказала, що може позичити мені <#>."
ham,Чи є у нас якісь запасні блоки живлення?
ham,"Так, він досить розумний, але після багатьох здогадок, лор. Він попросив мене привести, але я думаю, що Даррен не дуже хоче йти. Айя, вони думають, що Леона все ще не приєдналася."
spam,"Ви переможець, вас було спеціально обрано для отримання грошової винагороди у розмірі 1000 гривень стерлінгів або премії у розмірі 2000 гривень стерлінгів. Щоб отримати приз, зверніться до оператора за номером 087123002209:00-19:00. Вартість 10 копійок."
ham,"Так, не лягай спати, я повернуся до півночі."
spam,"Сонячні канікули. Щоб отримати медичну відпустку, надішліть конверт із зазначеною вами адресою та маркою на адресу Drinks on Us UK, PO Box 113, Bray, Wicklow, Eire. Вікторина починається в суботу! Unsub Stop"
ham,"Ну, мене не було, бо я вчора з вами зв'язувався, тож їм довелося попросити Нікі Платта замість мене!;"
ham,"Знову та пора тижня, Раяне."
ham,"Бажаю тобі багато-багато повернень у цей день.. З днем ​​народження, Віккі.."
spam,"Ви можете ВИГРАВАТИ музичні подарункові сертифікати на суму 100 гривень стерлінгів щотижня, починаючи ЗАРАЗ. Надішліть слово DRAW на номер 87066 TsCs www.Idew.com SkillGame, 1Winaweek, вік 16 років. 150 ppermessПідписка"
ham,"Сподіваюся, ти знаєш, що я все ще злюся на тебе."
ham,"Ох, мій 3G не працює, та й єдине, що я пам'ятаю з нашого дослідження, це те, що провінція та Стерлінг були єдиними місцями без проблем, які ми розглядали."
ham,"У залі XAM хлопець спитав дівчину: ""Скажи мені, з якого терміну почати цю відповідь?"". Я можу тоді впоратися самостійно. Після довгих вагань та мовчкиго оглядання вона сказала: ""ТО!""."
ham,"Чи знаєте ви, коли буде результат?"
spam,"+123 Вітаємо! У розіграші цього тижня ви виграли приз у розмірі 1450 гривень стерлінгів. Щоб отримати його, просто зателефонуйте за номером 09050002311 b4280703. Правила та умови/припинення. SMS-повідомлення на номер 08718727868. Особам старше 18 років лише 150 стор./хв."
ham,"Прекрасна правда проти сили тяжіння... Уважно прочитайте: «Наше серце легке, коли хтось у ньому... Але дуже важке, коли хтось його залишає...» НА СПРАВИ НІЧ"
ham,"Вибач, я вже встаю, мені дуже погано — я повністю відкинула цю особу, схожу на мене."
ham,Хоча в тебе й справді купа діамантів.
ham,"Тессі... будь ласка, зроби мені послугу. Будь ласка, передай мої привітання з днем ​​народження Нім'ї... будь ласка, не забудь про це. Сьогодні в неї день народження, Шіджас."
ham,"Ну, я буду тіткою!"
ham,"Моє тут, як і все з Китаю, таке шумне."
ham,"Пізніше, мабуть. Мені також потрібно вивчити MCAT."
ham,"З навчального посібника видно, що немає жодного технічного процесу :) все стосується скидання пароля та усунення несправностей :)"
spam,"Ваш ваучер B4U з 27.03 – MARSMS. Зайдіть на сайт www.B4Utele.com, щоб отримати знижку. Щоб відмовитися, відповідайте на запит «Стоп». Зателефонуйте до служби підтримки клієнтів за номером 08717168528."
ham,"Сьогодні розмовляв з дядьком Джоном. Він твердо переконаний, що тобі потрібно піти на жертви, щоб я залишився тут. Він тобі зателефонує. Коли він це зробить, я благаю тебе просто вислухати. Не давай жодних обіцянок і не давай зрозуміти, що все непросто. І мені потрібно, щоб ти, будь ласка, дозволив нам все вирішити. Поки я продовжуватиму очікувати допомоги, моя творчість буде придушена, тому, будь ласка, просто зроби так, щоб він був щасливим, без жодних обіцянок з твого боку."
ham,"Якщо він почне шукати, то знайде роботу за кілька днів. У нього великий потенціал і талант."
ham,"Карлос затримався (знову), ми вирушаємо за хвилину"
ham,Молодець! Люблю вас усіх!
ham,Тоді чому ти прийшов до гуртожитку?
ham,"К, ти все ще мене кохаєш."
ham,"Але я щойно згадав, що мені сьогодні треба помити собаку."
ham,Після препарату вона зможе їсти.
ham,"Гаразд, прийняв морфін. Знову в себе."
ham,"Будь ласка, подивіться на вимоги"
ham,"Тримайся подалі від неприємностей, незнайомцю!! Бачив Дейва днями, у нього все вирішено! Все ще зі мною, чувак, коли в тебе з'явиться дівчина, МІСТЕР! Твоя мама все ще думає, що ми отримаємо 2GETHA!"
spam,"Безкоштовне повідомлення: Привіт, я Баффі. Мені 25, і я люблю задовольняти чоловіків. Наодинці вдома почуваюся розпусно. Відповісти 2 C мої фото! QlynnBV Допомога08700621170150p повідомлення Надіслати повідомлення ""стоп, щоб зупинити"""
spam,"Сонячні канікули. Щоб отримати медичну відпустку, надішліть конверт із зазначеною вами адресою та маркою на адресу Drinks on Us UK, PO Box 113, Bray, Wicklow, Eire. Вікторина починається в суботу! Unsub Stop"
ham,Тож чи можете ви забрати свій ноутбук?
ham,"Добре. Можна пізніше, приблизно о 8-8:30, якщо хочете + можна було б випити перед цим. Я б волів не витрачати гроші на їжу, якщо ви не проти, оскільки роблю це наступного тижня."
ham,"Я зроблю це, як тільки повернуся додому"
ham,"Щоооо?? Лололо, гаразд наступного разу!"
ham,"Стіл зайнятий, я чекаю біля ялинки."
ham,Я точно не забув прийти:) Я завжди буду з тобою на зв'язку:-)
ham,"Будь ласка, поверніть нам документи, які ми подали для отримання кредиту від STAPATI."
ham,"У мене немає, я куплю один, люба."
ham,"О Боже, як я радий бачити твоє повідомлення після 3 днів"
ham,Який рік. І скільки миль.
ham,"Привіт, красуне. Як справи? Тут, у Вельсі, все нормально. Є такі пагорби та всяке лайно, але я все одно не вбив себе."
ham,"Сумна історія чоловіка - минулого тижня був мій день народження. Моя дружина не привітала мене. Мої батьки забули, як і мої діти. Я пішов на роботу. Навіть мої колеги не привітали. Коли я зайшов до своєї каюти, моя особиста асистентка сказала: ""З днем ​​народження, босе!!"". Я відчув себе особливим. Вона запросила мене на обід. Після обіду вона запросила мене до своєї квартири. Ми пішли туди. Вона сказала: ""Ви не проти, якщо я на хвилинку піду в спальню?"" ""Добре"", - відповів я в сексуальному настрої. Вона вийшла через 5 хвилин з тортом... і моя дружина, мої батьки, мої діти, мої друзі та мої колеги. Всі кричали... СЮРПРИЗ!! а я чекав на дивані... ... ..... ""ГОЛИЙ...!"""
ham,"Я думаю, тобі варто йти шляхом чесності. Зателефонуй до банку завтра. Саме складні рішення роблять нас чудовими людьми."
spam,"БЕЗКОШТОВНО протягом першого тижня! №1 Nokia тон 4, ваш мобільний щотижня, просто надсилайте SMS NOKIA на номер 87077. Отримуйте SMS та розповідайте своїм друзям. zed POBox 36504 W45WQ норм 150 копійок/тон 16+"
ham,"Ні. Це не спеціалізація. Може працювати, але це рабська праця. Буду шукати це цього місяця, бо немає Шакари для жебрака."
ham,Вона відповідає? Хлопець змінив свій номер телефону?
ham,1) Перейдіть до написання повідомлення. 2) Увімкніть режим словника. 3) Закрийте екран рукою. 4) Натисніть <#>. 5) Обережно приберіть руку. Це цікаво..:)
ham,"Привіт, люба, я їду до Лондона, і нас щойно врізався інший водій! І у нас велика вм'ятина! Я дуже сумую за тобою, чим ти займалася? xxx"
ham,"Нічого особливого, просто переконуюся, що всі в курсі подій"
ham,Я не повернуся додому о четвертій вечері.
ham,"Дякую. І до речі, я щойно програв."
ham,"Так, у нього хороший крикетний розум."
ham,Дякую. Все буде добре за кілька місяців.
spam,"Купуйте до останньої хвилини, ЦЕ ВИ? 10 тисяч, 5 тисяч, готівка на 500 гривень стерлінгів або туристичний ваучер на 100 гривень стерлінгів. Телефонуйте зараз, 09064011000. NTT PO Box CR01327BT. Вартість стаціонарного телефону: 150 стор./хв., мобільний телефон: різна ціна."
ham,"""ЧИ МОЖУ Я, БУДЬ ЛАСКА, ЗАРАЗ ПІДНІМАТИСЯ, Я В МІСТІ? НЕ МАЄ ЗНАЧЕННЯ, ЧИ ВИХОДЖУ Я, ПРОСТО ПОТРІБНО ДВА ДОКУМЕНТИ. БУДЬ ЛАСКА, НЕ ІГНОРУЙТЕ МОЇ ДЗВІНКИ, ВИ НЕ ВІДПОВІДАЄТЕ НА ЦІ ДОКУМЕНТИ. ВАЖЛИВО, ТОМ 4, 2 МОРО"""
ham,Я не буду. То що ж з хлопцями?
ham,Явнт вже пробував і ніколи не грав в оригінал
ham,"Привіт, гарно провів день? Ви спілкувалися після вихідних?"
ham,Бачиш? Я все ретельно продумав.
ham,"Я на роботі. Будь ласка, зателефонуйте."
ham,приготуйся стогнати та кричати :)
ham,"Ой :) чому ти влаштувався на роботу, то що сталося?"
ham,"Не думаю. Тобі не потрібно виходити з дому так пізно ввечері. ОСОБЛИВО, коли єдиний урок, який у тебе є, — це той, який ти пропустив минулої середи і, ймовірно, провалив тест у п'ятницю."
ham,І прийом ібупрофенів не допоміг.
ham,"Любий! Як пройшов день? Що ти робиш? Де ти? Я п'ю своє капучино і думаю про тебе, коханий... Я посилаю тобі поцілунок з-за моря."
ham,Добре.
ham,"P.S. Ти ж вже не дорослий, чи не так?"
ham,"У Чайнатауні є каша, рис у глиняному горщику, ямсовий пиріг, риб'яча голова... Або ми їмо дешеві страви в кафе ""Ден Гоу"", або йдемо в Нью-Йорк чи щось таке..."
ham,"Я знаю кількох людей, з якими можу зв'язатися і трахнути їх до упаду."
ham,"Чистота дружби між двома полягає не в посмішці після прочитання пересланого повідомлення. Йдеться про посмішку, просто побачивши ім'я. Щиро Ваш."
ham,"Тож чи є щось конкретне, що мені слід робити щодо Джакліна чи що, бо я не знаю, що за чорт?"
ham,О Боже. Я зараз погуглю інформацію про найближчі скелі.
spam,"БЕЗКОШТОВНІ камерофони з орендою лінії від 4,49/місяць з 750 хвилинами міжквартирних дзвінків. Також доступні пакетні пропозиції за півціни. Телефонуйте 08001950382 або call2optout/J MF"
ham,"Так, у мене мало б бути 10 сторінок, якщо я додам цифри... Скільки у вас взагалі сторінок?"
ham,"О, 4got, я почну танцювати танець живота в Мозлі в середу о 18:30. Якщо хочете вдвох, приєднуйтесь до мене, у них теж є кафе."
ham,Щиро дякую за дзвінок. Я ціную вашу турботу.
ham,Вітаю! Очікується лікування. Я не працюватиму на пошті 2 дні. Надішлю один раз. Поважайте маму вдома. Перевіряйте пошту.
ham,"Я подзвонив, але ніхто не брав слухавку. Я вже спитав у обох, вони сказали добре."
ham,"Привіт, моя адреса електронної пошти змінилася, тепер вона"
ham,Ц-цінний. Н-ніжний. Н-любимий. В-природний. Н-добрий. Т-щедрий. Н-близький. Н-природний. Е-славний. З Днем святого Валентина заздалегідь.
ham,"Небагато, просто трохи смс-повідомлень. А ти?"
ham,"Принеси, якщо маєш."
ham,Я у фільмі. Називай мене кимось?
ham,"Не впевнений, що в мене на це вистачить духу..."
ham,Ха-ха... можу... Але я вечеряю зі своїм двоюрідним братом...
ham,Хлопчик запізнився на 2 години додому. Його батько: «СИЛА ДРУЖБИ»
ham,"(І мій хлопець Карлос точно прийде до мене сьогодні ввечері, жодних виправдань)"
ham,Скоро в тебе буде справжня принцеса! Я тебе намочую? :)
ham,"Раджі... будь ласка, зроби мені послугу. Будь ласка, передай мої привітання з днем ​​народження Нім'ї. Сьогодні в неї день народження."
ham,"Ха-ха, ноги та шия в мене вбивають, а мої аміго сподіваються завершити ніч опіком, думаю, я зможу заскочити приблизно за годину?"
spam,"ТЕРМІНОВО! Ваш мобільний номер 07xxxxxxxxx виграв бонусний приз у розмірі 2000 гривень стерлінгів 02.06.03! Це друга спроба додзвонитися до ВАС! Телефонуйте за номером 09066362231 якомога швидше! BOX97N7QP, 150 шт./хв."
ham,"Зазвичай організм сам піклується про це, щоб воно не прогресувало. Чи можемо ми, будь ласка, продовжити цю розмову в суботу?"
spam,"ТЕРМІНОВО!! Ваш 4-зірковий відпочинок на Коста-дель-Соль або грн5000 очікують на отримання. Зателефонуйте за номером 09050090044 зараз, щоб подати заявку. SAE, TC s, POBox334, Stockport, SK38xh, вартість грн1.50/год, макс. 10 хв."
ham,"Хм, ну, нічної ночі."
ham,"Просто хотів сказати, чорт забирай, ви ж не жартували щодо цього, приятелю."
ham,"Просто зараз трохи захоплююся мистецтвом зі своїми колажами, ну, спробую два способи! За хвилинку приготував смажену їжу, чудово, я насолоджуся цим!"
ham,"Це один із тих днів, коли у тебе мільярд занять, чи не так?"
ham,"Доброго ранку, сьогодні я запізнююся на 2 години. Через біль у спині."
ham,"Добре, тоді я дам йому знати, але пізніше попрошу його зателефонувати тобі завчасно..."
ham,Прабха... мені шкода... справді... від щирого серця мені шкода
ham,"Добре, я зараз йду пішки... Хочеш, я тобі щось куплю додому?"
ham,* Візьму ще дві коробки від вас і дуже задоволений полицями
ham,"Приємно було з вами поспілкуватися! Будь ласка, не забудьте мої фотографії :) Я хочу побачити вас усіх..."
spam,"Ви ВИГРАЛИ гарантований грошовий приз у розмірі 1000 гривень стерлінгів або 2000 гривень стерлінгів. Щоб отримати свій приз, зателефонуйте нашому представнику служби підтримки клієнтів за номером 08714712379 з 10:00 до 19:00. Вартість 10 копійок."
ham,"Але справді досить смішно, що... Тоді тобі довелося б пробігти коротшу дистанцію..."
ham,"Я помічаю, що ти дивишся у дзеркало, і перетворюєшся на справжнього виродка."
ham,"Чудово. Я вже хвилювався за тебе. Просто знай, що така чудова та турботлива людина, як ти, матиме в житті тільки найкраще. Знай, що ти чудовий, і Божа любов твоя."
spam,"Дякуємо за ваше замовлення мелодії дзвінка, номер посилання K718. З вашого мобільного телефону буде стягнуто 4,50 гривень стерлінгів. Якщо ваша мелодія не надійшла, зателефонуйте до служби підтримки клієнтів за номером 09065069120."
ham,"Я надаю перевагу вільним дням... Вівторок, середа, п'ятниця, тому можу... Запитайте у тих, хто працює..."
ham,"Алайт Джод, як там повторення? Керіс бін трохи танцює. Ти ж не хочеш кінчити після коледжу?xx"
ham,"Якщо ти мені віриш, приходь до мене додому."
ham,"О, кк. Де ти складала тест?"
ham,Це були мої саме наміри
ham,"ха-ха, але грошей немає... Пізніше доведеться платити за навчання... Ха-ха, і шукаю вільні місця для уроків водіння"
ham,"Гей... Дякую, ми просто йдемо за тим, що обговорювали вчора, окрім того, що в неділю немає бакалаврату... Бо там небагато уроків, якщо ми будемо відвідувати бакалаврат у суботу..."
ham,"К, коли ти вільний, приходь до мене додому і також скажи Віккі, я йому теж надіслав листа. Краще приходь увечері, я буду вільний сьогодні після 18:00.. :-)"
ham,"Нічого, просто отримання повідомлень від цього імені з різними ""ні"".."
ham,"Доброго ранку, будь ласка, зателефонуйте мені, сер."
ham,"Який у тебе номер кімнати? Хочу переконатися, що я стукаю у потрібні двері."
ham,"«Сі.комо ні?! послухав альбом Plaid — доволі класний та новий ефір, який такий кумедний, — також купив збірку «braindance» на альбомі Aphex; Абеля, ти ж її чув! Куди подінешся?!»"
ham,"Будь ласка, скажи Нельсону, що бісквити більше не надходять. Гроші, на які я очікував, так і не надходять."
ham,"Дай їй щось попити, якщо вона вип'є і не зблює, то може знизитися температура. Якщо ж вона не зблює, дай мені знати."
ham,"Здається, ти надіслав повідомлення на домашній телефон. На ньому не відображаються повідомлення. Якщо ти все ще хочеш його надіслати, то його номер..."
ham,Щодня я лягаю спати лише після <#>.
ham,"К. Я подзвоню тобі, коли буду поруч."
ham,Ви вже купуєте газети?
ham,"Ні з моєю сестрою... Після купання собаки я зможу купатися... Здається, скоро буде дощ."
ham,"Бу, я їду до мами. Вона готує суп з тортильї. Ням-ням."
ham,Без управлінських головоломок.
ham,"Як ви дізналися, не враховуючи всіх цих деталей?"
spam,"«Привіт, люба, ти що, забула про мене?» Шахраї хитрують... Хоча це звичайний номер Vodafone, якщо ти відповіси, то отримаєш додаткові повідомлення/підписку за преміум-ставкою. Використовуються й інші номери. Обережно!"
spam,"Назад 2 роботи 2морро, півсеместру закінчилося! Чи може UC провести зі мною 2 ночі 4, трохи сексуальної пристрасті B4, у мене є 2 повернутися? Спілкуйтеся ЗАРАЗ 09099726481 Luv DENA Дзвінки грн1/хв MobsmoreLKPOBOX177HP51FL"
ham,"Хочеш, щоб тебе балували? :)"
spam,"Дякуємо за ваше замовлення мелодії дзвінка, номер посилання R836. З вашого мобільного телефону буде стягнуто 4,50 гривень стерлінгів. Якщо ваша мелодія не надійшла, зателефонуйте до служби підтримки клієнтів за номером 09065069154."
ham,"Я отримую погрози від вашого менеджера з продажу Шифада, оскільки я подав на нього скаргу. Це офіційне повідомлення."
ham,"Сподіваюся, у ""лікарів"" все пройшло добре ;) нагадує мені, що мені все ще потрібен 2go. Чи не залишив я в кімнаті відпочинку маленьку штучку з UCD?"
ham,Що буде за розкладом на неділю?
ham,"Лол, тобі дуже подобаються рольові ігри?"
ham,Добре. Я теж дивлюся телевізор.
ham,"Мені просто подобається цей рядок: «Завдай мені болю правдою, я не проти, я це потерплю, бо ти моя людина..... Але ніколи не втішай мене брехнею», тобі доброго дня, і солодких снів."
ham,"Щойно виписався, зараз йду здати свої речі."
ham,Тут багато перукарень з Китаю.
ham,"Сумна історія чоловіка - минулого тижня був мій день народження. Моя дружина не привітала мене. Мої батьки забули, як і мої діти. Я пішов на роботу. Навіть мої колеги не привітали."
ham,Ввечері зателефоную і зроблю кілька ідей.
spam,SplashMobile: Оберіть один із тисяч тонів gr8 щотижня! Це послуга підписки з тижневими тонами вартістю 300 копійок. У вас є один кредит — розслабтеся та НАСОЛОДЖУЙТЕСЬ
ham,"Ти показав йому, і що він сказав, чи не міг би ти йому дати пил?"
ham,Це має зайняти приблизно <#> хв
spam,"Давно не було чути від U4. Зателефонуй на приватну лінію 01223585334 у форматі грубого чату, щоб кінчити. Хочу 2C фото, де мене трахають, а потім надішліть PIX на номер 8552. 2End, надішліть STOP 8552 SAM xxx"
ham,"Добре... зараз я в автобусі. Якщо я приїду скоро, то приїду завтра."
ham,"Я зараз не можу відповісти на телефон. Будь ласка, надішліть повідомлення."
spam,"<Переслано з 88877>БЕЗКОШТОВНИЙ вхід до нашого щотижневого конкурсу на 250 гривень стерлінгів, просто надішліть слово ENTER на номер 88877 ЗАРАЗ. 18 Правил та умов www.textcomp.com"
ham,Закінчити ляо... У?
spam,88066 З 88066 ДОПОМОГА СКИДАТИСЯ 3 ФУНТИ
ham,"Ха-ха, здається, я теж."
ham,"Ти знаєш, що ми дивимося в Лідо?"
ham,"Життя, проведене з кимось усе життя, може бути безглуздим, але кілька хвилин, проведених з тим, хто тебе справді кохає, значать більше, ніж саме життя."
ham,"Ха-ха, круто, я був у 4U кілька разів. Хто взагалі прийде?"
ham,"Холодно. Не сумуй, люба."
ham,"Гадаєш, я міг би заскочити приблизно за годину? Мій сусід по кімнаті хоче запастися на поїздку."
ham,"Це по телевізору? Ні, це Бріджит Джонс!"
ham,"Люблю тебе, Ааті... дуже люблю тебе.."
ham,"Привіт! Як справи? Мені нудно. Ніколи не думав, що мені буде нудно дивитися телевізор, але таки нудно. Скажи, що там сталося щось цікаве? Що завгодно! =/"
ham,Хм... Погані новини... Студія в Hype Park Plaza за 700 доларів зайнята... Залишилася лише 2-кімнатна - 900 доларів...
ham,"Вибачте, я зателефоную пізніше під час зустрічі."
ham,Ти повернешся на вечерю?
ham,"Я майже дістався. Дзвони, не можу з тобою зв'язатися."
ham,Кого ти чекав учора
ham,"Я дістаюся додому цілим і неушкодженим, ляо..."
ham,"Дуже добре, так, будь ласка!"
ham,"Привіт, вихідні нормальні, але подорож жахлива. Тиждень не дуже хороший, бо є величезний запас розміток."
ham,"Я отримав ще два листи від . Я зроблю для вас копію, бо в одному з них є для вас повідомлення. Зв'яжіться найближчим часом."
ham,"Алекс знає хлопця, який продає середні сидіння, але він у південній Тампі, і я не думаю, що зможу це налаштувати раніше, ніж о 8."
ham,У вас немає пропозиції щодо повідомлення?
spam,Користувалися мобільним телефоном 11 місяців? Оновіть його БЕЗКОШТОВНО до найновіших кольорових камер Orange та безлімітних дзвінків у вихідні. Зателефонуйте до Mobile Upd8 за безкоштовним номером 08000839402 або 2StopTx.
ham,"ПРИВІТ, ЛЮБИЙ, ЯК СПРАВИ? ЯК ТИ ВСТАВ, 2 НОЧІ, З ЛЮБОВ'Ю, ЕННІ ІКС."
ham,"Нагадай мені, як туди дістатися, і я це зроблю."
ham,:-( це не дуже романтично!
ham,"Привіт. Чорт забирай цю різдвяну штуку. Здається, я вирішив зберегти цей mp3, який не працює."
spam,"У вас є 1 нове повідомлення. Будь ласка, зателефонуйте за номером 08718738034."
ham,"ПРИВІТ, ЛЮБА, Я ЗА ТЕБЕ СУМУЮ. СПОДІВАЮСЯ, ТИ ГАРНО ПРОВОДИШ ЧАС. КОЛИ ТИ ПОВЕРНЕШСЯ І О КОЛИ МОЖЕШ ЗАТЕЛЕФОНУВАТИ МЕНІ ДОДОМУ. ДЖЕСС XX"
spam,"<Переслано з 21870000>Привіт! Це ваше SMS-сповіщення про повідомлення у поштовій скриньці. У вас є 4 повідомлення. Ви маєте 21 збіг. Будь ласка, передзвоніть за номером 09056242159, щоб переглянути свої повідомлення та збіги."
ham,"Малювати, ва? Я так не думаю :)"
ham,"Не відповідай на дзвінок, коли є щось важливе, чого хочеш сказати. Хріші"
spam,"Вітаємо! Спеціальний річний абонемент у кіно для двох ваш. Телефонуйте за номером 09061209465 зараз! C Супермен V, Матриця 3, Зоряні війни 3 тощо – всі 4 БЕЗКОШТОВНО! bx420-ip4-5we. 15:50. Не пропустіть!"
ham,Нічого не спадає мені на думку. Допоможи мені купити вішалку для лорда. Твій ноутбук не важкий?
ham,"<#>, і це все? Мабуть, це досить просто"
ham,Ми можемо зробити в тобі дитину.
ham,"Чи варто мені сказати своєму другові, щоб він не приходив до приблизно <#>?"
ham,"Вірш про дружбу: Любий, любий, ти не поруч, але я чую, не боячись, живи з радістю, більше не сльози, ти завжди мій любий. Gud ni8"
ham,Все ще в районі ресторану. Постараюся повернутися незабаром.
ham,"Гаразд, це спрацює, дякую."
spam,"ВИГРАЙТЕ річний запас компакт-дисків у вибраному вами магазині вартістю 500 гривень стерлінгів та візьміть участь у нашому щотижневому розіграші 100 гривень стерлінгів, надішліть SMS-повідомлення MUSIC на номер 87066. Правила та умови www.Ldew.com.subs16+1win150ppmx3"
spam,"Вікторина Moby Pub. Виграйте приз у розмірі 100 гривень стерлінгів на головній вулиці, якщо знаєте, хто буде новою герцогинею Корнуольською? Надішліть її ім'я на номер 82277. unsub STOP грн1.50 008704050406 SP Arrow"
ham,"У мене є 2 спальні мішки, 1 ковдра, папери та інформація про телефон. Щось ще?"
spam,"Ви виграли Nokia 7250i. Ось що ви отримаєте, якщо виграєте наш БЕЗКОШТОВНИЙ аукціон. Щоб взяти участь, надішліть Nokia на номер 86021 зараз. HG/Suite342/2Lands Row/W1JHL 16+"
spam,"Вітаємо! Завдяки доброму другу ви ВИГРАЛИ різдвяний приз у розмірі 2000 гривень стерлінгів. Отримати приз легко, просто зателефонуйте за номером 08718726971 ЗАРАЗ! Всього 10 копійок за хвилину. BT-національний тариф."
spam,"tddnewsletter@emc1.co.uk (Більше ігор від TheDailyDraw) Шановна Хелен, Десятки безкоштовних ігор – із чудовими призами.."
ham,"То що ж ви, хлопці, робите?"
ham,"Також той чат був чудовий, але не робіть його постійним, якщо не зможете побачити її особисто."
ham,"Це суттєво, але не хвилюйтеся."
ham,"Це тому що ти старий. Я живу, щоб бути на кайфі."
ham,"Waqt se pehle or naseeb se zyada kisi ko kuch nahi milta,Zindgi wo nahi he jo hum sochte hai Zindgi wo hai jo ham jeetey hai.........."
ham,По дорозі до офісу..
ham,В якому місці ти хочеш?
ham,Цей біль не міг прийти в гірший час.
ham,Добре...
ham,Чи варто мені тебе переслідувати?
ham,"Вибач, чувак. Не знаю, як я забув. Навіть після того, як Ден нагадав мені. Вибач. Сподіваюся, вам було весело."
ham,"Добре, лор."
ham,Клас програм Варая Елая.
ham,Різдвяна історія – це мир... Різдвяне послання – це любов... Різдвяне диво – це Ісус... Благословенного місяця попереду та бажаю вам щасливого Різдва...
spam,"ТЕРМІНОВО! Ваш номер мобільного телефону *************** ВИГРАВ бонусний приз у розмірі 2000 гривень стерлінгів 10.06.03! Це друга спроба додзвонитися до вас! Зателефонуйте за номером 09066368753 якомога швидше! Скринька 97N7QP, 150 сторінок за хвилину"
ham,Того дня ти запитав про число anand. Чому :-)
ham,"Переглядаю інтернет-магазин. Чи є у вас пропозиції, чи хочете ви щось купити?"
ham,"Лонг-Біч, лор. Очікується... Ти зараз вечеряєш?"
ham,"До речі, вдома"
ham,У нас обох все добре. Дякую.
ham,"Що з нею сталося, скажи правду"
ham,Тобі подобається італійська їжа?
ham,"Що дивно, бо я знаю, що в мене це колись було."
ham,"""Ой, ти, мабуть, майже мертвий! Ну, Джез прийде попрацювати, і це триватиме вічно!"""
ham,"Розкажи друзям, що ти плануєш робити на День святого Валентина @ <URL>"
ham,"Добре, побачимося трохи пізніше"
ham,"Дякую за повідомлення, Зогторіус. Я вже цілу вічність витріщаюся на телефон, вирішуючи, писати мені чи ні."
ham,Я вирішу фінансові проблеми. Допоможу :)
ham,"Розкажи люба, що з тобою сталося. Чому ти розмовляєш зі мною, як з інопланетянином?"
spam,Подвоїте свої хвилини та текстові повідомлення на Orange або орендуйте лінію за півціни - Motorola та SonyEricsson з B/Tooth FREE-Nokia FREE. Зателефонуйте за номером MobileUpd8 за номером 08000839402 або відмовтеся від дзвінків/HV9D.
ham,1) Перейдіть до написання повідомлення. 2) Увімкніть режим словника. 3) Закрийте екран рукою. 4) Натисніть <#>. 5) Обережно приберіть руку. Це цікаво..:)
ham,Гаразд...
ham,"Привіт, це Іджуе, чи можу я зустрітися з тобою о 11:00?"
ham,"Можливо, не жити в  столітті, см. фрвд і думаю інакше"
ham,Але я не спав вдень.
ham,Це здається надмірно ніжним
ham,А інакше я буду думати про всякі кумедні речі.
ham,Ти будеш на місці того чоловіка
spam,"Завантажуйте скільки завгодно мелодій дзвінка, без обмежень, тисячі на вибір. Ви навіть можете надіслати дворічних друзів. Надішліть SMS-повідомлення «Сер» на номер 80082 за грн3."
ham,Круто. Як пройшов твій день?
spam,"Будь ласка, негайно зателефонуйте за номером 08712402902, оскільки на вас чекає термінове повідомлення."
ham,Ми їдемо автобусом <#>?
ham,"Привіт, моя кохана! Як пройшов твій день? У тебе все гаразд? Я думаю про тебе, моя люба, і посилаю тобі поштовх у серце, щоб нагадати тобі... Я КОХАЮ ТЕБЕ! Чуєш це? Я кричав це через море, щоб увесь світ почув. Ахмад аль-Халлак коханий! І належить! *пристрасний поцілунок з власницькою любов'ю*"
ham,"Ні, він приєднався сьогодні."
ham,"Гаразд, і в мене те саме. Дякую за роз'яснення."
ham,"Я поговорю з іншими і, мабуть, просто прийду завтра раніше."
spam,"Налякайте свою юрбу колекцією логотипів та зображень на Гелловін, а також безкоштовним моторошним звуком. Надішліть SMS-повідомлення CARD SPOOK на номер 8007 zed 08701417012150 копійок за логотип/зображення."
ham,"Мене гнітила фінансова проблема, але завдяки тобі я тепер можу зітхнути легше. Я зроблю все, щоб ти не пошкодував про це. Дякую."
ham,"Привіт. Вибачте, я пропустив ваш дзвінок. Чи не могли б ви передзвонити?"
ham,"Як справи? Сподіваюся, ти вже влаштувався/влаштувалася на новий навчальний рік. Просто бажаю тобі чудового дня."
spam,"Фентезі-футбол повертається на ваші телевізори. Перейдіть на Sky Gamestar на Sky Active та зіграйте в Dream Team на 250 тисяч гривень стерлінгів. Підрахунок очок починається в суботу, тож реєструйтесь зараз! ВІДМОВА ВІД SKY на номер 88088"
ham,"Добре, тоді не потрібно мені нічого казати, я йду спати, на добраніч."
ham,"Добре, спробуй пройти курс вихідного дня у Коїмбаторі."
spam,"Tone Club: Термін дії вашої підписки закінчився. 2 повторні підписки: MONOC, 4 моно- або POLYC, 4 полі- 1 раз на тиждень по 150 копійок на тиждень. Txt STOP, 2 зупинки. Це повідомлення. Безкоштовна трансляція. 0871212025016"
ham,"Дуже гарно! Висловлюю свою думку щодо категорій 2 b, які використовувалися для вимірювання етнічної приналежності в наступному переписі. Зайнятий транскрипцією. :-)"
ham,"Якщо ви вдома, то приходьте протягом 5 хвилин."
ham,"Хлопець кохав дівчину. Він підтримував її, але їй було байдуже. Він кидав їй лапки, але її друзі кидали їх. Знову хлопець вирішив підійти до дівчини, і саме тоді вантажівка мчала назустріч. Коли було близько двох годин, дівчина збила її, і хлопець побіг, щосили, і врятував її. Вона запитала: «Як ти можеш так швидко бігати?» Хлопець відповів: «Енергія — це секрет моєї енергії», і дівчина миттєво закричала: «Наша енергія», і вони жили щасливо 2 години на тиждень, випиваючи енергію щодня. Мораль цієї історії: у мене були безкоштовні повідомлення :D ;): добре, нічого 8"
ham,"Того дня ти кажеш, що підстригся в Paragon, це називається Hair Sense? Не знаєш, скільки коштує стрижка?"
ham,"Хм, на жаль, їх забагато... Фотографії, очевидно, не гарячі пиріжки. Хоча це й досить весело."
ham,"Дивлюся телевізор, лор... Вона така кумедна, що ми її обдурили. Здається, бо вона думає, що між нами це неможливо?"
spam,"РІЗДВЯНІ розіграші призів! Ми намагаємося зв'язатися з вами. Сьогоднішній розіграш показує, що ви ГАРАНтовано виграли приз у розмірі 2000 гривень стерлінгів. Зателефонуйте за номером 09058094565 зі стаціонарного телефону. Дійсно лише 12 годин."
ham,"Не знаю, леї він не сказав..."
ham,"Дякую, 4 дні тому! Ти хороший друг, я думаю, ти чудовий! Чудово! Ти мене підбадьорив! Люблю тебе, Франці xxxxxx"
ham,"Я їду додому. Пішов поміняти батарейку на годиннику, а потім трохи прогулятися по магазинах."
spam,"ТАК! Єдине місце в місті, де можна познайомитися з захопливими дорослими самотніми людьми, тепер у Великій Британії. Надішліть SMS-повідомлення в ЧАТІ на номер 86688 зараз! 150 копійок/повідомлення."
ham,"Привіт, мобільний номер <#> додав вас до свого списку контактів на www.fullonsms.com. Це чудове місце для надсилання безкоштовних SMS. Більше інформації на fullonsms.com."
ham,"Доброго вечора, сер, сподіваюся, у вас гарний день. Я хотів би повідомити вас, що я затримую сплату орендної плати протягом останніх кількох місяців і мені довелося сплатити комісію в розмірі $ <#>. Я вважав, що було б нетактовно з мого боку бурчати про те, що ви собі дорого платите, тому я промовчав. Однак я зараз у рецесії і не зможу сплатити комісію цього місяця, тому я прошу задовго до кінця місяця. Чи не могли б ви допомогти? Дякую вам за все."
ham,"Якщо я дозволю тобі це зробити, я хочу, щоб ти був удома до 8-ї ранку."
ham,"Найкращий рядок, сказаний про кохання: «Я чекатиму до того дня, коли зможу забути тебе, або до того дня, коли ти зрозумієш, що не можеш забути мене».... Гн"
ham,Я прибуду до десятої ранку
ham,Твоя кицька ідеальна!
ham,"Вибачте, я подзвоню пізніше"
spam,"Хтось зв'язався з нашою службою знайомств і ввів ваш номер телефону, бо ви йому подобаєтесь! Щоб дізнатися, хто це, зателефонуйте зі стаціонарного телефону за номером 09058098002. PoBox1, W14RG 150p"
ham,Немає повідомлення..немає відповіді..що сталося?
ham,А де ж той шматок?
ham,"віскі Бренді Ром Джин Пиво Горілка Скотч Шампейн Вино ""KUDI""yarasu dhina vaazhthukkal. .."
ham,Бу. Як справи? Я повернувся вдома і вже трохи нудно :-(
ham,"По-перше, чи набрала вона більше ніж > кг з моменту прийому? По-друге, чи здала вона аналізи на цукор у крові. Якщо так, і все гаразд, а тиск у межах норми, то не варто хвилюватися?"
ham,"ВЗЯМИ СВІЙ ТЕЛЕФОН ЗАРАЗ, ТИ ДУРНИЙ?"
ham,"Дякую, люба, я дуже-дуже щаслива. Я також сумую за тобою."
ham,"Гаразд, друже. Я вдома, але не одягнений, бо лежу хворий! Поговоримо пізніше про розклад та інше."
ham,"Я не тікаю від тебе... Я йду повільно, і мене вбиває, що тобі байдуже, щоб зупинити мене..."
ham,"Кохана, я повернувся... Повернися до мене..."
ham,"Ну, ти ж казав іншим, що вийдеш за них заміж..."
ham,"Нешант... скажи мені, хто ти?"
ham,"ЙО ЙО ЙО Б'ЯЧ, ЩО СТАЛОСЯ?"
ham,"О... Кей... Він сидів, так?"
ham,Привіт! Це Роджер з CL. Як справи?
spam,"Крихітка: Ти ж мене хочеш, чи не так, крихітко! Я гидкий і маю щось із чотирма брудними хлопцями. Хочу провести час з сексуальною сучкою. Як щодо того, щоб ми погралися повільно та жорстко! Текстові повідомлення XXX SLO (4 повідомлення)"
ham,"О, о... Даремно... Ден муз чйонг на сидів і сонце ляо..."
ham,"Ісусе Христе, суко, я намагаюся дати тобі наркотики, відповідай на твій клятий телефон."
ham,"Будь ласка, дайте йому 2, або я заберу його у вівторок ввечері близько 8, якщо це нормально."
ham,Я зустрічаюся з Дарреном...
ham,"Один з найкращих діалогів у милих стосунках...!! ""Коли я помру, не наближайся до мого тіла...!! Бо мої руки можуть не витерти твої сльози тоді...!"" Гаразд, ні8"
ham,"Розв'яжіть випадок: Чоловіка знайшли вбитим <DECIMAL>. <#> Після полудня. 1. Його дружина викликала поліцію. 2. Поліція опитала всіх. 3. Дружина: Пане, я спала, коли сталося вбивство. 4. Кухар: Я готував. 5. Садівник: Я збирав овочі. 6. Покоївка: Я пішов на пошту. 7. Діти: Ми пішли гратися. 8. Сусід: Ми пішли на весілля. Поліція негайно заарештувала вбивцю. Хто це? Дайте обґрунтовану відповідь, якщо ви геніальні."
ham,"Любий, де ти будеш, коли я туди прибуду?"
ham,"Ооо, це вперше ти сказала, що сумуєш за мною, не спитавши спочатку, чи сумую я за тобою. Ти ж мене справді кохаєш! :)"
ham,"Добре... Дякую... Боже, ніч 2 теж..."
ham,"Прийди до мене зараз, Ахмаде"
spam,"Я тебе не знаю, і ти мене не знаєш. Надішліть ЧАТ на номер 86688 зараз і давайте знайдемо одне одного! Всього 150 копійок/повідомлення отримано. HG/Suite342/2Lands/Row/W1J6HL LDN. 18 років або старше."
ham,"Лол, будь ласка, зроби це. Власне, надішли своє фото просто зараз. Хочу подивитися. Позуй з гребінцем і феном чи щось таке."
ham,О тоді не захоплювався кадрами в секунду.
ham,"Хм, тобто обчислювальна наука... Їм подобається, що один поштовх тут і там..."
ham,"Ти не могла мене прочитати, кохана моя? Я відповіла тобі."
ham,О... Lk tt den we take e one tt ends at cine lor... Dun wan yogasana oso can...
ham,"Пані, вибачте за незручності. Можливо, ви отримаєте перевірку рекомендацій від DLF Premarica. Будь ласка, будьте в курсі. Rgds, Ракхеш, Керала."
spam,"SMS-ПОСЛУГИ Щоб отримати інклюзивні текстові кредити, будь ласка, перейдіть на сайт www.comuk.net або увійдіть у систему 3qxj9, відпишіться та натисніть STOP, без додаткової плати, допомога 08702840625 comuk.220cm2 9AE"
ham,Ой... Тоді краще швидше йди купатися та заспокоюся...
ham,Емм... Можу зробити. Я збираюся о 20:00. У мене немає можливості зв'язатися з ним до того часу.
ham,"Бла-бла-бла, я сумуватиму за першою мискою"
ham,"Лол, але це так весело..."
ham,"О, кхм:) але він не дуже вправний. у будь-якому разі, непоганий."
ham,"Привіт!!! Я мало не забув... З днем ​​народження, любий! Я тебе люблю!!"
spam,Спеціальна пропозиція до Дня святого Валентина! Виграйте понад 1000 гривень стерлінгів у нашій вікторині та візьміть свого партнера у подорож усього життя! Надішліть GO на номер 83600 зараз. 150 копійок/повідомлення отримано. Обслуговування клієнтів: 08718720201
ham,"Як думаєш, я можу переїхати <#> за тиждень"
ham,"Вона знайшла. Я надіслала тобі повідомлення офлайн, щоб дізнатися, як справи у Анджоли."
spam,"Вгадайте, хто я? Це перший раз, коли я створив веб-сторінку WWW.ASJESUS.COM, прочитайте все, що я написав. Чекаю на вашу думку. Я хочу бути вашим другом 1/1"
ham,Як було писати текстові повідомлення та керувати автомобілем?
ham,"Це добре. Давайте подякувати Богу. Будь ласка, завершіть прийом препарату. Пийте багато води. І гарного вам дня."
ham,"Справді, не обманюй мене... Ти теж рано лягаєш спати. Ніч..."
ham,"Індійці бідні, але Індія не бідна країна, каже один із директорів швейцарських банків. Він каже, що «<#>лак крор» індійських грошей депоновано у швейцарських банках, які можна використовувати для «неоподатковуваного» бюджету протягом <#> років. Це може забезпечити <#> крор робочих місць усім індійцям. Від будь-якого села до Делі — чотирисмугові дороги. Постійне безкоштовне електропостачання для понад <#> соціальних проектів. Кожен громадянин може щомісяця отримувати <#> /- протягом <#> років. Немає потреби в позиках Світового банку та МВФ. Подумайте, як наші гроші блокують багаті політики. Ми маємо повні права проти корумпованих політиків. Тільки вперед, каро кі пура ІНДІЯ padhe.gm"
ham,"Дядьку Бой. Мені потрібні фільми, о. Підкажи мені дорогу. До того ж, ти знаєш, що торренти тут не є особливо легальними. І система сповільнюється. Що мені робити? Гарного дня! До того ж, ти вже почав, бо я не зустрічаю тебе онлайн? Як пройшов медовий місяць?"
ham,"О так, так. Я пам'ятаю, так..."
ham,"До речі, щодо цього, нам справді варто спробувати подивитися, чи може хтось ще бути нашим четвертим хлопцем, перш ніж ми вирішуємо обрати випадкового хлопця."
spam,"Щоб отримати шанс виграти 250 гривень стерлінгів готівкою щотижня, надішліть SMS-повідомлення: PLAY на номер 83370. Правила та умови www.music-trivia.net, служба підтримки клієнтів 08715705022, 1x150 копійок/тиждень."
ham,"Я не зайнятий, просто не хочу йти так рано... Хе..."
ham,"Добре. Тоді 11:48. Ну що ж, ми всі встали рано-вранці."
ham,"Чудово. Я зараз у церкві, привітаюся, коли вийду."
ham,"Повертаємося до Брама! Дякуємо, що підтримуєте нас і робите нас усіх щасливими. До скорої зустрічі."
ham,"Я не знаю, чи можна їх оцінити"
ham,<#> чудове оновлення щодо спалювання різдвяної ялинки Локсахатчі: тут повністю видно зірки
ham,"Так, але мені байдуже! Ти мені дуже потрібна, принцесо!"
ham,"Цей хлопець (Кадім) не продавав з часів перерви. Я знаю ще одного хлопця, але він просто параноїк і не любить продавати без мене, а я не можу бути там допізна."
ham,"Вибачте, я подзвоню пізніше"
ham,"Тоді я скоро прийду... Ая, пізніше я прийду... Можливо, я правильно налаштував(-ла) довідку..."
ham,Ви знаєте цей номер <#>?
ham,"Тоді вона не повірила, що?"
ham,К..передай мені мою подяку у відповідь.
ham,Я знаю лише номер для скарг... краще звернутися безпосередньо до офісу BSNL та подати заявку...
ham,Добре. Я це бачив. Тож мені варто забрати це в п'ятницю?
ham,Скільки вона заплатила. Суганья.
ham,"Лівий десерт. Хочеш, я вдвох, піду, Suntec, подивись на себе?"
ham,"Еге ж, отримуйте прибуток. Але це лише початок. Ви використовуєте його, щоб знайти спонсорів для наступного заходу?"
ham,Вінум ела па. Нормальніше ніж.
ham,Кк. Як там діти твоєї сестри?
ham,"Круто, я тобі напишу, коли буду в дорозі."
ham,"Ні. Тим часом вона каже, щоб я тебе привітала."
ham,"Я не можу з тобою зараз розмовляти. Я подзвоню, коли зможу. Не дзвони постійно."
ham,Щось велике...
ham,"Троянді потрібна вода, порі року потрібна зміна, поету потрібна уява... Моєму телефону потрібні твої смс, а мені потрібна твоя чудова дружба назавжди..."
ham,"Доброго дня, люба. Як пройшов день? Є якісь перспективи роботи? Я сумую за тобою, моя кохана... *зітхає*... :-("
ham,"Вони заберуть і відвезуть машину, тож без проблем."
ham,"Сі думаєш, що він нікудишній для тебе.."
ham,Він всесвітньо відомий....
ham,У п'ятницю буде відпустка на Понгал? Чи є у тебе якісь новини з роботи?
ham,"Лол, ну не роби цього без мене. Ми могли б разом влаштувати великий розпродаж."
ham,* Я в дорозі
ham,Їжте на старій дорозі до аеропорту... Але тепер 630 ореді... Маю багато яблук...
ham,"Вибачте, не можу розмовляти по телефону з батьками"
spam,"Останній шанс! Отримайте ваучери на знижку на 150 гривень стерлінгів вже сьогодні! Надішліть SMS-повідомлення «ТАК» на номер 85023! SavaMob, пропозиції для учасників мобільного зв'язку! T Cs SavaMob POBOX84, M263UZ. 3,00 гривняа стерлінгів. Підписки: 16."
ham,"Добре, о котрій годині ти закінчиш?"
ham,"Принцесо, мені подобається кохатися <#> разів на ніч. Сподіваюся, це не проблема!"
ham,"Мм, я їду до залізниці"
ham,я не хочу з тобою розмовляти
ham,"Я закінчив. Вибачте. Сподіваюся, у вашому наступному житлі ви знайдете все, що забажаєте. Пам'ятайте, що всі меблі ваші. Якщо мене не буде поруч, коли ви їх переїжджатимете, просто замкніть усі замки та залиште ключ у Дженні."
ham,"Ще ні. Просто я хотів би залишатися на зв'язку, і це буде найпростіший спосіб зробити це з Барселони. До речі, як справи і як будинок?"
spam,"Підбадьорте свою аудиторію колекцією логотипів і зображень Nokia на Хелловін, а також БЕЗКОШТОВНИМ моторошним звуком. Надішліть SMS-повідомлення CARD SPOOK на номер 8007."
spam,"Терміново! Зателефонуйте за номером 09066612661 зі стаціонарного телефону. Ваш безкоштовний 4* відпочинок на Тенерифе або 10 000 гривень стерлінгів готівкою очікують на отримання. Правила та умови SAE: поштова скринька 3, WA14 2PX, 150 сторінок за хвилину, 18+. Відправник: Hol Offer."
ham,"К.:)зроби це ввечері, так:)терміново:)"
ham,"Пенсі! Ти вже два роки живеш у джунглях! Це я за кермом, тобі варто більше хвилюватися!"
ham,"Мм, з'їжте трохи кандзі, не їжте нічого важкого, добре"
ham,"Тільки якщо ти пообіцяєш, що виберешся звідси якомога ШВИДШЕ. І напишеш мені вранці, що ти в порядку."
ham,"Лол, це зовсім інша справа. Я не намагаюся знайти всі твої фотографії з реального життя."
ham,"Я не думаю, що це неправильний вибір між нами."
ham,"Я вип'ю. Тоді що робити? Мені потрібна модель SRS, будь ласка, надішліть її на мою електронну адресу, де я є."
ham,"Айя, дощ, як досить великий лех. Якщо мрячить, я можу хоча б добігти додому."
ham,"У мене наступного тижня два прийоми у лікарів.:/ Мені набридло, що вони мені щось пхають. Фу, чому в мене не могло бути нормального тіла?"
ham,Не сумно... Це скінчилося... Не думаю вже про це. Зосередься на інших своїх роботах.
ham,Вітаю! Вважайте себе вибаченим.
ham,"Будь ласка, жодної драми. З мене досить від тебе та моєї родини, поки я мучуся під палючим сонцем у незнайомому місці. Немає причин, чому має бути егоїзм, що не йде ""ЯКЩО НЕ ЗАПРОШУЮТЬ"", коли насправді це необхідно. Чекайте дуже серйозних наслідків."
ham,"Вони випустили сьогодні ще один італійський екземпляр, і в ньому є опція спільного підписання."
ham,"Ти в МУ? Тобі варто спробувати з'ясувати, скільки грошей у кожного на бензин та алкоголь, ми з Джеєм намагаємося визначити наш бюджет на травку."
spam,"ПЕРЕМОЖЕЦЬ! Як цінний клієнт мережі, ви отримали винагороду у розмірі 900 гривень стерлінгів! Щоб отримати приз, зателефонуйте за номером 09061701444. Дійсно лише 24 години. ACL03530150PM"
ham,HCL Ченнаї потребує ПЕРШОКЛАСНИКІВ для роботи з голосовою обробкою. Потрібне відмінне знання англійської мови. Зарплата до <#>. Телефонуйте пані Суман <#> для телефонної співбесіди - через Indyarocks.com.
ham,"Дай, що це таке.. Чи можу я надіслати своє резюме на цей ідентифікатор?"
ham,"Я знаю, де <#>, я буду там близько 5"
ham,"Так, я закінчив з цим..."
ham,Не забудьте запитати Алекса про його піцу
ham,"Ні, та.. сьогодні я теж забув.."
ham,"Ола зв'яжеться з тобою, можливо, не сьогодні, але я сказав йому, що ти можеш бути його прямим зв'язковим у США для отримання автомобілів, які він пропонуватиме онлайн, ти організуєш доставку та отримаєш свою частку. Або ти????? За партнерство, де ти????? Інвестуєш гроші в доставку, а він подбає про решту! Ти?? Скоро станеш самостійним, не хвилюйся."
ham,"До речі, причина, чому я поруч лише тоді, коли час курити, полягає в тому, що через бензин я можу дозволити собі бути поруч лише тоді, коли хтось мені каже, а це, мабуть, трапляється лише тоді, коли хтось хоче закурити."
ham,"Привіт, мій хлопчику! Я дістався додому і постійно думаю про тебе, коханий. Сподіваюся, тобі приємно в гостях, але я не можу дочекатися, коли ти повернешся до мене додому... *поцілунок*"
ham,"Вітаю, Кано... де ж ласощі, мага?"
ham,Про кого ти говориш?
ham,Так...
ham,Добре...
ham,"Ти вже прокинувся? Що робиш? Заїдеш за нами пізніше? Я їду на sq825, прибуваю приблизно о 7, приблизно о 8, типу сьогодні. Можеш перевірити час прибуття. Скоро приїжджай..."
ham,"Як же я зараз іду по Сітілінку, швидше спускайся... Я дуже голодний..."
ham,"Ем, так, звісно. Реквізит?"
ham,"Привіт, ти перераховував гроші на мій рахунок? Якщо так, дякую. Був приємно сюрпризом, коли перевірив баланс - я не отримую виписок з цього рахунку."
spam,"Ви виграли Nokia 6230 та безкоштовну цифрову камеру. Ось що ви отримаєте, якщо виграєте наш БЕЗКОШТОВНИЙ аукціон. Щоб взяти участь, надішліть NOKIA на номер 83383 зараз. POBOX114/14TCR/W1 16"
ham,"Добре, я надішлю вам у <DECIMAL>, ок."
ham,"Богнор, власне! Має бути чудово в цю пору року."
ham,"Так, я в офісі :)"
ham,"Вибачте, я подзвоню пізніше"
ham,Батько Джой — Джон. Тоді Джон — це ІМ'Я батька Джой. Мандан
ham,Добре. Я питаю лише про фільм. Ти хочеш KTV також?
ham,"Загубив твій номер і надсилав повідомлення на твій старий номер. Цікаво, чому я не чув від тебе цього року. Усього найкращого у твоєму MCAT. Отримав цей номер від моїх друзів з Атланти."
ham,"Вибачте, я подзвоню пізніше"
ham,"Не знаю... Можливо, я їм з друзями... Якщо хочеш їсти, то чекаю 4 години."
ham,"Вибачте, я подзвоню пізніше"
spam,БЕЗКОШТОВНА участь у нашому щотижневому розіграші вартістю 250 гривень стерлінгів. Просто надішліть слово WIN на номер 80086 ЗАРАЗ. 18 Правил та умов www.txttowin.co.uk
ham,"Скажи це повільно.? БОЖЕ, Я ТЕБЕ ЛЮБЛЮ І ТИ МЕНІ ПОТРІБЕН, ОЧИСТИ МОЄ СЕРЦЕ СВОЄЮ КРОВ'Ю. Надішліть це десяти особливим людям і зробіть диво завтра, зробіть це, будь ласка, будь ласка, зробіть це..."
ham,"Ви знаєте, як надсилати файли між двома комп'ютерами?"
ham,"Мммм... Мені так сподобалося прокидатися сьогодні вранці під твої слова! Я теж сумую за тобою, моя кохана. Сподіваюся, твій день пройде добре і ти будеш щаслива. Чекаю, коли ми знову будемо разом."
ham,"Джей каже, що вставить <#>"
ham,"Чи можете ви зайти на секунду? Тут є хтось, кого я хочу, щоб ви побачили."
ham,"Отже, сонце – це ліки від сну."
ham,Що з вами відбувається? Ви влаштувалися на роботу та почали реєстрацію на постійне проживання?
ham,"Так, гаразд..."
ham,"Радий, що все пройшло добре :) приходь об 11-й, тоді в нас буде багато часу, перш ніж Клер піде на роботу."
ham,"Добре, насолоджуйся. Ти вдома?"
ham,"Чи не могли б ви, будь ласка, надіслати мені листа з усією інформацією про родичів, які приїжджають сюди для пологів? Все, що вам відомо про витрати, ризики, переваги та все інше. Дякую."
ham,"Ти робиш все, що тобі подобається"
ham,"Ось так нам треба поєднати, як же..."
ham,"Щомісячна сума не така вже й страшна, і ви нічого не платитимете до 6 місяців після закінчення навчання."
ham,Хммм :) скільки гравців вибрано?
ham,"Вони сказали, що якщо йтиме сніг, то він почнеться близько 20-21 години сьогодні ввечері! Прогнозують, що сягне дюйм опадів."
ham,Я ні. Чи можете ви мені це надіслати? Плюс як там мода?
ham,"Айо, будь ласка, у тебе є час."
ham,Добре упакуйте всі свої програми
ham,"Вона наша сестра... Вона належить до нашої родини... Вона — надія завтрашнього дня... Помоліться за неї, яка загинула внаслідок інциденту з поїздом у Шоранурі. Давайте візьмемося за руки, наповнені любов'ю та турботою, перед її горем та болем. Будь ласка, приєднуйтесь до розлучення та передайте це. ЗУПИНИМО НАСИЛЬСТВО ЩОДО ЖІНОК."
ham,"То ви, хлопці, просите, щоб я знову купив ці капці, чи вони зникли разом із минулим роком?"
ham,"Компанія дуже хороша, атмосфера чудова, а їжа справді смачна :)"
spam,"Text82228>> Отримайте більше мелодій дзвінка, логотипів та ігор на сайті www.txt82228.com. Запитання: info@txt82228.co.uk"
ham,"Чесно кажучи, я щойно заварила чудову чашку чаю, одразу ж кинула туди ключі, а потім обпекла пальці, дістаючи їх!"
ham,"Так, але я не вивчаю серфінг, лор. Я сьогодні в режимі ліни."
ham,"Будь ласка, надішліть :) мою добру пораду :-) будь ласка, заходьте сюди та спробуйте :-)"
ham,Я закінчив. Звідси.
ham,"О, добре, я буду сьогодні ввечері."
ham,"Дай мені трохи часу, щоб туди прогулятися."
ham,"Я приїду через 20 хвилин, гаразд..."
spam,"FreeMSG Ви отримали БЕЗКОШТОВНУ міні-ЦИФРОВУ КАМЕРУ, просто дайте відповідь SNAP, щоб отримати свій приз! (quizclub Відмовитися? Зупинити 80122300p/тиждень SP:RWM Тел.:08704050406)"
ham,"Блядь, крихітко... Що з тобою сталося? Чому ти ніколи не повернувся?"
spam,Це повідомлення надіслано вам компанією GMW Ltd. і не пов'язане з
ham,"Деякі друзі хочуть, щоб я їх кудись відвіз, це, мабуть, займе деякий час."
ham,"Я теж думаю занадто швидко... Xy пропоную один, не я. Ти не хочеш, все гаразд. Йду 2 дощі, але де отримав бога."
ham,Ви все ще отримуєте товар?
ham,"І, можливо, кілька прес-релізів"
ham,"Так, тож я піду, можливо, десь о 7?"
ham,К..к..у мене теж все добре:)коли ти закінчиш курс?
ham,Під водою лежить скеля. У скелі є конверт. У конверті є папір. На папері є 3 слова...
ham,"Я сказав їй, що наступного тижня в мене прийом у лікаря. Вона думає, що я помру. Я сказав їй, що це просто перевірка. Нема про що турбуватися. Але вона не слухала."
ham,Ти у своїй кімнаті? Мені потрібно кілька.
ham,Я не хочу нічого чути
ham,"Гей. У мене немає відпустки у п'ятницю. Зачекай, я запитаю свого начальника і тобі скажу..."
ham,"Зрештою, мотив тор - це досягнення мети."
ham,З 5 до 2 тільки мій робочий графік.
ham,"… і не хвилюйтеся, ми закінчимо до березня… приблизно!"
ham,"Будинок на воді з причалом, човен пришвартований, а за кермом сидить диктор новин, який грає на джазовій флейті."
spam,"Вітаємо з двома мобільними 3G відеофонами. Дзвоніть за номером 09063458130 зараз! Спілкуйтеся у відеочаті з друзями, грайте в Java-ігри, завантажуйте музику polypH, орендуйте noline. bx420. ip4. 5we. 150p."
spam,"Ваше наступне дивовижне xxx відео PICSFREE1 буде надіслано вам, щоб насолоджуватися! Якщо одного відео недостатньо для 2 днів, надішліть у відповідь ключове слово PICSFREE1, щоб отримати наступне відео."
ham,Тепер це зіпсує твою дисертацію!
ham,"У школі, але не проти, щоб ти їв першим..."
ham,"Гей, як справи? Ти спиш увесь ранок?"
ham,"Емм. Я думав, що контракт закінчується 4 жовтня."
ham,"Я не знаю, доки... Ходімо навчимося пілатесу..."
spam,"Ви підписані на найкращий сервіс мобільного контенту у Великій Британії за 3 гривні стерлінгів кожні десять днів, доки не надішлете STOP на номер 83435. Гаряча лінія 08706091795."
ham,"Так, я детально розглядаю аспекти безпеки та деякі інші питання.."
spam,"3 БЕЗКОШТОВНИХ ГАДОЩІ НА ТАРО! Дізнайтеся про своє любовне життя зараз! СПРОБУЙТЕ 3 БЕЗКОШТОВНО! Надішліть SMS-повідомлення CHANCE лише на номер 85555 16! Після 3 безкоштовних повідомлень, кожне по 1,50 гривняа стерлінгів"
ham,"Доброго ранку, сьогодні я запізнююся на 1 годину."
ham,"Привіт, з днем ​​народження. Привіт, привіт, привіт, привіт, привіт, привіт, привіт."
ham,"Я буду біля офісу, заберу все звідти."
ham,"Якщо ти не відповіси, я вважатиму, що ти ще спиш, і почну дзвонити та всяку нісенітницю."
ham,"Гаразд, побачимося трохи пізніше"
ham,"Мій начальник каже, що в п'ятницю відпустка для всіх відділів, окрім нашого :) тож це буде відпустка для тебе :) у будь-якому разі, зателефонуй до Вахід Фатіма ХР та підтвердь це :)"
spam,Приєднуйтесь до найзбудженішого догінг-сервісу у Великій Британії та зможете займатися сексом дві ночі! Просто зареєструйтесь та дотримуйтесь інструкцій. Надішліть ENTRY на номер 69888 зараз! Nt.EC2A.3LP.msg@150p
ham,"Лол, я маю це прийняти. Привіт, як я сказала, що моя тітка, яка страждає на потік, не відвідувала мене 6 місяців? Це тому, що в мене утворилися кісти яєчників. Лікування бактерій - єдиний спосіб їх зменшити."
ham,Робота ще триває :) це дуже маленький будинок.
ham,"Мій друг щойно приїхав і каже, що збільшує своє замовлення на кілька грамів (у нього є $ <#>), коли ти зможеш приїхати?"
ham,"Тим часом все той самий, бо в мене уроки до 6-ї..."
ham,"Ось у чому річ з мавпами: ти можеш битися до смерті, щоб щось зберегти, але щойно вони це заволодіють, як тільки ти відпускаєш, то й усе!"
spam,"Щотижнева вікторина «Сонячне світло»! Виграйте найкращий DVD-програвач Sony, якщо знаєте, з якою країною грав «Ліверпуль» посеред тижня? Надішліть відповідь на номер 82277. грн1.50. Спеціальна пропозиція: Тайрон."
ham,"Ні, я не зможу. || Занадто пізно повідомлено. || Я все одно буду вдома через кілька тижнів. || Які плани?"
ham,"Маю Fujitsu, IBM, HP, Toshiba... Маю багато моделей, як би це сказати..."
ham,Гаразд... Дякую...
ham,"Боже, який біль. Мабуть, тоді мені краще прийти."
ham,"Як завжди... я в порядку, щаслива і в мене все гаразд...:)"
ham,Окі
ham,Тож коли ви отримаєте доступ до Rimac?
ham,"""Я в ресторані, їм кальмарів! Я буду десь о 10:30, хочеш чимось зайнятися, чи вже запізно?"""
ham,"Ти телефонуєш у Times Job сьогодні, ок, умма, і просиш їх пришвидшити роботу."
ham,"""ПРИТ, ТИ. ПОДЗВОНИ, КОЛИ ЗАКІНЧИШ РОБОТУ. Я ХОЧУ ЗУСТРІТИСЯ З ВАМИ ВСІМА СЬОГОДНІ, БО МЕНІ ПОТРІБНА ПЕРЕРВА ВІД КНИГ. МИНУЛОГО ВЕЧІРЯ Я ПРАЦЮВАВ 4 ГОДИНИ + СЬОГОДНІ 2 НА ПРАЦІ!"""
ham,"РУ та СЕМ П. Зійшли одне в одного. Якщо ми зустрінемося, ми можемо піти до мене додому."
ham,":-) так! Лол. На щастя, у мене не було такої головної ролі, як у тебе!"
ham,"Привіт, пані, як справи?"
ham,"Чудово, напиши мені, коли поповниш товар."
ham,"Як завжди... я в порядку, щаслива і в мене все гаразд...:)"
spam,"Надішліть SMS-повідомлення «Knock Knock» на номер 80082, щоб взяти участь у щотижневому розіграші 4 подарункового сертифіката на 250 гривень стерлінгів 4 магазину на вибір року. Правила та умови www.tkls.com віком від 16 років до stoptxtstop 1,50 гривняа стерлінгів/тиждень"
ham,Так. Це все невинна розвага. О :-)
ham,"Дякую, що надіслали це питання щодо розумових здібностей."
ham,"Пане, сподіваюся, ваш день проходить гладко. Я дуже сподівався, що мені не доведеться вас цим турбувати. У мене є деякі рахунки, які я не можу оплатити цього місяця. У мене закінчилися всі зайві гроші. Я знаю, що для вас це також складний час, але мушу вас повідомити."
ham,Тільки 2 кістки. Середа о <#> до 2 ага.
ham,"Я ходив до твоєї шановної лабораторії, але там нікого не було."
ham,"Я зараз не можу відповісти на телефон. Будь ласка, надішліть повідомлення."
ham,"Гей, люди... 700 або 900 доларів за 5 ночей... Чудове розташування з кошиком для сніданку!!!"
spam,"<Переслано з 21870000>Привіт! Це ваше SMS-сповіщення про повідомлення у поштовій скриньці. У вас є 40 збігів. Будь ласка, зателефонуйте за номером 09056242159, щоб отримати свої повідомлення та збіги. Вартість cc100p/хв."
ham,Як же так?
ham,"Лол! Ні, було непогано, дякую. Добре бути вдома, але це була справжня перевірка реальності. Як пройшов твій день? Ти щось робив із вебсайтом?"
ham,"Добре, лор..."
ham,Я повернуся додому о четвертій вечері.
ham,S da..al r вище <#>
spam,БЕЗКОШТОВНА МУЗИКА ВІЗИЛА просто надішліть SMS-повідомлення «POLYS» на номер 87131. Потім щотижня отримуйте нову мелодію. 0870737910216 років лише грн1.50/тиждень.
ham,"Унні, дякую тобі, люба, за підзарядку..Ракхеш"
ham,"Я знаю, що мені бракує більшості деталей цієї конкретної драматичної бурі, але здебільшого я не хвилююся з цього приводу."
ham,"Ха-ха... Вони не можуть що... Максимум, що може бути програшним... ха-ха, то як?"
ham,"Привіт! Радий, що тобі вже краще. Чув, ти побалував себе цифровою камерою, вона хороша? Ми вирушаємо о 21:00. Чудового Нового року, ще за пару тижнів!"
ham,Ні в якому разі я туди не повернуся!
spam,"ТЕРМІНОВО! Ваш мобільний номер 077xxx ВИГРАВ бонусний приз у розмірі 2000 гривень стерлінгів 02.06.03! Це друга спроба додзвонитися до ВАС! Зателефонуйте за номером 09066362206 якомога швидше! BOX97N7QP, 150 сторінок за хвилину"
ham,"Я ПОЗВОЛЮ ВАМ, СЕР. На зустрічі"
ham,Ось що я люблю чути :V тоді побачимося в неділю
ham,"Вибач, да тхангам, дуже, дуже шкода, що я затримався з прасадом."
ham,Тіварі до rcb. Битва між Бангом та Кочі.
ham,"Слава Богу, вони вже в ліжку!"
ham,"Ні, у мене немає раку. Мами надають великого значення регулярному обстеженню, тобто мазку Папаніколау."
ham,Я навчаюся в художньому коледжі Гобі
ham,Чому вона хоче зі мною поговорити
ham,Панді сьогодні приєднався до 4w technologies. Він отримав роботу.
spam,"Ви гарантовано отримаєте найновіший телефон Nokia, MP3-плеєр iPod на 40 ГБ або приз у розмірі 500 гривень стерлінгів! Надішліть SMS-повідомлення з текстом COLLECT на номер 83355! IBHltd LdnW15H 150 копійок/Mtmsgrcvd18"
ham,Вони можуть спробувати! Вони можуть навіть заблукати. Хі-хі.
ham,"Привіт! Ви щойно розмовляли з МАНІШОЮ В. Ми хотіли б знати, чи ви задоволені нашим досвідом. Дайте відповідь на безкоштовний номер, скориставшись відповіддю «Так» або «Ні»."
ham,Мої друзі колись так само називали.
ham,"Вибачте, я подзвоню пізніше"
ham,"Ем, це olowoyey@usc.edu. Гарно проведи час в Аргентині. Не сумую за секретаря, все це благословення."
ham,"It,,sa taxt massage....tie-pos argh ok! Лул!"
ham,"Привіт, чи можу я отримати у вас позику в $? Я поверну вам її до середини лютого. Будь ласка."
ham,"Можливо, тобі варто взяти більше грошей про всяк випадок і просто спланувати не витрачати їх, якщо це можливо. Я не дуже довіряю управлінню фінансами Дерека та Тейлора."
ham,Тобі подобається трясти своєю попою на танцполі?
ham,"Напиши мені, коли вийдеш, не дзвони, у мене проблеми з телефоном."
ham,Більше немає потреби в препараті.
ham,"Вибач, тату:) я вже багато разів думав тобі дзвонити:) трохи зайнятий. Я подзвоню тобі опівдні.."
ham,Це сарказм... не скарказм.
ham,"Чудово! Мені тепер треба бігти, тож дякую!"
ham,Хочеш знову спробувати кадім? :V
ham,Дай <#> наал еруку.
ham,"Ще ні, чикку... а ти як?"
ham,Добре...
ham,Хочеш сьогодні нарешті пообідати?
ham,"Ти знаєш, коли тато повернеться?"
spam,"Привіт, люба, як справи сьогодні? Я б хотіла поспілкуватися, чому б тобі не розповісти мені, як ти виглядаєш і що тобі подобається в сексуальності?"
spam,"8007 БЕЗКОШТОВНО протягом першого тижня! №1 Nokia тональний зв'язок 4, ваш мобільний щотижня просто надсилайте SMS NOKIA на 8007. Отримуйте SMS та розповідайте своїм друзям. www.getzed.co.uk POBox 36504 W4 5WQ стандартна ціна 150 копійок/тональний зв'язок 16+"
ham,Він залишається братом серед братів
ham,Ви зустрічаєтеся сьогодні ввечері?
ham,"* Був гарний день, і, що вражає, я був розсудливим, рано пішов додому і тепер почуваюся добре. Чи я просто нудний?! Коли твій, я не пам'ятаю."
ham,Чому де. Ти просто гарно виглядаєш :-)..
spam,"Хочеш переспати дві ночі? Хочеш, щоб реальні місця для сексу з доґінгом надсилалися тобі на мобільний? Приєднуйся до найбільшої мережі для сексу з доґінгом у Великій Британії. Надішліть PARK на номер 69696 зараз! Тепер. ec2a. 3lp грн1.50/повідомлення"
spam,"Ми намагалися зв'язатися з вами щодо вашої відповіді на нашу пропозицію щодо нового телефону Nokia та відеокамери. Натисніть ""Відповісти"" або зателефонуйте за номером 08000930705 для отримання інформації про доставку."
ham,"Так. Вони відповіли на мій лист. Я пізніше піду до офісу керівництва. Плюс пізніше також зайду в банк, або в середу."
ham,"Круто, я зайду приблизно так"
ham,"Супер повідомлення, так :) вчасно."
ham,"Доброго дня, мій хлопчику... Як ти почуваєшся сьогодні? Сподіваюся, краще? Ти мій хороший хлопчик? Ти мій слухняний раб? Чи догоджаєш ти своїй королеві?"
ham,Мій зріст 183 см. Ми будемо гарною парою!
ham,Мені погано!! Мені потрібна допомога!! Я хочу тебе!! *дується губами* *тупає ногами* Де ти?! *дується губами* *тупає ногами* Я хочу свого раба!! Я хочу його зараз!!
ham,"* Я повертаюся потягом з Нортгемптона, тому, боюся, ні!"
ham,Де в ABJ ти служиш? Ти залишаєшся з татом чи сам?
ham,"Грав у гру 9 doors та gt racing на телефоні, лол."
spam,"Нові мелодії цього тижня включають: 1) Макфлай - All Ab.., 2) Сара Хорхе - Shock.. 3) Вілл Сміт - Switch.. Щоб замовити, дотримуйтесь інструкцій у наступному повідомленні."
ham,"Розв'яжіть випадок: Чоловіка знайшли вбитим <DECIMAL>. <#> Після полудня. 1. Його дружина викликала поліцію. 2. Поліція опитала всіх. 3. Дружина: Пане, я спала, коли сталося вбивство. 4. Кухар: Я готував. 5. Садівник: Я збирав овочі. 6. Покоївка: Я пішов на пошту. 7. Діти: Ми пішли гратися. 8. Сусід: Ми пішли на весілля. Поліція негайно заарештувала вбивцю. Хто це? Дайте обґрунтовану відповідь, якщо ви геніальні."
ham,Я їду додому в автобусі...
ham,Мені зателефонували зі стаціонарного телефону... Мене попросили прийти до Анна Нагар... Я піду вдень...
ham,Зі мною все гаразд. Женуся за мрією. Що добре. Що ти робиш далі?
ham,"Так... Я вже забронював 4 місця на вихідні, Ляо..."
spam,"ТЕРМІНОВО! Ми намагаємося зв'язатися з вами. Сьогоднішній розіграш показує, що ви ГАРАНтовано виграли приз у розмірі 800 гривень стерлінгів. Зателефонуйте за номером 09050003091 зі стаціонарного телефону. Отримайте C52. Дійсний лише 12 годин."
ham,"Є багато моделей... Sony Ericsson також... <#> ..вона чудова, але я забув про модуль №"
ham,Окі
ham,"Так, я знаю ці банальні пісеньки з мультфільму ""Сніговик Фрості"" :)"
ham,"Гаразд, Віккі зв'яжеться з нами протягом <#> хвилин, і я тобі відповім.."
spam,Спортивні вболівальники - отримуйте останні спортивні новини str* 2 ваші мобільні 1 тиждень БЕЗКОШТОВНО ПЛЮС БЕЗКОШТОВНИЙ ЗВУКОВИЙ ЗВУК Надішліть SPORT ON на 8007 www.getzed.co.uk 0870141701216+ norm 4txt/120p
ham,"Гей, TMR, зустріч у Bugis 930?"
spam,"Терміново Терміново! У нас є 800 БЕЗКОШТОВНИХ рейсів до Європи, які ми можемо розіграти. Зателефонуйте до B4 10 вересня та візьміть із собою друга на 4 БЕЗКОШТОВНИХ рейси. Зателефонуйте зараз за номером 09050000555. BA128NNFWFLY150 стор. за хвилину"
ham,"Усі ці гарні нові сорочки, і єдине, до чого я можу їх одягнути, це нудистський одяг ;_; ти в MU?"
ham,"Гей, сексуальні пухнастики! А що було в той день? Жодної звістки від тебе сьогодні вранці на YM ... :-( ... Я думаю про тебе"
ham,"І коли б ми з тобою не побачилися, ми все одно можемо переспати."
ham,"Ні, але я зараз йду додому, а потім заправлюся... Скоро буде дощ..."
ham,"Чи можна використовувати іноземні марки для будь-якої мети, за якою ви їх надсилаєте?"
spam,ВІД 88066 ВТРАЧЕНІ 12 ФУНТІВ СТЕРЛІНГІВ ДОПОМОГИ
ham,"О, крихітко. Чому в тебе немає нових фотографій на фейсбуці?"
ham,"Лютий <#> — день «Я КОХАЮ ТЕБЕ». Надішліть це всім своїм «ЦІННИМ ДРУЗЯМ», навіть мені. Якщо повернеться 3, то ви одружитеся з людиною, яку любите! Якщо ви проігноруєте це, то втратите свою любов 4 рази."
ham,"Привіт, вибач, не було сигналу. Я не бачила і не чула від нього ні слова, ні мене, що саме по собі незвично! Я зараз все розберу і попрошу його розібратися! Обійми та поцілунки."
ham,"Ой, повернувся до Тампи з Вест-Палм, чув, що сталося?"
ham,"Так, більше ні... Дякую, що надрукував і передав."
spam,"Безкоштовне повідомлення: Хочете пофліртувати? Надішліть відповідь DATE зараз і приєднуйтесь до найшвидше зростаючого мобільного сервісу знайомств у Великій Британії. Отримані повідомлення коштують лише 25 копійок, щоб відмовитися, надішліть SMS stop на номер 83021. Надішліть відповідь DATE зараз!"
ham,"Я маю на увазі, чи вони приходять і виганяють тебе, коли все закінчиться, чи там сказано, що ти можеш дивитися скільки завгодно фільмів?"
ham,Зараз я приймаю тільки таблетки. Реакція тільки вранці.
spam,НОВА чудова пропозиція – ПОДВІЙНІ хвилини та ПОДВІЙНІ текстові повідомлення на найкращих тарифах Orange ТА отримайте найновіші телефони з камерами 4 БЕЗКОШТОВНО! Зателефонуйте безкоштовно до MobileUpd8 за номером 08000839402 ЗАРАЗ! або ознайомтеся з правилами та умовами 2stoptxt
ham,"Ні, я вічний ДД."
ham,"Вибач, я пішов за покупками."
spam,"Сподіваюся, вам сподобався ваш новий контент. Надішліть SMS-повідомлення stop на номер 61610, щоб відписатися. Довідка: 08712400602450p. Надано tones2you.co.uk"
ham,"Коли твоя мила людина дуже злиться на тебе, не сприймай це серйозно... Бо злитися - це найдитячіший і найщиріший спосіб виявити глибоку прихильність, турботу та любов!.. Тобі дуже приємно... Гарного дня."
ham,"Гей, ти все ще хочеш піти на йогасану? Бо якщо ми закінчимо біля кіно, то можемо піти помитися та попаритися в лазні."
ham,"Ні, я не за кермом... Я не проявляв ці фотографії..."
ham,"Я думаю піти до звичайного на практичні уроки. Кинув свій аванс.. Ха-ха, о котрій годині ти йдеш?"
ham,"Круто. Я <#> дюймів завдовжки. Сподіваюся, тобі подобаються великі!"
ham,"Покоївка — вбивця, бо чоловіка вбили <#> січня.. У святковий день усі державні установи закриті, включаючи пошту.. зрозуміли?"
ham,Гаразд.. Дякую..
spam,"18 днів до початку Євро-2004! Ви будете щодня отримувати всі останні новини та результати. Щоб відмовитися від підписки, надішліть GET EURO STOP на номер 83222."
ham,"Куди піти і купити? Купимо, коли ми туди приїдемо."
ham,"Добре, лор..."
ham,Я працюю в техпідтримці :) голосовий процес.
ham,"Минув лише тиждень відтоді, як ми розійшлися, а наші мозки вже ось-ось розірвуться!"
ham,"Тунде, як справи? Я просто бажаю тобі гарного дня. Абіола."
ham,Ні... Тоді C ü...
ham,Ні. Але ми здійснимо медичні місії до Нігерії.
ham,"Ні, у мене немає жодних фільмів на ноутбуці"
ham,Що там? Хіба ти не хочеш спати?
spam,"Терміново. Будь ласка, зателефонуйте за номером 09066612661 зі стаціонарного телефону. 5000 гривень стерлінгів готівкою або розкішний 4* відпочинок на Канарських островах чекають на самовивіз. Правила та умови. Нагорода SAE. 20M12AQ. 150 стор./хв. 16+ “"
spam,"Терміново! Будь ласка, зателефонуйте за номером 09066612661 зі стаціонарного телефону. Ваш безкоштовний 4* відпочинок класу люкс у Коста-дель-Соль або 1000 гривень стерлінгів ГОТІВКОЮ очікують на отримання. ppm 150 Правила та умови SAE Джеймс 28, EH74RR"
ham,Я не маю лея... Наступного понеділка можна?
ham,"Мм, я відчуваю сонливість. Сьогодні я це зроблю, люба."
ham,"Як ти смієш, дурню? Я тобі нічого не скажу. Почуєш, потім я перестану з тобою розмовляти."
ham,"Зрозумій, якщо Бен їде?"
ham,"Чи можете ви колись зробити журнал, присвячений зустрічі з цим авокадо?"
ham,Я мав на увазі середній лівий чи правий?
ham,"Справді? Я звалився на диван, згорнувшись у кульки."
ham,"Привіт, Чачі, намагався тобі дзвонити, зараз не можу додзвонитися. Будь ласка, дай мені пропущений дзвінок, як тільки це станеться, Канагу."
ham,"Я надіслав вам ціни, і ви маєте на увазі <#> g,"
ham,Ти такий зайнятий?
ham,Нічого. Можна...
spam,"Я тебе не знаю, і ти мене не знаєш. Надішліть ЧАТ на номер 86688 зараз і давайте знайдемо одне одного! Всього 150 копійок/повідомлення отримано. HG/Suite342/2Lands/Row/W1J6HL LDN. 18 років або старше."
ham,"Ні, я працюю над тим, щоб тобі подзвонити, але в мене повний будинок кричущих бешкетників, тому я рву на собі волосся! Кохаю тебе."
ham,"Але моя родина ні на що не реагує. Зараз я в кімнаті, не пішов додому на Дівалі, але ніхто мене не телефонував, і чому я не приходжу? Мені здається, що я помер."
ham,"Тік, тік, тік ... Крихітко"
ham,Ти збираєшся на сьогоднішню зустріч о 4?
ham,К так:) скільки сторінок ти хочеш?
ham,Я щойно їв смажену цибулю.
ham,"Надішли його номер і завтра вранці дай відповідь, чому ти йому так сказала, добре"
ham,"Ти сказав, що не зараз. Немає проблем. Коли зможеш. Дай мені знати."
ham,"Добре, але скажи мені півгодини до того, як ти прийдеш, мені потрібно двоє підготуватися."
ham,"Грати з комп'ютером? Ая, я теж."
ham,"Сіли, так? Добре, дякую..."
ham,"Дерп. Що гірше, чувак, який завжди хоче тусуватися, чи чувак, який скаржиться на трьох наркоманів, з якими живе?"
ham,"Гаразд, китайська їжа вже в дорозі. Коли я товстішаю, ти платиш за мою ліпотерапію."
ham,Ми вже надворі.
ham,"Щасливої ​​подорожі. Бережися за . Пам'ятай, коли повернешся, нам треба вирішити питання Великодня."
ham,"Йой, ми дивимося фільм на Netflix."
ham,"О котрій годині? Я виходжу, мабуть, до третьої, десь так."
ham,"Можна? Думаю, деякі зіткнуться... Справді, ах, я не проти... Я не бачив, щоб я схуд... Гм..."
ham,"Я не думаю, що це неправильний вибір між нами."
ham,Я не впевнений щодо нічного меню... Я знаю лише про полуденне меню.
ham,Сьогодні день народження ARR:) Бажаю йому отримати більше Оскарів.
ham,"Скажи це повільно.? БОЖЕ, Я ТЕБЕ ЛЮБЛЮ І ТИ МЕНІ ПОТРІБЕН, ОЧИСТИ МОЄ СЕРЦЕ СВОЄЮ КРОВ'Ю. Надішліть це десяти особливим людям і зробіть диво завтра, зробіть це, будь ласка, будь ласка, зробіть це..."
ham,"Відкрийте Rebtel у Firefox. Коли він завантажиться, просто вставте знак плюса у поле імені користувача, і вам з'являться дві цифри. Менша цифра — це мій номер. Після того, як ви виберете цю цифру, PIN-код відобразиться нормально!"
ham,та збираючи їх з різних точок
spam,Заміжні місцеві жінки шукають непомітних стосунків зараз! 5 реальних пар миттєво на ваш телефон. Надішліть MATCH на номер 69969. Вартість повідомлення 150 копійок. 2 зупинки. СМС зупинка BCMSFWC1N3XX.
ham,"Вау, вражений. Бажаю гарного шопінгу!"
ham,Я йду до твого дому
spam,"Burger King - Хочете грати у футбол на найкращому стадіоні? Замовте 2 Burger King до 1 вересня, оберіть великий або супер-пакет з Coca-Cola та вийдете переможцем."
ham,Немає проблем. Поговоримо пізніше.
ham,Тоді як твоя сестро?
ham,Все ще на місці клієнта
spam,"Чому дитина, яка боїться темряви, так швидко перетворюється на підлітка, який хоче ночувати на вулиці?"
ham,"Чувак, ти також знаєш телугу..thts gud..k, gud nyt.."
ham,"Ми підтверджуємо, що обідаємо на еспланаді?"
ham,Надішліть мені свій ідентифікатор та пароль
ham,Щось на зразок. Відвіз його в гараж. Потребує заміни центральної частини вихлопної системи. Замовив деталь і повезу на ремонт сьогодні вранці.
spam,"Щоб отримати шанс виграти 250 гривень стерлінгів щотижня, надішліть SMS-повідомлення з текстом ACTION на номер 80608. Правила та умови дивіться на сайті www.movietrivia.tv або зателефонуйте за номером 08712405022, 1 раз по 150 копійок на тиждень."
ham,"Ну, тоді я можу й не прийти..."
ham,"Ще довго після того, як я кинув. Я і так займаюся лише близько 5 хвилин на день."
ham,"Тоді, найімовірніше, це називається Mittelschmertz. Погугліть. Якщо у вас немає парацетамолу, не хвилюйтеся, він пройде."
ham,"Ну, на цьому етапі мені доведеться встати і перевірити сьогоднішні розпродажі/пописи в Steam, тож напишіть мені, коли захочете, щоб я вас забрав."
ham,"Тільки-но приїхали, побачимося через пару днів <3"
ham,"К, що це за інцидент стався?"
ham,"Так, отримайте безліміт."
ham,"Тоді я думаю, що цього буде достатньо... Все ще є висновок, зміст, сторінка, посилання... Я зроблю це, зміст, сторінка, обкладинка..."
ham,"Вибач, я забув, що в мене 3 роки йдеться про душ. Де ти/твій телефон вже розрядився?"
ham,"Маєш, що купити, тоді скажи нам, тоді не потрібно приходити знову."
ham,Коли ти будеш великим..| Бог принесе успіх.
spam,"Ви отримали грн50 для участі в розіграші миттєвих грошей Play 4. Зателефонуйте за номером 08715203028, щоб отримати приз. КОЖЕН 9-й гравець виграє щонайменше грн50-грн500. Відмовитися від розіграшу можна за номером 08718727870."
ham,"...ми залишаємося тут ще на тиждень, повернемося наступної середи. Як ми впоралися з регбі цими вихідними? Привіт тобі та тобі, скоро побачимося."
ham,"Що ж, ще трохи залишилося, якщо ви хочете сьогодні ввечері"
ham,Не з цього кампусу. Ви в бібліотеці?
ham,"У письмовій заяві зазначено <#> E Twiggs St, відділ g, зал суду <#>, <TIME> AM. Я перевірю ще раз і напишу вам завтра."
ham,Як я тепер буду до тебе підкрадатися? ;_;
ham,"Розкажи друзям, що ти плануєш робити на День святого Валентина @ <URL>"
ham,"Якщо я встигну раніше за тебе після твоїх десяти мільярдів дзвінків та повідомлень, тож допоможи мені Боже"
ham,"Чистота дружби між двома полягає не в посмішці після прочитання пересланого повідомлення. Йдеться про посмішку, просто побачивши ім'я. Найкраще, що ти хочеш."
ham,"Я сказав йому, що повернув його. Тож, можливо, мені варто замовити його ще раз."
ham,"Покоївка — вбивця, бо чоловіка вбили <#> січня. У святковий день усі державні установи закриті, включаючи поштове відділення."
ham,"Залежить від того, куди ти йдеш, лор."
ham,"І посміхнися мені прямо зараз, коли підеш, і весь світ здивується, чому ти посміхаєшся, подумає, що ти божевільна, і триматиметься від тебе подалі... *посміхається*"
spam,Безкоштовні повідомлення>УЛЮБЛЕНІ РІЗДВЯНІ МЕТОДІ!Відповісти РЕАЛЬНО
ham,Маленька лихоманка:) тепер добре:)
ham,"Гадаю, все це досі в моїй машині"
ham,Хіба ні?
spam,Тільки у грудні! Ваш мобільний телефон користувався 11 місяців і більше? Ви маєте право безкоштовно оновити його до останньої версії з кольоровою камерою! Зателефонуйте до компанії The Mobile Update Co БЕЗКОШТОВНО за номером 08002986906
ham,"Так, принцесо! Я хочу зловити тебе своїми великими сильними руками..."
ham,"О так, я забув. Одночасно можна брати з собою на шопінг лише двох."
ham,"Мм, тож ти попросив мене не дзвонити на радіо"
ham,Думати про когось — це добре. Для цього немає ліків.
ham,"Скажи це повільно.? БОЖЕ, Я ТЕБЕ ЛЮБЛЮ І ТИ МЕНІ ПОТРІБЕН, ОЧИСТИ МОЄ СЕРЦЕ СВОЄЮ КРОВ'Ю. Надішліть це десяти особливим людям і зробіть диво завтра, зробіть це, будь ласка, будь ласка, зробіть це..."
ham,"Насолоджуйся потоками власницьких почуттів, які виливають на тебе твої кохані, бо у цьому світі брехні бути по-справжньому коханим – це золотий дар."
ham,"Добре, якщо ти впевнений/впевнена, дай мені знати, коли збираєшся йти."
ham,"Деякі тривають аж 2 години. Можливо, вам пощастить."
ham,"Геніально, як справи. Як твій брат? Будь ласка, надішли його номер мені в Skype."
spam,"Gr8 Політони 4 ВСІ моби прямий 2u відповісти з ПОЛІ ТИТУЛОМ до 8007 наприклад, ПОЛІ ДИХАТИ1 Титули: CRAZYIN, SLEEPINGWITH, FINEST, YMCA :getzed.co.uk POBox365O4W45WQ 300 копійок"
ham,"Думаю, деяким з них ВТЦ зайшов занадто далеко... Ми не йдемо... Щодо решт, я ще не знаю... А ти йдеш на вечерю в 4, можливо, зможу приєднатися..."
ham,"Не забувай, кому належить ти, а чия ти приватна власність... І будь завжди моїм хорошим хлопчиком... *пристрасний поцілунок*"
spam,"ІНТЕРФЛОРА – «Ще не пізно замовити квіти від Інтерфлори на Різдво. Зателефонуйте за номером 0800 505060, щоб зробити замовлення до півночі завтра»."
ham,О Боже... вирвали зуби? Це болить?
spam,"ROMCAPspam Усі навколо повинні добре реагувати на твою присутність, враховуючи, що ти така тепла та товариська. Ти приносиш справжній ковток сонця."
ham,"Тоді ти питаєш Даррена, піди і забери тебе... Але я теж думаю, що зараз ми зустрінемося..."
ham,Не потрібно купувати мені обід.. Я їм маггі мі..
spam,"Вітаємо! Завдяки доброму другу ви ВИГРАЛИ різдвяний приз у розмірі 2000 гривень стерлінгів. Отримати приз легко, просто зателефонуйте за номером 08712103738 ЗАРАЗ! Всього 10 копійок за хвилину. BT-національний тариф."
ham,"Добре, лор..."
ham,"О, гаразд, гаразд. Я обов'язково зроблю багато роботи протягом дня! Сьогодні в мене дуже сильно покашлявся, і кашель був сухим, тож це має допомогти!"
ham,"Дружина, як вона точно знала час убивства"
spam,"Надішліть логотип двом вашим коханим/коханим - 2 імена, з'єднані серцем. Надішліть SMS-повідомлення LOVE NAME1 NAME2 MOBNO, наприклад, LOVE ADAM EVE на номер 07123456789 на номер 87077 Yahoo! POBox36504W45WQ. SMS-повідомлення 4 без реклами, 150 копійок."
ham,Яка історія цієї людини
ham,"Дякую, що відправили мене додому..."
ham,Зазвичай це гаряча пошта. Розумієте!
spam,"Ви виграли квитки на ФІНАЛ КУБКА ЄВРО-2004 або 800 ФУНТІВ ГОТІВКОЮ. Щоб отримати, ТЕЛЕФОНУЙТЕ 09058099801 b4190604, POBOX 7876150 ppm"
ham,"Ти хворий, а ще можеш ходити по магазинах?"
ham,"Так, у них все добре, Пуджа вся в прищах... навіть вона почорніла... а у тебе тут надто холодно, ти у светрі..."
ham,Гарно.гарно.як це працює?
ham,"Я дістануся додому, подзвони мені."
ham,Ми намагалися знайти тут китайський заклад харчування.
ham,"Спокійно, друже, * мабуть, швидкий напій був трохи амбітним."
ham,"КРОК!!! Я так тебе люблю! Ти мені потрібна!!! Я тебе прагну!!! :-( ... Гей... Мені так сумно без тебе, крихітко... Я тебе кохаю..."
ham,"Добре, дякую..."
ham,"Аатхі... де ти, люба?.."
ham,"Тунджі, як справи у королеви? Як справи? Я просто бажаю тобі гарного дня. Абіола."
ham,"Сьогодні у мене День жовтої троянди. Якщо ти любиш мою дружбу, дай мені 1 пропущений дзвінок і надішли це своїй подрузі та подивись, скільки пропущених дзвінків ти отримаєш. Якщо пропустиш 6, то одружишся зі своїм коханим."
ham,За кілька годин вийду з занять. Вибачте.
ham,О котрій годині ти сьогодні закінчуєш свою лекцію?
spam,"Безкоштовне повідомлення: Jamster! Отримайте звук божевільної жаби зараз! Для поліфонічних SMS MAD1, для реальних SMS MAD2 на номер 88888. 6 божевільних звуків лише за 3 гривні стерлінгів/тиждень! Тільки для осіб віком від 16 років! Діють правила та умови."
ham,"Сумна історія чоловіка - минулого тижня був мій день народження. Моя дружина не привітала мене. Мої батьки забули, як і мої діти. Я пішов на роботу. Навіть мої колеги не привітали. Коли я зайшов до своєї каюти, моя особиста асистентка сказала: ""З днем ​​народження, босе!!"". Я відчув себе особливим. Вона запросила мене на обід. Після обіду вона запросила мене до своєї квартири. Ми пішли туди. Вона сказала: ""Ви не проти, якщо я на хвилинку піду в спальню?"" ""Добре"", - відповів я в сексуальному настрої. Вона вийшла через 5 хвилин з тортом... і моя дружина, мої батьки, мої діти, мої друзі та мої колеги. Всі кричали... СЮРПРИЗ!! а я чекав на дивані... ... ..... ""ГОЛИЙ...!"""
spam,"ВАШ ШАНС ПОТРАПИТИ НА РЕАЛЬНОСТІ ФЕНТЕЗІЙНО-ШОУ телефонуйте зараз = 08707509020 Всього 20 копійок за хвилину NTT Ltd, PO Box 1327 Croydon CR9 5WB 0870 – це національний тарифний номер = дзвінок"
ham,"З нею все добре. Радий чути від тебе. Як справи, моя люба? З Новим роком, о."
ham,Ти сьогодні йдеш на співбесіду до wipro?
ham,"який у тебе зріст, принцесо?"
ham,"Сумніваюся, що ти зможеш витримати 5 разів за ніч у будь-якому разі..."
ham,"Ха-ха... Сподіваюся, я чую звук чека... Удачі тобі!"
ham,"Ти будеш моєю смертю. Я залишу записку, де напишу, що все це моя вина. Помстися за мене."
ham,"Японське прислів'я: Якщо один може це зробити, то й ти можеш. Якщо ніхто не може, то ти мусиш це зробити. Індійська версія: Якщо один може, то нехай він це зробить. Якщо ніхто не може, то залиште це!! І нарешті, керальська версія: Якщо один може, то зупиніть його. Якщо ніхто не може, то зробіть страйк..."
ham,"Сьогодні я не працюю, але й не вільний, тому... Гей... Ти що, працюєш у магазині свого друга?"
ham,"У житті, коли ти стоїш перед вибором, просто кинь монету не тому, що це вирішить питання. Але поки монета в повітрі, ти знатимеш, на що сподівається твоє серце. Gudni8"
ham,"Чи знаєш ти, чому Бог створив прогалину між твоїми пальцями..? Щоб Той, Хто створений для тебе, прийшов і заповнив ці прогалини, тримаючи твою руку з ЛЮБОВ'Ю..!"
ham,"Я хочу бути там, щоб поцілувати тебе і відчути тебе поруч зі мною."
ham,"Мені зовсім не подобається те, що ти кажеш чи робиш"
spam,Контент для дорослих (18+) Ваше відео буде доступне для вас найближчим часом
ham,"Гаразд, це було б чудово, якщо ти впевнений. Подумай, чим ти хочеш займатися: пити, танцювати, їсти, ходити в кіно, вдома, на вулиці, десь... Вирішувати тобі! А що?"
ham,"Я маю на увазі, що якщо ти прямо не сказала Норі, що я знаю когось, то я, мабуть, просто не буду тобі набридати."
ham,"Він передає привіт і каже, щоб ти повертався до південної Тампи (бажано в кегер)"
ham,"Сміт, відходи. Я хочу, щоб Гейл."
ham,"Мамо, я надіслав тобі багато-багато повідомлень відколи приїхав сюди. Я просто хочу знати, що ти їх отримуєш. Гарного тобі дня."
ham,"Гаразд, завтра приблизно <#> буде"
ham,"Покоївка — вбивця, бо чоловіка вбили <#> січня.. У святковий день усі державні установи закриті, включаючи пошту.. зрозуміли?"
spam,"ВАШ ШАНС ПОБУТИ НА РЕАЛЬНОСТІ ФЕНТЕЗІЙНО-ШОУ телефонуйте зараз = 08707509020 Всього 20 копійок за хвилину NTT Ltd, PO Box 1327 Croydon CR9 5WB 0870 – це національний тарифний дзвінок."
ham,Я справді це зробив вперше за довгий час. Я ліг спати невдовзі після розмови з тобою. Прокинувся о 7-й. Як пройшла твоя ніч?
ham,Побачимося там!
ham,Я не розумію вашого повідомлення.
ham,"Розіп'яти - це к, а не с. Треба було мені раніше сказати."
ham,"Не знаю. Ти постійно кажеш, що ні, але відколи він переїхав, ми постійно сперечаємося через свободу чи відповідальність. І я втомилася. У мене стільки інших справ, з якими треба розібратися, що я ледве тримаюся в руках, коли до цього додається ще й це."
ham,Трахни Сідар Кі і трахни її (хоча все одно приходь)
ham,"О шості двадцять він спитав, чи вже цей поїзд до Дарема прибув, чи ні, бо я на плацкарті."
spam,"Гей, хлопці. Хочеш отримати гарячі XXX фотографії прямо на телефон? Надішліть PORN на номер 69855, 24 години безкоштовно, а потім лише 50 копійок на день. Щоб зупинити, надішліть STOPBCM SF WC1N3XX."
ham,Ти все ще фарбуєш стіну?
spam,"Останній шанс! Отримайте сьогодні свої ваучери на знижку на 150 гривень стерлінгів! Надішліть SMS-повідомлення SHOP на номер 85023! SavaMob, пропозиції мобільного зв'язку! T Cs SavaMob POBOX84, M263UZ. грн3.00. Знижка 16."
ham,"Принтер — це круто. Ну, класно. Вино — це круто."
ham,"Привіт, орендну плату за Харіша перераховано на твій рахунок."
ham,"Щось є, вона прийде?"
ham,Зараз CBE справді непоганий :) багато магазинів та шоурумів :) місто розвивається добре.
ham,Ви все ще відвідуєте лекції?
ham,"Нема за що, люба! Як справи?"
ham,Я цим займуся.
ham,"Я так розумію, що в п'ятницю у нас не було телефонної розмови. Чи можемо ми припустити, що цього року її не буде?"
ham,"Мій акумулятор низький, люба."
ham,"Шухуей купив подарунок Рону, це годинник Swatch..."
ham,"Так, залишилося зовсім небагато, заскочу завтра, коли встану."
ham,"Люба? Ти сказала 2 години, а вже майже 4... У тебе інтернет не працює?"
ham,"K Я обов'язково встану до полудня і подивлюся, що до чого"
ham,К...к...вчора я був у CBE.
ham,Пішла до магазину одягу Ганеш.
spam,"pdate_Now - Подвійні хвилини та 1000 текстових повідомлень на тарифах Orange. Найновіші Motorola, SonyEricsson та Nokia та Bluetooth БЕЗКОШТОВНО! Телефонуйте MobileUpd8 за номером 08000839402 або call2optout/!YHL"
ham,"Збереш ноутбук, а потім налаштуєш його параметри?"
ham,"Якщо ви вдома, то приходьте протягом 5 хвилин."
ham,"Гаразд, я маю бути там не пізніше 8-ї, мабуть, ближче до 7-ї. Джей і Тайлер вже тут, чи нам варто зробити лише дві поїздки?"
ham,Приходь після <DECIMAL> ..зараз я прибираю в будинку
spam,"Ваш готівковий баланс зараз становить 500 гривень. Щоб максимізувати свої готівкові надходження, надсилайте ГОТІВКУ на номер 86688, лише 150 копійок/повідомлення. Копія: 08718720201, поштова скринька 114/14 TCR/W1"
ham,"Білл, як у: Чи є для мене якісь листи? Я очікую один від Orange, який не є рахунком, але на ньому все ще може бути написано Orange."
ham,"Скажи мені, тату. Як там біль?"
ham,"ПРИВІТ, ЛЮБА, СПОДІВАЮСЯ, ЩО ТИ ГАРНО ПРОВЕДЛА НІЧ. ШКОДУЮ, Я НЕ ПРИЙШЛА. НЕ МОЖУ ДОЧЕКАТИСЯ ПОБАЧИТИ ТЕБЕ. ЛЮБЛЮ ТЕБЕ, ФРЕН. P.S. Я ХОЧУ БРУДНОГО АНАЛЬНОГО СЕКСУ І ХОЧУ ГРУПОВОГО СЕКСУ З 10 ЧОЛОВІКАМИ"
ham,"Ха. Ти теж не знаєш. Я днями зробила одну хитру, але просту річ з грушами, ідеально підійде на Різдво."
ham,"Привіт... Прокидайся!.. ""Солодкого"" ""ранку"" ""вітає"" ""Тебе"" ""Насолоджуйся"" ""Цим днем"" ""сповнений радості"".. ""ГУД МРНГ""."
ham,АЛЬРІТ
ham,"Чому ми повинні сидіти склавши руки та чекати літніх днів, щоб святкувати? Таке чарівне видовище, коли світи одягнені в біле. Ооооо, нехай буде сніг."
spam,ТЕРМІНОВО! Ваш мобільний номер ГАРАНтовано отримав приз у розмірі 2000 гривень стерлінгів. Зателефонуйте за номером 09058094454 зі стаціонарного телефону. Замовте 3030. Дійсно лише 12 годин.
ham,"Як ви, хлопці, ходите дивитися фільми зі свого боку?"
ham,"Вибачте, під час зустрічі я подзвоню пізніше."
ham,"Тобі не потрібно було мені цього казати... тепер я думаю. До того ж, він зупинить усі твої пробіжки."
ham,"Будь ласка, надішліть когось до нашої квартири до <DECIMAL> сьогоднішнього дня."
spam,"Вибачте! Ви ще не можете відмовитися від підписки. Мінімальний термін дії пакету пропозицій MOB становить 54 тижні, будь ласка, надішліть запит повторно після закінчення терміну дії. Відповісти THEMOB HELP Ще 4 інформації"
ham,Нічого страшного... Трохи нудно теж... Тоді ти не підеш додому рано спати сьогодні...
ham,"О котрій годині мені сказати другу, щоб він був поруч?"
ham,"Так, все буде добре. Люблю тебе. Бережи себе."
ham,"Дякую, чикку..:-) добре зараз:-*"
ham,"XY буде в твоїй машині, коли ти мене забираєш?"
ham,"Дякую за час, який ми витратили, 2geva, це чудово! Ти моя крихітка, і все, чого я хочу, це ти!xxxx"
ham,"Гей, чи можемо ми якось щось купити сьогодні ввечері?"
ham,Я цього не надсилав. Він може надіслати мені.
ham,"Гаразд, я просто сиджу."
ham,"Це божий дар для птахів, як і люди мають якийсь природний дар від Бога."
ham,Ти прийдеш сьогодні на заняття?
ham,Я закінчив. Просто навчаюся в бібліотеці.
ham,Гаразд... Тобі подобаються твої шоу...
ham,Що завгодно...
ham,"Де б я був без своєї дитини? Одна лише думка про це мене трішки ламає, і я не хочу збожеволіти, але кожному хлопцю потрібна його дівчина xxxxxxxx"
ham,"Що робить мій любий? Спить, га?"
ham,"Привіт, тест на <#> rd ...."
ham,"Лише 2% студентів розв'язали це завдання CAT на іспиті... 5+3+2= <#> 9+2+4= <#> 8+6+3= <#> потім 7+2+5=????? Скажи мені відповідь, якщо ти геніальний... щось. Я отримав відповідь."
ham,"Ти знаєш когось <#> або хто може купити алкоголь? Наш хлопець зламався, і зараз, якщо ми нікого не зв'яжемося, то будемо просто 4 локо всю ніч."
ham,"Так, з її подругою. Я зустрічаюся з нею о 7:30."
ham,"Так, у нас є один, який нам підготувався."
ham,"І перестань думати: «Ого, невже вона колись перестане мені писати?!», бо я писатиму тобі, коли захочу, бо ти МОЯ... *сміється*"
ham,"Лол, так, я зробив це вчора. Вже придбав камін. Тепер це просто ще одна ікона, що стоїть там для мене."
ham,"Гей, я вже забронювала урок пілатесу та йоги... Ха-ха"
ham,"Ти в порядку? Що сталося, ти так себе поводиш?"
spam,"У вас є 1 нове повідомлення. Будь ласка, зателефонуйте за номером 08712400200."
ham,"Мій керівник знайшов мені одну, я думаю, для його студентів. Я ще не питав її. Скажу тобі, коли я її запитаю."
ham,"Привіт. Новин з роботи немає, мене змушують чекати вже п'ятий тиждень! Так, я готовий до ласок та ласок... Ще в Ексетері, але буду вдома близько 3-ї."
ham,Немає повідомлення..немає відповіді..що сталося?
spam,"Наразі у нас є повідомлення, яке очікує на ваше отримання. Щоб забрати його, просто зателефонуйте за номером 08718723815."
ham,"Привіт, люба, вибач, що я не прийшла раніше. Гері може прийти і полагодити це, бо він думає, що знає, що це таке, але він не звертається до Ptbo і каже, що це коштуватиме <#> доларів. Не знаю, чи не дешевше буде знайти когось там? У нас зараз взагалі немає жодної техніки, що була у вживанні, дай мені знати, люба."
ham,"Зроби це 3! 4, бляха?! x"
ham,Залиш це. Ти завжди будеш невігласом.
ham,"Ні, але я піду на другу школу в п'ятницю досить рано, бо моя сестра отримала роботу вранці :-)"
ham,у Bruce B Downs & Fletcher зараз
ham,"Де ти? Ти казав, що будеш тут, коли я прокинуся... :-("
ham,"Гей, зараз я вільний, можеш мені зателефонувати."
ham,"Скажіть, будь ласка, хто це :-)"
spam,ТЕРМІНОВО! 27.06.2003 ваш мобільний телефон отримав бонусний приз у розмірі 1500 гривень стерлінгів. Наша остання спроба зв'язатися з вами! Зателефонуйте за номером 08714714011
ham,"Думаю, мені доведеться пропустити. Я викладатиму до дванадцятої, а потім о другій у мене буде лекція. Чорт забирай цю штуку, що працює."
ham,"Треба перевірити, але залишилася лише приблизно одна миска."
ham,"Так, солодощів було багато."
ham,"Я б, але мені все ще затишно. І я втомився після минулої ночі. Ніхто не пішов до школи чи на роботу. Все закрито."
spam,"У тебе є таємний шанувальник. РОЗКАЖИ, хто вважає тебе такою особливою. Зателефонуй за номером 09065174042. Щоб відмовитися, відповідай РОЗКАЖИТИ СТОП. 1.50 за повідомлення. Обслуговування клієнтів 07821230901"
ham,"Баззз! *посміхається* Я дзижчав тобі за дупу? Дзижчав тобі за груди? Дзижчав тобі за член? Де ти тримаєш телефон? Вібратор увімкнено? Ти відчув, як він тремтить?"
ham,"Пане, надіслати на групову пошту, перевірте це."
ham,"Я роблю вступ, який охоплює енергетичні тенденції, переваги та недоліки... Короткий опис ядерного синтезу, коротка історія ядерного реактивного літака займає близько 7 з половиною сторінок..."
ham,"""НІДЕ! НІДЕ Я НЕ РОБЛЮ ЗНИЖОК! ГАЙНО!"""
ham,"Ти не знаєш, що ти мене зраджуєш."
spam,"Ви коли-небудь помічали, що під час керування автомобілем кожен, хто їде повільніше за вас, — ідіот, а кожен, хто їде швидше за вас, — маніяк?"
ham,Ще не було..ya sapna aunty manege y'day hogidhe..chinnu full слабкий і swalpa black agidhane..
ham,"Ти добре поводишся, крихітко? :)"
ham,Транзакцію NEFT з контрольним номером <#> на суму <DECIMAL> рупій було зараховано на рахунок бенефіціара <#> о <TIME>: <#>
ham,"Здебільшого спортивний тип... футбол, крикет..."
ham,"Моя голова така крута. Дякую, що зробили мій день."
ham,Тобі варто створити список у фейсбуці
ham,"Вершина впевненості: Усіх професорів аеронавтики викликали і попросили сісти в літак. Після того, як вони сіли, їм сказали, що літак зроблений їхніми студентами. Всі поспішили з літака... Але лише один не рухався... Він сказав: «Якщо це зроблено моїми студентами, воно навіть не заведеться... Ось така впевненість...»"
ham,"Сарі просто потрібен Тім у дупі, і йому було дуже боляче, тому він мені розповів!"
ham,"З Новим роком, принцесо!"
ham,"Я напишу Карлосу і дам тобі знати, зачекай."
ham,"Не хвилюйтеся, *це легко, якщо є інгредієнти!"
ham,"Я люблю тебе, моя маленька Посі Белл, вибач, але я люблю тебе."
ham,"Гаразд, тепер ти на Касторі?"
ham,Боже мій... Дощ продовжує йти безперервно... Чи ти хочеш піти кудись ще?
spam,"Різдвяна пропозиція! Найновіші телефони Motorola, SonyEricsson та Nokia та БЕЗКОШТОВНИЙ Bluetooth або DVD! Подвійна кількість хвилин та 1000 текстових повідомлень на Orange. Телефонуйте MobileUpd8 за номером 08000839402 або call2optout/4QF2"
ham,"Що ти маєш на увазі, ти майже закінчив? Вже не спав? Але я думаю, ти збираєшся подрімати... Так, я відправив їй повідомлення, тож я заїду за нею о 4-й годині дня..."
ham,"7 чудес мого СВІТУ 7-е місце — це ти, 6-е місце — твій стиль, 5-е місце — твоя посмішка, 4-е місце — твоя особистість, 3-є місце — твоя природа, 2-е місце — твоє SMS та 1-е місце — «Твоя чудова дружба»... доброго ранку, люба."
ham,"Сьогодні ввечері? Так, я б на це погодився."
ham,"Що мені з'їсти на обід, сеньйоре?"
ham,"Він сказав, що розреготався, коли знову тебе побачив! Можливо, ти будеш першою людиною, яка помре від NVQ, але подумай, скільки б ти могла за це заробити!"
ham,Без перерви... Як... мені вийти і забрати свої речі?
spam,"Відповісти, щоб виграти 100 гривень стерлінгів щотижня! Яким професійним видом спорту займається Тайгер Вудс? Надішліть STOP на номер 87239, щоб завершити послугу."
ham,"Я там і бачу тебе, але ти мене ні? Можливо, тобі варто перезавантажити yum? Я бачу кайф."
ham,У тебе ще є м'ясорубка?
spam,"Поліфонічний тон №1, 4-й тон для вашої групи щотижня! Просто надішліть SMS-повідомлення PT2 на номер 87575. Перший тон БЕЗКОШТОВНИЙ! тож отримайте SMS-повідомлення зараз і розкажіть своїм друзям. 150 копійок/тон. 16 відповідей HL 4info"
ham,"Кохання — це не рішення, це почуття. Якби ми могли вирішувати, кого кохати, тоді життя було б набагато простішим, але менш чарівним."
spam,"ГАРЯЧІ ФАНТАЗІЇ В ЖИВОМУ ЕФІРІ телефонуйте зараз 08707509020 Всього 20 копійок за хвилину NTT Ltd, PO Box 1327 Croydon CR9 5WB 0870 – це дзвінок за національним тарифом"
ham,Кі тебе не бачив.:)k:)де ти зараз?
ham,"Отже, я складаю список покупців."
ham,"Не знаю, гадаю, ми це вирішимо за годину після того, як мали б вирушити, бо, як завжди, ніхто не зацікавлений вирішувати проблеми до останньої секунди."
ham,"Мм, не зовсім впевнений, що зрозумів текст, але... Привіт. Які вихідні?"
ham,"Вони випустили футболки на День народження, і коли ти їх одягаєш, то твоя нижня частина стає наполовину оголеною, замість тієї білої спідньої білизни."
ham,Не знаю... він дивиться фільм на комп'ютері.
ham,№ b4 у четвер
ham,"О, потім твій телефон подзвонив мені, але він відключився."
ham,Це має значення лише при приїзді з-за меж кампусу
spam,"Це повідомлення безкоштовне. Ласкаво просимо до нового та покращеного клубу «Секс та догінг»! Щоб відмовитися від цієї послуги, дайте відповідь STOP. msgs@150p лише для осіб віком від 18 років"
ham,"Чудово, подивлюся, які плани у Райлі."
ham,Побачу через пів години
spam,"Ви виграли квитки на ФІНАЛ КУБКА ЄВРО-2004 або 800 ФУНТІВ ГОТІВКОЮ. Щоб отримати, ТЕЛЕФОНУЙТЕ 09058099801 b4190604, POBOX 7876150 ppm"
ham,"Еге ж, ти один з них?"
ham,"Також привіт, Веслі, як справи?"
ham,"А, розумієш. Треба ж знати жаргон. Я тобі дам знати, що це таке, коли я закінчу це робити!"
spam,Позика на будь-які цілі від 500 до 75 000 гривень стерлінгів. Ласкаво просимо домовласників та орендарів. Вам раніше відмовляли? Ми все ще можемо допомогти. Зателефонуйте безкоштовно за номером 0800 1956669 або надішліть SMS-повідомлення зі словом «допомога».
spam,Оновлення_Зараз - Оренда помаранчевої лінії за півціни на 12 місяців: 400 хвилин... Зателефонуйте за номером MobileUpd8 за номером 08000839402 або call2optout=J5Q
ham,"Уяви собі життя БЕЗ МЕНЕ... бачиш... Як швидко ти мене шукаєш? Не хвилюйся... Я завжди поруч, щоб тебе потурбувати... На добрий день...:)"
ham,"Доброго ранку, у когось болить голова? :-)"
ham,"Так, без проблем — минула ніч явно наздоганяє тебе... Зв'яжіться швидше."
spam,"БЕЗКОШТОВНЕ НЕОБМЕЖЕНЕ ХАРДКОРНЕ ПОРНО. Надішліть SMS-повідомлення PORN на номер 69200 зі свого мобільного та отримайте БЕЗКОШТОВНИЙ доступ на 24 години, а потім сплачуйте 50 копійок на день, надсилаючи SMS-повідомлення Stop 2exit. Це повідомлення безкоштовне."
ham,"Можливо, я піду у дві школи. Зараз у салоні нудно."
ham,"<#> хвилин, але мені спочатку потрібно було десь зупинитися."
ham,"<#> швидко наближається. Тож, вітаю вас з Новим роком! З Днем Санкранті! З Днем Республіки! З Днем Святого Валентина! З Шиваратрі! З Угаді! З Днем сміху! З Першим травня! З Днем Незалежності! З дружбою, мамо, тату, вчителів! З Днем захисту дітей! З Днем народження! З святом Ганеші! З Дасарою! З Дівалі! З Різдвом Христовим! <#> Доброго ранку, дня, вечора та ночі. Пам'ятайте, я перший, хто БАЖАЄ ВАМ УСІМ ЦЬОГО... ваш Радж."
ham,"Одна з радощів життя — це прокидатися щоранку з думкою, що десь Хтось піклується про тебе настільки, що хоче надіслати тепле ранкове привітання.."
ham,Я не зрозумів другу половину повідомлення
ham,О котрій годині ти хочеш зустрітися зі мною пізніше?
ham,"Я дуже дякую тобі за все, що ти робиш з безкорисливістю. Я дуже тебе люблю."
ham,"Я знімаюся, передзвоню тобі пізніше."
ham,Як ти смієш міняти мою каблучку?
ham,"Ти дуже, дуже, дуже погана дівчинка. Або леді."
ham,"Я теж тебе кохаю, але намагайся краще розпоряджатися своїми грошима, люба. Гері б з мене з'їхав, якби знав."
ham,"Яку частину фрази ""не ініціювати"" ви не розумієте?"
ham,Я вже пообідав. Ти вже прокинувся?
ham,Ти ще на грі?
ham,"У тебе є талант, але ти його марнуєш."
ham,Який твій рекорд за одну ніч? :)
ham,"Також, сер, я надіслав вам електронного листа про те, як увійти на платіжний портал USC. Я надішлю вам ще одне повідомлення, яке має пояснити, як справи вдома. Гарних вихідних."
ham,"Дам мені знати, бо повернеться з відпустки того дня. Йде. Не пиши мені на номер, просто щоб не отримати."
ham,"Тільки жартую, ха-ха... :-) залежить від того, який телефон мій батько зможе дістати, ха-ха..."
ham,"Гаразд, дай мені знати, що трапилося."
ham,Приготуйтеся до <#> дюймів задоволення...
ham,"Раджі... будь ласка, зроби мені послугу. Будь ласка, передай мої привітання з днем ​​народження Нім'ї. Сьогодні в неї день народження."
ham,;-) гаразд. Я почуваюся як Джон Леннон.
ham,"Бо Даррен каже, враховуючи це, тому я питаю..."
ham,"Ти мені не заважаєш, але мусиш довіряти моїм відповідям. Будь ласка."
ham,Бажаю вам та вашій родині щасливого Різдва та ЩАСЛИВОГО НОВОГО Року заздалегідь..
ham,"Одного разу краб біг по березі моря... Хвилі прийшли та змили сліди краба... Краб спитав: - Будучи моїм другом, ти змиваєш мої прекрасні сліди? - Хвилі відповіли: - Лисиця йшла по твоїх слідах, щоб зловити тебе! - Це ти їх змив :) Дружба ніколи тебе не підводить :-) Щиро дякую..."
ham,"Добре, о котрій годині ти хочеш, щоб я прийшов?"
ham,Слааааав! Де ти? Чи маю я тепер постійно кликати тебе до себе? Хіба ти більше не хочеш приходити до мене сам?
ham,"Ваш рахунок о 3-й годині становить 33,65 гривень стерлінгів, тож це непогано!"
ham,"Дайте мені знати, як це зміниться протягом наступних 6 годин. Це може бути навіть апендикс, але ви вже поза цим віком. Однак це можливо. Тож просто заспокойтеся і повідомте мені через 6 годин."
ham,"Привіт, так, я щойно вийшла з ванни і мені потрібно зробити зачіску, тож я піднімуся, коли закінчу, гаразд?"
ham,То як там погода?
ham,"Гаразд. Хоча тут особливо нічого робити. П'ятниця в H&M, не можу дочекатися. Не знаю, що, чорт забирай, я робитиму ще 3 тижні! Стану невдахою — о, зачекайте, я вже це зробив!"
ham,Померти... Тепер у мене знову чубчик...
ham,"Лол, вони не знають про мій класний телефон. Я можу просто зараз натиснути ""Видалити"", якщо захочу."
ham,Гаразд
ham,Чудове запитання з милою відповіддю: Хтось запитав хлопця: «Як твоє життя?» Він посміхнувся і відповів: «У неї все добре!» Гуднайт
ham,"Будь ласка, залиште цю тему..вибачте, що так кажу.."
ham,"Будь ласка, надішліть мені правильне ім'я, так."
ham,Що сталося з нашим побаченням?
spam,"Вікторина про Східних жителів. З якою КВІТКОЮ порівнює себе ДОТ? D = ФІАЛКА E = ТЮЛЬПАН F = ЛІЛІЯ, надішліть SMS DE або F на номер 84025 ЗАРАЗ 4 шанси ВИГРАТИ грн100 готівкою WKENT/150P16+"
ham,Веб-сторінки недоступні!
ham,Тільки-но прокинувся. Та пізно вже. Але я не заснув до ранку :/
spam,Ви скасували підписку на всі послуги. Отримуйте безліч сексуальних красунь або красенів прямо на свій телефон! Перейдіть за посиланням http://gotbabes.co.uk. Підписок немає.
ham,"Шановні всі, як ми знаємо <#> сьогодні <#>-й день народження нашого любого Гопалеттана. Ми плануємо зробити невеликий подарунок у цей день. Ті, хто хоче долучитися до цього, будуть раді. Будь ласка, зв'яжіться з нашою адміністрацією для отримання додаткової інформації."
ham,"К..к...з завтрашнього дня почалося, га?"
ham,Що ти говориш про ранній ранок? У тебе вже майже полудень!
ham,Добре. Ти мене пам'ятаєш?
spam,"Привіт, люба, це Джордан, як справи? Я вдома з-за кордону і мені самотньо, напиши мені у відповідь, якщо хочеш поспілкуватися xxSP visionsms.com Текст stop to stop Вартість 150 копійок 08712400603"
ham,Добре. Скільки мені купити?
ham,"Звучить добре, тримай мене в курсі."
spam,"Отримайте абсолютно новий мобільний телефон, ставши агентом The Mob! А також безліч інших корисних речей! Щоб отримати більше інформації, просто надішліть MAT на номер 87021."
ham,"Добре. Отже, квітень. Не можу дочекатися."
ham,"Хлопче, тобі краще швидко вилізти звідси."
ham,Хочеш зустрітися в суботу? Тиждень у суботу?
ham,"Я зараз, але мені доведеться чекати до 2-ї, поки мене забере автобус."
ham,"Окрім того, про який я тобі вчора розповідав?"
ham,"Добре, друже... Але що купити?"
ham,Хтось має піти на Андрос і вкрасти лід.
ham,Не знаю. Я нещодавно йому не писав.
ham,"Виведи нас на шопінг, а Марк відволіче Ісаю.=D"
ham,"Мамо, сподіваюся, у тебе гарний день. Сподіваюся, що цей текст зустріне тебе добре та сповнить життям. Гарного дня. Абіола."
ham,У моїй нозі та пенісі немає жодного сенсу.
ham,"Гаразд, але я думав, що ти експерт"
ham,"*глибокий зітх* ... Я сумую за тобою :-( ... Я справді здивована, що ти ще не пішов до інтернет-кафе, щоб дістатися до мене ... Ти не сумуєш за мною?"
ham,"Пс:) я думаю, що роль схожа на роль Сачіна. Просто стояти. Інші повинні бити."
ham,"Гарної подорожі до Індії. І неси світло всім не лише цим проєктом, а й усім, кому пощастить бачити твою посмішку. Бувай, Абіола."
ham,"І що дуже важливо, все, що ми обговорюємо, залишається лише між нами."
ham,К..к:) як щодо твого тренувального процесу?
ham,"Добре, друже. Мені потрібно було сходити туди деякий час, повернутися кудись, чи відправити мене туди, чи що?"
ham,На автостоянці
ham,"Шкода, що я не був з тобою. Міцно тебе обіймав. Зробив так, щоб ти побачив, який ти важливий. Як багато ти для мене значиш... Як сильно ти мені потрібен... У моєму житті..."
ham,"Тож я спитав, як справи у Ентоні. Тату. А як твій хлопець?"
ham,"«Wnevr i wana fal in luv vth my books, My bed fals in luv vth me...!». Yen madodu, nav pretsorginta, nammanna pretsovru important alwa....!!:) Gud eveB-)."
ham,Що сьогодні - неділя... неділя свято... тому роботи немає...
ham,"Піду прийняти ванну, ключ покладу у вікно :-)"
spam,"«ВОЛОДАР ПЕРСНІВ: ПОВЕРНЕННЯ КОРОЛЯ» ВЖЕ В ДОСТУПІ! ВІДПОВІДЬ «ВОЛОДАР ПЕРСНІВ» до 2 червня. 4 Шанс ВИГРАТИ 2 компакт-диски з саундтреком до «Володаря перснів». Стандартна швидкість тексту. Відповісти СТОП, щоб завершити тексти."
ham,"Люба, бережи себе. Я якраз їду додому. Дуже тебе люблю."
ham,staff.science.nus.edu.sg/~phyhcmk/teaching/pc1323
ham,"Ти емігрував чи що? Гаразд, можливо, 5:30 було трохи обнадійливо..."
ham,"Олол, я роздрукував повідомлення на форумі від хлопця з точно такою ж проблемою, яку вирішили заміною відеокарти. Сподіваюся, вони це не проігнорують."
ham,"Ми йшли від моєї мами. Праворуч на перевал Стагвуд, праворуч на Вінтерстоун, ліворуч на пагорб Вікторс. Адреса <#>"
ham,"Йой, ти в Японії і голодний як придурок?"
ham,Це все для мене просто моторошно і божевільно.
ham,Добре... я не отримав твого повідомлення...
ham,"Тессі... будь ласка, зроби мені послугу. Будь ласка, передай мої привітання з днем ​​народження Нім'ї... будь ласка, не забудь про це. Сьогодні в неї день народження, Шіджас."
ham,Патхайя енкета мараікара па'
ham,"Навіть якщо він мій друг, він священик, подзвони йому зараз."
ham,"Ти такий паршивий, тікай ​​вже, повернися, а потім напівмертвий... Гі..."
ham,"Це ти сказав, що це погано, що всі дівчата тебе знають... Що ти зараз робиш?"
ham,Або нагадайте мені через кілька годин.
ham,"Я сподівався, що мені не доведеться надсилати вам це повідомлення. Моя орендна плата має бути сплачена, а у мене немає на це достатньо коштів. Мої резерви повністю вичерпані. Мені потрібна позика, і я сподівався, що ви зможете її отримати. Залишок становить <#>. Чи є спосіб отримати її від вас до середини березня, коли я сподіваюся повернути борг?"
ham,"Привіт. З Новим роком. Не хочу втручатися, але чи не могли б ви сказати мені, скільки ви заплатили за навчання минулого семестру і скільки цього? Дякую."
ham,"Привіт, люба, як справи? До речі, ти тут. У мене все добре. Була вже на двох побаченнях з тим хлопцем, якого я зустріла на прогулянці. Нам треба скоро зустрітися. Як справи у всіх інших?"
ham,"Лол, я збирався минулого місяця. Я трохи обналичив, але залишив <#> про всяк випадок. Я збирав більше протягом тижня, бо вони оголосили про це в блозі."
spam,"Удачі! Розіграш відбудеться 28 лютого 2006 року. Удачі! Щоб видалити, надішліть STOP на номер 87239 або до служби підтримки клієнтів 08708034412"
ham,"Коротко, але мило: «Будь хорошою людиною, але не намагайся нічого довести» ..... Гуд мрнг..."
ham,"Тільки ще не вирішив куди, га?"
ham,"Який час ляо, де все ж таки потрапив."
ham,"Так, дивлюся футбол, але хвилююся, що ми все зіпсуємо. — Філ Невілл?"
ham,Я чекаю 4 години на парковці...
ham,Дядьку Еббі! З Новим роком. Абіола
ham,"Тепер я вільний, подзвони мені, тату."
ham,"Ти кажеш, що мені слід замовити капці ще раз, бо мені довелося заплатити за їх повернення?"
ham,Перестань мене так добре знати!
ham,Доброго вечора! Це Роджер. Як справи?
ham,Невелика проблема на аукціоні:) Пандж тепер просить у Тіварі
spam,"Безкоштовний вхід на щотижневий конкурс 2 та шанс виграти iPod. Надішліть SMS-повідомлення POD на номер 80182, щоб отримати участь (стандартний тариф SMS). Діють правила та умови. За деталями звертайтесь за телефоном 08452810073 (18+)."
ham,"Він каже нікому не розповідати. Якщо так, то пригости мене. Привіт, привіт, привіт."
ham,Мої дядьки в Атланті. Бажаю вам чудового семестру.
spam,"Перший тиждень БЕЗКОШТОВНО! Мелодії Gr8 str8, 2 одиниці щотижня. Надішліть NOKIA ON на номер 8007 для класичних мелодій Nokia або HIT ON на номер 8007 для полігональних мелодій. Nokia/150p Полігональні/200p 16+"
ham,Ти прийдеш і вибереш мене?
ham,Круто. Мені сподобалися твої фото. Ти дуже сексуальна!
ham,"Ти б повірив, що вони не знали, що в мене четвер заздалегідь заброньований, тому вони ЗНОВУ мене скасували! Їх треба звільнити."
ham,"Ха-ха, краще пізно, ніж будь-коли, чи можу я якось заскочити?"
ham,Добре. Але я закінчую о 6-й.
spam,"LookAtMe!: Дякуємо за придбання відеокліпу на LookAtMe!, з вас стягнули 35 копійок. Думаєте, що можете зробити краще? Чому б не надіслати відео MMS-повідомленням на номер 32323."
ham,"Мені довічно заборонили відвідувати всі магазини B&Q!? Цей мудак у помаранчевих комбінезонах підійшов до мене і запитав, чи хочу я настил? Тож я отримав перший удар!!"
ham,Тож жодних повідомлень. Була їжа?
ham,"Добре, йду спати. Сподіваюся, я зможу зустрітися з нею."
ham,"Що робить деяких людей дорожчими, так це не лише щастя, яке відчуваєш, коли зустрічаєш їх, а й біль, який відчуваєш, коли сумуєш за ними!!!"
ham,"Чи можете ви повідомити мені деталі щодо п'ятниці, коли дізнаєтесь, бо я не в Томі чи в п'ятниці. Згадано китайську. Дякую."
ham,"Ти маєш рацію, я маю це зараз, коли подумав про це."
ham,Що ти зараз робиш?
ham,Твоя лекція закінчилася?
spam,"Сексуальна, сексуальна, кінчи і напиши мені, я мокрий, теплий і готовий до порно! Ти готовий до розваг? ЦЕ ПОВІДОМЛЕННЯ БЕЗКОШТОВНЕ. ЗАПИС ПОВІДОМЛЕНЬ 150P З ПДВ. 2 СКАСУВАТИ СТОП"
ham,"Місце для клієнтів, я вам зателефоную"
ham,"Ще не планую :) приєднаюся до компанії лише 5 січня. Не знаю, що буде після цього."
ham,хлопчик; Я люблю тебе Grl: Hogolo Boy: золотий ланцюжок kodstini Grl: Agalla Boy: намисто madstini Grl: agalla Boy: Hogli 1 mutai eerulli kodthini! Grl: Я люблю U kano;-)
ham,"Ха-ха, я чув це, напиши мені, коли будеш поруч."
ham,Я завтра туди приїду і надішлю тобі це
ham,"""БЛЯХА, ЛЮБОВЧИКУ... ВОНА ТРОХИ ЗАПЛУТАЛАСЯ. ТАК, ВОНА ТОБІ НАПЛИКАЛА. ЧИ ЗНАЛА УРГАН? ПО-НОВОМУ, Я РОЗМОВЛЯЮ ПРО U2MORO, КОЛИ Я НЕ СПАЮ..."""
ham,"Ой, як пізно! Що ж, гарної ночі, і я тобі зателефоную завтра. А тепер я піду спати, вночі."
ham,"""УРА, ТИ, ТЕКС, БО ТОБІ НУДЬГА! ТАК, ДОБРЕ, ЩО ТВОЇ ТИЖНІ СУБОТИ? ЗВУЧИТЬ, ЩО ТВОЄ ВЕСЕЛО! СЛІДКУЙ ЗА НОВИНАМИ, БАГАТО МЕНЕ ЛЮБОВЬ XXXXX."""
ham,"Вибачте, під час зустрічі я передзвоню вам пізніше."
ham,Йой! Як ти? Дівчата так і не подзвонили після Індії. Л
ham,"Так, але що для мене гірше"
spam,Жорсткий чат LIVE 121 лише за 60 копійок/хв. Оберіть свою дівчину та зв'яжіться НАЖИВО. Телефонуйте за номером 09094646899 зараз! Дешевий чат - найбільший сервіс живих трансляцій у Великій Британії. VU BCM1896WC1N3XX
ham,"Я позначив(ла) СВОЇХ друзів, яких ти, здається, вважав(ла) СВОЇМИ друзями."
spam,"Давно не було чути від U4. Зателефонуй на приватну лінію 01223585334 у форматі грубого чату, щоб кінчити. Хочу 2C фото, де мене трахають, а потім надішліть PIX на номер 8552. 2End, надішліть STOP 8552 SAM xxx"
ham,Добре...
ham,Давно. Ти згадуєш мене сьогодні.
ham,"Зараз не роблю покупок, бо я щойно приїхав."
ham,"Дякую. Краще б так вийде, бо інакше я почуватимуся використаним."
ham,"Ти готовий до виклику? Я знаю, що я готовий :)"
ham,Скільки коштував корпус твого жорсткого диска?
ham,"Загадку розгадано! Тільки що відкрила мою електронну пошту, а він надіслав мені ще одну партію! Який же він милий!"
ham,"Я не можу описати, як тобі пощастило, що я насправді прокидаюся опівдні."
spam,"Ми вже вдруге намагаємося зв'язатися з вами. Ви виграли приз у розмірі 1450 гривень стерлінгів, щоб отримати його, просто зателефонуйте за номером 09053750005 b4 310303. Правила та умови/припинити SMS 08718725756. 140 сторінок за хвилину."
ham,"СЬОГОДНІ день вибачень! Чи я колись на тебе злився, чи я колись погано поводився чи завдав тобі болю? Будь ласка, будь ласка, ПРОСТО ДАЙ САМІ ЛАПАРАЗА, бо це твоя вина, я ж ХОРОШИЙ."
ham,Вітання за листівку... Вже та пора року?
spam,"ГАРЯЧІ ФАНТАЗІЇ НАЖИВО телефонуйте зараз 08707509020 Всього 20 копійок за хвилину NTT Ltd, поштова скринька 1327, Кройдон CR9 5WB 0870..k"
ham,"Коли люди бачать мої повідомлення, вони думають, що я залежний від повідомлень... Вони помиляються, бо вони не знають, що я залежний від своїх милих друзів..!! BSLVYL"
ham,"Ох, сподіваюся, що ASUS випадково не переформатує систему."
ham,"Не бачив мого фейсбуку, га? Лол!"
ham,"Ма б, я завтра заберу."
ham,Все ще позаду ле..у приходьте 2morrow maga..
ham,"У тебе ще є сантехнічна стрічка та гайковий ключ, які ми могли б позичити?"
spam,"Шановний власнику ваучера, щоб скористатися пропозицією цього тижня, будь ласка, перейдіть за посиланням http://www.e-tlp.co.uk/reward на вашому ПК. Діють правила та умови."
ham,Це буде складніше..
spam,"ВИ ЇДЕТЕ НА 2 БАГАМИ! Зателефонуйте БЕЗКОШТОВНО за номером 08081560665 та поговоріть з оператором, щоб отримати круїз на Багами вартістю 2000 гривень стерлінгів ГОТІВКОЮ лише для осіб віком від 18 років. Щоб відмовитися, надішліть SMS-повідомлення X на номер 07786200117."
ham,"Вже не чекаю, як завжди... Ти повернешся, щойно попросиш?"
ham,"На зустрічі, та. Я тобі подзвоню."
ham,К к :-):-) тоді подивіться кілька фільмів.
ham,"Чи подобається мені фільм ""кіно плюс напій""? * Чи є якийсь безкоштовний трилер режисера, який мені подобається, на Mac о 8:30."
ham,"Вони розміром зі слонячі таблетки, і ти запихаєш їх собі в дупу!!"
ham,"Так багато людей здаються особливими на перший погляд, але лише деякі залишаться особливими для тебе до останнього погляду. Зберігай їх до кінця життя. Бери себе в руки."
ham,"Мої батьки, мої діти, мої друзі та мої колеги. Всі кричали... СЮРПРИЗ!! а я чекала на дивані... ... ..... 'ГОЛА...!"
ham,"Не знаю, я просто питаю, бо в мене є картка на 20% знижки в салоні під назвою Hair Sense, тож я вважаю, що це той, де ти підстриглася."
ham,"Доброго ранку, пиріжку-пусинко! Ха-ха, сподіваюся, я тебе не розбудив/розбудила."
ham,"Можливо, якби ти прокинувся до третьої, це не було б проблеми."
ham,З днем ​​народження тебе... люба. З великою любов'ю. Ракшеш НРІ
ham,Яка історія цієї людини
spam,"Це вже другий раз, коли ми намагаємося зв'язатися з вами. Ви виграли приз у розмірі 750 гривень. Отримати приз легко, телефонуйте за номером 08712101358 ЗАРАЗ! Всього 10 копійок за хвилину. BT-національний тариф."
ham,X2 <#>. Ти це зрозумієш?
ham,"Привіт, Ніва, хвилюйся за правду, бо правда поведе мене до твого серця. Це найменше, чого заслуговує така унікальна людина, як ти. Спи міцно чи ні, будь ласка, ранку."
spam,"Ви отримали міський відпочинок і могли ВИГРАВАТИ літній шопінг на 200 гривень стерлінгів щотижня. Надсилайте SMS-повідомлення STORE на номер 88039.SkilGme.TsCs087147403231Winawk! Від 16 років – 1,50 гривняа стерлінгів за тиждень."
ham,Ваша газета сьогодні вранці чи вдень?
ham,Я злизу кожну краплю :) ти теж готовий використовувати свій рот?
ham,"І ти! Чекатиму на тебе щоразу, коли ти надсилатимеш повідомлення! Сподіваюся, що все буде добре."
ham,"Чудово. Пі Дідді — мій сусід, і він щоранку приходить за зубною пастою."
ham,У мене є новий номер. Ти будеш користуватися лише цим?
ham,"Тож у Канаді тебе вчать щодня тикати, чоловіче! Як справи? Просто кажу привіт."
ham,7 лор... Зміна 2 suntec... О котрій годині ви йдете?
ham,"Не бачу такого в інтернет-магазині, тому я й запитав."
ham,"Просто цікаво, бо мій кузен питав, чим я займаюся."
ham,Гарно.гарно.як це працює?
ham,"Гаразд, лор... Вау... ось так вони точно нас не відпустять... Ха-ха... Що вони сказали в умовах?"
ham,"Ха-ха... Так, сподіваюся, ми схуднемо на кілька кг до понеділка. Після хіп-хопу зможемо знову піти в сад і зважитися."
ham,Вона гарна. Як справи? Де ти зараз працюєш?
ham,"О, так, я просто трохи нездоровий, тому ніби влаштував собі кокон удома."
ham,Вдома також.
ham,Цей телефон має найдивнішу автоматичну корекцію.
ham,"Ой, мій телефон розрядився, а я навіть не знав. Так, мені так більше подобається."
ham,"Не треба було питати, чи можеш ти спочатку зустрітися в обідню каюту, і ми вже можемо зустрітися. Чи хочеш піти, запитати спочатку, а потім підтвердити зі мною якомога швидше?"
ham,"Вона сказала: «Ви не проти, якщо я на хвилинку піду до спальні?» «Добре», — відповів я у сексуальному настрої. Вона вийшла через 5 хвилин з тортом... і моя дружина,"
ham,"О, ТАК, І ГАРНО ПРОВЕДІТЬ ЧАС У НЬЮКІ - НАДІШЛІТЬ МЕНІ ЛИСТІВКУ! Я ДІГЛЯДАЮ ЗА ВСІМА ДІВЧАТАМИ, ПОКИ МЕНЕ НЕМАЄ (ТИ ЗНАЄШ, ПРО ЩО Я ГОВОРЮ!) xx"
ham,Ми розлучилися. Лол. Вона тут.
ham,Який твій PIN-код?
ham,"Любий, у тебе є достатньо грошей, щоб купити хліба та молока? І я поверну тобі їх, коли ти повернешся додому?"
ham,Я хочу снігу. Просто морозно і вітряно.
spam,"ТЕРМІНОВО! Ми намагаємося зв'язатися з вами. Сьогоднішній розіграш показує, що ви ГАРАНтовано виграли приз у розмірі 2000 гривень стерлінгів. Зателефонуйте за номером 09066358361 зі стаціонарного телефону. Отримайте Y87. Дійсно лише 12 годин."
ham,Приходьте на автобусну зупинку Махал.. <DECIMAL>
ham,Не знаю :) цього тижня я їду до Тірунельваї.
ham,"Я теж, крихітко! Обіцяю добре до тебе ставитися! Б'юся об заклад, ти добре про мене подбаєш..."
ham,"Це як та гра в готель ""Сутінковий готель"", здається. Ти розгадуєш головоломки в місцевості."
spam,"Дякуємо за ваше замовлення мелодії дзвінка, номер посилання X29. З вашого мобільного телефону буде стягнуто плату в розмірі 4,50. Якщо ваша мелодія не надійшла, зателефонуйте до служби підтримки клієнтів за номером 09065989180."
ham,"Привіт, коханий/кохана! Як пройшов день? Блін, сьогодні вранці я прокинувся/прокинулася і впустила телефон, спускаючись сходами, але здається, що все гаразд... *фух* Я сумую за тобою!"
ham,"Ну, мабуть, важко це вловити."
ham,"Вибачте, да тангам, це моя помилка."
ham,Мені потрібно... Бо я ніколи раніше туди не ходив
ham,"Троянда для червоного, червона для крові, кров для серця, серце для тебе. Але ти для мене... Надішли це всім своїм друзям... Включно з мною... Якщо я тобі подобаюсь... Якщо ти повернешся, 1-ти бідний у родині! 2-тобі потрібен хтось, 1-тобі потрібна підтримка, 3-твій друг, 2-багато, 4-хтось тебе кохає, 5+- хтось молиться Богу, щоб він одружився з тобою. :-) спробуй...."
ham,"Дружина, як вона точно знала час убивства"
spam,"ШІСТЬ шансів виграти ГРОШІ! Від 100 до 20 000 гривень стерлінгів. Надішліть SMS-повідомлення з текстом CSH11 на номер 87575. Вартість 150 копійок/день, 6 днів, 16+. Діють умови та положення. Відповісти HL 4 info"
spam,"Ваш готівковий баланс зараз становить 500 гривень. Щоб максимізувати свої готівкові кошти, надішліть COLLECT на номер 83600, лише 150 копійок/повідомлення. Копія: 08718720201, поштова скринька 114/14 TCR/W1"
ham,"Я почуваюся як мудак, бо постійно проспиваю твої текстові повідомлення та повідомлення у фейсбуці. Ну що, ти в місті?"
ham,"Ні, будь ласка, я прийду. В дорозі."
ham,"Мабуть, він хоче побути наодинці. Ми могли б просто прийти і подивитися, коли вони це зроблять..."
ham,"Вершина переробки: Перечитайте двічі - Люди витрачають час на заробіток, і ті ж гроші витрачаються на проведення часу! ;-) Доброго ранку.. продовжуйте посміхатися :-)"
ham,"Так, ти не прийдеш :-("
ham,"Так, принцесо. Толедо."
ham,"Добре, напиши мені, коли повернешся додому, і я заскочу, мені потрібен хтось, щоб відчинити мені двері."
ham,"Рон сказав, що фрі-лех. Він сказав, що Дін Тай Фен не може бронювати столики. Але він сказав, що почекайте."
ham,Добре. Купальник заборонено :)
ham,Все гаразд. Скоро закінчу. Усього найкращого.
ham,"Мила думка про дружбу: «Необов'язково ділитися кожною таємницею з близьким другом, але все, чим ти поділився, має бути правдою»...."
ham,"Добре, я надіслав тобі останню версію проекту."
ham,"Доброго ранку, люба моя........... Гарного та успішного дня."
ham,"Будь ласка, прийміть мене на один день. Або благаю вас змінити номер."
ham,"Стискааааай!! Це різдвяні обійми.. Якщо тобі подобається моя дружба, обійми мене у відповідь.. Якщо тобі сподобається 3, ти мила:) 6, ти кохана:* 9, тобі так пощастило;) Жодної? Люди тебе ненавидять:"
ham,"Гаразд, якщо хтось запитає про мене, скажіть йому... :-P"
ham,"Цікавий факт: Ніхто не вчить, чому вивергаються вулкани 2, виникають цунамі 2, коливаються урагани 2, і ніхто не вчить, як вибрати дружину. Стихійні лиха просто трапляються."
ham,* Ти дзвонитимеш цими вихідними чи ні?
ham,"Також знайдіть будь-які запальнички, які ви можете знайти"
ham,"Вибачте, я не можу вам з цим допомогти."
ham,"Люба, мені потрібна твоя порада"
ham,"Я піду близько четвертої, добре?"
ham,"Приходьте до медичного коледжу о 19:00 ...... перешліть це, да"
ham,К:)к..це добре:)коли ти їдеш?
ham,Я можу приготувати тобі лазанью... горілку...
ham,"ПРИВІТ, ЦЕ КЕЙТ, МОЖЕШ МЕНІ ЗАДЗВОНИТИ ШВИДШЕ ХХХ"
ham,"Хто ці люди? Ти був на гастролях? Я думав, ти займаєшся тією штукою з диваном, яку ти мені надіслав? Твій цікавий солоденький..."
ham,"Ні, але ти ж казав мені, що йдеш, перш ніж напився!"
ham,"Він, чорт забирай, злякався. Написав мені, що запізниться і зателефонує, а потім я не почув від нього жодного слова."
spam,"Вітаємо! Завдяки доброму другу ви ВИГРАЛИ різдвяний приз у розмірі 2000 гривень стерлінгів. Отримати приз легко, просто зателефонуйте за номером 08718726978 ЗАРАЗ! Всього 10 копійок за хвилину. BT-національний тариф"
ham,Я завжди шукаю привід бути в місті.
ham,"Так, я все ще п'ю каву з друзями... Моя подруга поїхала, вона мене підвезе..."
ham,"О, берег, ти їдеш на автобусі?"
ham,Тож ти збираєшся отримати Deus Ex?
ham,Я надішлю їх на вашу електронну пошту. Ви не проти <#> разів на ніч?
spam,"44 7732584351, Бажаєте отримати новий кольоровий телефон Nokia 3510i з доставкою завтра? З 300 безкоштовними хвилинами на будь-який мобільний + 100 безкоштовними текстовими повідомленнями + безкоштовною відеокамерою? Зателефонуйте або відповідайте за номером 08000930705."
ham,"«Підпиши та розлий о сьомій.» * Той паб на Газовій вулиці, біля Брод-стріт, біля каналу? Гаразд?"
ham,"Добре, тоді я приїду і заберу тебе біля двигуна?"
ham,Ось чому я ніколи не хотів тобі нічого з цього розповідати. Ось чому я останнім часом такий різкий з тобою і напружений.
ham,Raviyog Peripherals bhayandar east
ham,"К, ви, хлопці, можете зустрітися зі мною в Суноко на Говардській? Це має бути прямо по дорозі."
spam,"У вас є 1 нове голосове повідомлення. Будь ласка, зателефонуйте за номером 08719181513."
ham,"МІСЯЦЬ прийшов, щоб розфарбувати твої сни, ЗІРКИ – щоб зробити їх музичними, а мої SMS – щоб подарувати тобі теплий і спокійний сон. На добраніч."
ham,Щойно закінчив їсти. Взяв тарілку. Цього разу БЕЗ залишків.
ham,Щиро дякую...
ham,"Швидше додому, твій великий зад. Поклади слухавку після останнього абонента, якщо доведеться. Їжа готова, а я вмираю з голоду. Не питай, що я приготував."
ham,"Лол, ти маєш рацію. Яка дієта? Я все одно щодня шахраюю. Мені судилося бути товстухою :("
ham,Чудовий день. Нехай він буде для тебе гарним.
ham,Що сталося на співбесіді?
ham,"Розв'яжіть випадок: Чоловіка знайшли вбитим <DECIMAL>. <#> Після полудня. 1. Його дружина викликала поліцію. 2. Поліція опитала всіх. 3. Дружина: Пане, я спала, коли сталося вбивство. 4. Кухар: Я готував. 5. Садівник: Я збирав овочі. 6. Покоївка: Я пішов на пошту. 7. Діти: Ми пішли гратися. 8. Сусід: Ми пішли на весілля. Поліція негайно заарештувала вбивцю. Хто це? Дайте обґрунтовану відповідь, якщо ви геніальні."
ham,Бадріт тільки для Ченнаї:) я обов'язково оберу для нас:) для нього немає конкуренції.
ham,"Я зрозумів, що це мій товариш по групі... На щастя, я не відповів... О котрій годині тобі потрібно йти..."
ham,"Гей, ти десь поруч? У мене вистачить на півцента + десять, які я тобі винен."
ham,"Гей, пане, можливо, зустрінемося на ""УФ"""
ham,"ВСЬОГО, СЕМ, ЦЕ НІК, ПРОСТО ПЕРЕВІРЮ, ЧИ ЦЕ ТВОЙ НОМЕР, ТАК І СПРАВЖДИ?"
ham,"Вони просто спрощують повернення боргу. У мене є <#> років, щоб сказати, але я можу повернути борг раніше. Розумієте?"
ham,"Не хвилюйся. Я впевнений, що ти отримаєш це."
ham,"Заправка приблизно за квартал від мого будинку, ви проїдете повз неї, бо Вірменія закінчується на Сванні, і вам доведеться їхати по Говарду."
spam,"Хтось із ваших знайомих попросив нашу службу знайомств зв'язатися з вами! Не можете вгадати хто? ТЕЛЕФОНУЙТЕ 09058097189 ЗАРАЗ все стане відомо. А/с 6, LS15HB 150 копійок"
spam,Камера - Ви отримуєте цифрову камеру SiPix! Телефонуйте за номером 09061221066 зі стаціонарного телефону. Доставка протягом 28 днів.
ham,"Моя плата за навчання коштує 330. Хм, ми оберемо з 11:20 до 12:05? Ви не проти?"
ham,"Я не курю, поки люди використовують фразу ""Вайлі забагато курить"", щоб виправдати те, що вони псують моє лайно."
ham,"Любий, доброго ранку, як ти себе почуваєш?"
ham,"Трохи. Ліки кажуть приймати раз на 8 годин. Минуло лише 5, але біль повернувся. Тож я випила ще одну. Сподіваюся, я не помру."
ham,"Прекрасне завтра ніколи не настає.. Коли воно настає, це вже СЬОГОДНІ.. У погоні за прекрасним завтра не витрачайте своє чудове СЬОГОДНІ.. ДОБРОГО РАНКУ:)"
ham,"Не знаю, чи все вирішуєш ти, ха-ха. А як щодо Леони? Ой, я думаю, що Бен збирається написати йому повідомлення."
ham,"Привіт. Ми вже переїхали до нашого пабу. Було б чудово, якби ви прийшли."
spam,"Сьогоднішні номери Voda, що закінчуються на 5226, обрані для отримання винагороди у розмірі 350 гривень стерлінгів. Якщо у вас є збіг, зателефонуйте за номером 08712300220, назвавши код заявки 1131 у додатку зі стандартними тарифами."
spam,"Це повідомлення безкоштовне. Ласкаво просимо до нового та покращеного клубу «Секс та догінг»! Щоб відмовитися від цієї послуги, дайте відповідь STOP. msgs@150p лише для осіб віком від 18 років"
ham,"Бджола сказала: *Я найсолодша у світі* Бог засміявся і сказав: *Зачекайте, ви ще не зустрічали людину, яка читає це повідомлення* МОРАЛЬ: Навіть БОГ може жартувати! GM+GN+GE+GN:)"
ham,"Просто роби те, що тобі легше"
spam,RCT' THNQ Adrian for U text. Rgds Vatian
ham,"Перестань дзвонити всім і говорити, що в мене, можливо, рак. У мене болить горло, коли я розмовляю. Я не можу відповідати на всі дзвінки. Якщо мені подзвонять ще раз, я не буду нянею в понеділок."
ham,"Буде важко, але я зроблю те, що мушу"
ham,"Я ТАК СИЛЬНО БУДУ ДУЖЕ СИЛЬНО ХОЧУ!! Я Б СКАЗАВ, ЩО НАДІШЛЮ ЛИСТІВКУ, АЛЕ ШАНСІВ ПАМ'ЯТАТИ ТАКИЙ ЖЕ БІЛЬШЕ, НІБИ НЕ ПОРУШИВ СВІЙ КОНТРАКТ!! ЛЮБЛЮ, ТАК!"
ham,Ee msg na poortiyagi odalebeku: Hanumanji 7 name 1-Hanuman 2-Bajarangabali 3-Maruti 4-Pavanaputra 5-Sankatmochan 6-Ramaduth 7-Mahaveer ee 7 name <#> janarige ivatte kalisidare наступної суботи olage ondu хороші новини keluviri...! Maretare inde 1 dodda problem nalli siguviri idu matra <#> % правда.. Не нехтуйте.
ham,"ПРИВІТ, ЛЮБА, Я ЗАКІНЧУЮСЯ О 3? ТИ ЗАЇДЕШ ДО МЕНЕ ЧИ ЗУСТРІНЕШСЯ? НАПИШИ У ВІДПОВІДЬ НА ЦЕЙ НОМЕР, ЛЮБЛЮ, КЕЙТ XXX"
ham,"Знайди для мене місце у своєму серці, а не в думках, бо розум легко забуває, але серце завжди пам'ятатиме. Щасливого Дня святого Валентина!"
ham,"Але я здивований, що вона все ще може вгадувати, лор..."
ham,"Добре, хочеш зустрітися в Бішані? Бо я зараз у Бішані. Я сьогодні не за кермом."
ham,"Ого. Це вперше, коли ти використовуєш такі слова?"
ham,"ПРИВІТ, ЛЮБА, ЯК ПРОШЛОСЯ НА РОБОТІ? ТИ ПОТРАПИЛА В БАЛАНЦІ? Я ЩОЙНО ВЕСЬ РАНОК РОЗГОВОРИВ З ТВОЄЮ МАМОМ! Я ДУЖЕ ЧУДОВО ПРОВЕДАВ ЧАС ВЧОРА. СКОРО ВИХОДЖУ, АЛЕ ПОДЗВОНИ МЕНІ, ЯКЩО ЗМОЖЕШ."
ham,"Я знаю, що ти служиш. Я маю на увазі, що ти зараз робиш?"
ham,"Хм... Гайд-парк не в Мелі, ой, заплутався... У будь-якому разі, якщо це найкращий вибір, то нам просто доведеться ним скористатися..."
ham,"О, гей. Зі мною таке трапилося в Троні. Можливо, я зроблю це в 3D, коли воно вийде."
spam,"БЕЗКОШТОВНЕ ПОВІДОМЛЕННЯ Активуйте свої 500 БЕЗКОШТОВНИХ текстових повідомлень, відповівши на це повідомлення словом БЕЗКОШТОВНО. Щоб ознайомитися з умовами та положеннями, відвідайте www.07781482378.com"
ham,"Я знаю, дівчата завжди обережні та егоїстичні, знають, що я впораюся, тата. Дякую. На добраніч."
ham,"Не хвилюйся, сподіваюся, фотосесія пройшла добре. Гарно проведіть час на роботі."
ham,Мені холодно і хочеться льоду. Fml
ham,Кей... Оскільки ми вже вийшли
ham,"Ей, вибач, Ле... Я не читав твоє повідомлення. Вже не сумно, Лар. Я зараз дивлюся телевізор. Ти все ще в офісі?"
ham,"Йо, я прямо біля твоєї роботи."
ham,"Добре, люба, гадаю, все гаразд, я просто забагато хвилююся. Мені треба знятися в деяких фільмах, мій друг, а потім знову няньчити мене! Але ти можеш подзвонити мені туди. xx"
ham,"Вона сказала: «Ви не проти, якщо я на хвилинку піду до спальні?» «Добре», — відповів я у сексуальному настрої. Вона вийшла через 5 хвилин з тортом... і моя дружина,"
ham,"Я з того часу не прокидаюся. Я перевірив ці дані і побачив, що вільних місць справді немає. Будь ласка, зателефонуйте до посольства або надішліть їм листа."
ham,Ні... Просто вільний від роботи...
ham,"Хм, так швидко... Це означає, що ти ще не закінчив малювати?"
ham,Під яким номером ти живеш? Це 11?
ham,"Ні, ми влаштовуємо вечірки 7 днів на тиждень і легко навчаємося. Думаю, нам потрібно намалювати якісь власні прапорці, щоб вони знали, що ми хардкорні."
ham,Сак набере велику сотню. Він готовий грати на беттері :-)
ham,"Будь ласка, надішліть мені номер Єтті."
ham,Скільки це коштуватиме приблизно . На місяць.
ham,"Добре... Теоретичний тест? Коли ти збираєшся записатися? Здається, це буде 21 травня. Бо я думав піти на побачення з Джіаїн. Але вона не вільна."
spam,"З вами зв'язався хтось із ваших знайомих через наш сервіс знайомств! Щоб дізнатися, хто це, зателефонуйте зі стаціонарного телефону 09050000928. PoBox45W2TG150P"
ham,"Гаразд, нехай він мені зателефонує, якщо знатиме, чого хоче, або матиме якісь запитання."
ham,"Вибачте, запізнився початок, ми вже в дорозі."
ham,Тоді ти сам повернешся назад...
ham,Я НА ЗАПРАВЦІ. ЙДИ ТУДИ.
ham,"К, якщо тобі нудно, просто приходь до мене додому.."
ham,Кохана!!!! Я КОХАЮ ТЕБЕ!!!! *поцілунками вкриває твоє обличчя*
ham,"Якось я змусив його знудити, коли ми курили в машині нашого друга, це було приголомшливо."
ham,"Я все ще цього не перевіряв, так..."
ham,Ти підеш у Волмарт. Я залишуся.
ham,"Я тебе не забув, можливо, завтра тобі надішлю пару баксів, добре? Я тебе теж люблю."
ham,"О, чудово. Я потурбую його більше, щоб ми могли поговорити."
ham,Зворотне — це шахрайство. Це не математика.
ham,Будь ласка... Знову спіймав тебе на ламаній англійській...
ham,"Нема за що, крихітко. Це гарний час для розмови? Я подзвонив і залишив повідомлення."
ham,"Вибачте, я подзвоню пізніше"
ham,"О, так воно і є! Якого бренду?"
ham,"Вибачте, я зараз не можу відповісти на ваш дзвінок. Так сталося, що є два фахівці, які зроблять те, що ви хочете. Вона може прийти і отримати свою медичну страховку. І вона зможе народжувати та отримувати базовий догляд. Я зараз шукаю для неї відповідну медичну страховку. Тож дайте мені час до ранку п'ятниці. Саме тоді я зустрінуся з головною людиною, яка зможе підказати мені потрібну страховку."
ham,О котрій годині ви приїдете?
ham,"Подзвони йому і скажи, що ти сьогодні не прийдеш, гаразд, і скажи їм, щоб вони мене так не обманювали, гаразд."
ham,Я надіслав Іфенгу електронного листа з питанням щодо моєї деталі. Чи можу я отримати її від нього?
ham,"Ти впевнений, що вони це зрозуміють! Вино * гарна ідея, щойно сьорбнув!"
ham,Мінімальна прогулянка – 3 милі на день.
ham,"Добре, без проблем, викличу їм таксі. Завтра та у вівторок. У вівторок, гадаю, ми всі підемо в кіно."
ham,"Brainless Baby Doll..:-D;-), vehicle sariyag drive madoke barolla.."
ham,"Я не тікаю від тебе... Я йду повільно, і мене вбиває, що тобі байдуже, щоб зупинити мене..."
spam,"Вибач, я пропустив твій дзвінок, давай поговоримо, коли у тебе буде час. Я за номером 07090201529."
ham,"Будь ласка, звертайтеся за телефоном :)"
ham,"Ти тільки мене ненавидиш. Можеш дзвонити будь-кому, але ти не відповів на жодний мій дзвінок. Або навіть написав повідомлення."
ham,Немає повідомлень на її телефоні. Я тримаю його зараз.
ham,Можна... я вільний...
ham,"Йо, мою поїздку відклали, ти ще запасся?"
ham,"Вибачте, я подзвоню пізніше"
ham,"Я чекаю на ваш дзвінок, пане."
ham,"Гей, що ти робиш? Немає відповіді.."
ham,"Привіт, Елейн, сьогоднішня зустріч ще триває?"
ham,"Вибач, я не був там. Я зроблю це завтра. Дуже шкода."
ham,"Найчастіше, коли я не дозволяю тобі обійняти мене, це для того, щоб не розплакатися."
ham,"Завтра я не йду в театр... Тож можу прийти, куди ти мене покличеш... Скажи мені, куди і коли прийти завтра..."
ham,А тепер щойно зникла електрика.
ham,"Схоже, ти знайшов собі заняття, окрім куріння, чудова робота!"
ham,Також лід Андроса тощо
ham,:)
ham,"Доброго дня, моя кохана. Як справи сьогодні? Сподіваюся, у тебе все добре, і, можливо, у тебе буде кілька інтерв'ю. Я прокидаюся і сумую за тобою, люба. Пристрасний поцілунок з-за моря."
ham,"Так Ви вірите, що? Ви справді не маєте повідомлення, яке я надіслав?"
ham,Як змінюється розмір годинника
ham,"Люба мамо, вона мені зараз подзвонила :-)"
ham,Щойно закінчив. Дуже сумую за тобою.
spam,"Безкоштовний 4-зірковий відпочинок на Ібіці або 10 000 гривень стерлінгів готівкою потребує вашого ТЕРМІНОВОГО отримання. 09066364349 ЗАРАЗ зі стаціонарного телефону, щоб не втратити можливість! Box434SK38WP150PPM18+"
ham,"Ну, я мав на увазі, на відміну від моєї п'яної ночі попереднього"
ham,"К... Треба забронювати, чи не так? Тож ідеш на базову йогу в неділю?"
spam,"БЕЗКОШТОВНЕ ПОВІДОМЛЕННЯ: Ми помилково списали кошти з вашого мобільного номера з короткого коду 83332. Будь ласка, зателефонуйте за номером 08081263000, щоб отримати відшкодування. Цей дзвінок буде безкоштовним зі стаціонарного телефону BT."
ham,"Добре, можна..."
ham,"Ой, я у мами в Сомерсеті... Трохи далеко! Повернувся, до зустрічі х"
ham,"То ти працюєш понаднормово, чуваче?"
ham,"Те саме, що й відмова Калліса у другому тесті :-)."
ham,"О. Мабуть, їх обох обдурили."
spam,"Будь ласка, негайно зателефонуйте за номером 08712402972, оскільки на вас чекає термінове повідомлення."
ham,"Я на зустрічі, зателефонуйте мені пізніше о"
ham,Що ти мені готуєш на вечерю?
ham,"Добре, дякую..."
ham,"Блін. Твій план полягав у тому, щоб поплисти зі мною до ІКЕА без жодних турбот. Тож мені доведеться жити з твоїм безладом ще один день."
ham,Тоді я купую.
spam,ТЕРМІНОВО! Ваш мобільний номер отримав бонусний приз у розмірі 2000 гривень стерлінгів. Зателефонуйте за номером 09058095201 зі стаціонарного телефону. Дійсно лише 12 годин.
ham,"Хі-хі, це було так смішно"
ham,"Він виконує лише прості арифметичні обчислення, а не відсотки."
ham,"Так, ми б не виїжджали щонайменше годину, як щодо 4?"
spam,"Як шановний клієнт, я радий повідомити Вам, що після нещодавньої перевірки Вашого номера мобільного телефону Ви отримуєте бонус у розмірі 1500 гривень стерлінгів. Телефонуйте за номером 09066364589."
ham,"Дякую, люба. Гарного дня."
ham,"«Дивовижна цитата» – «Іноді в житті важко вирішити, що не так!! брехня, яка викликає посмішку, чи правда, яка викликає сльози...»"
ham,"На добраніч, люба моя.. Спи добре та бережи себе."
ham,Тоді попроси тата забрати тебе... Хочу залишитися до 6-ї...
ham,"Просто розслабся, як справи?"
ham,"""ГЕЙ, ЦЕ КРУТО... Я ЗНАЮ ВСІХ 2, ЩО НЕБЕЗПЕКА СТУДЕНТСЬКОЇ ФІНАНСОВОЇ КРИЗИ! SPK 2 U L8R."""
ham,"Прекрасна правда проти сили тяжіння... Уважно прочитайте: «Наше серце легке, коли хтось у ньому... Але дуже важке, коли хтось його залишає...» ДОБРОГО РАНКУ"
spam,Бажаєте отримати новий кольоровий телефон Nokia 3510i з доставкою вже завтра? З 300 безкоштовними хвилинами на будь-який мобільний + 100 безкоштовними текстовими повідомленнями + безкоштовною відеокамерою? Зателефонуйте або відповідайте за номером 08000930705.
ham,"Що це за пагорб насувається..... Це якийсь монстр! Сподіваюся, у вас буде гарний день. Тут все добре, хоча й людно!"
ham,"Батько Джой — Джон. Тоді Джон — ____ батька Джой. Якщо ви відповідаєте на це, у вас є <#> IQ. Це питання IAS, спробуйте відповісти."
ham,"Тільки один раз, а потім я послухаюся всіх ваших."
ham,"Ні, вона цього не зробила. Я пошукаю в інтернеті та повідомлю вам."
ham,"Куди потрібно звернутися, щоб його отримати?"
ham,"Немає фото. Будь ласка, надішліть ще раз."
ham,Він залишається братом серед братів
ham,"Емммм, хіба не погано робити тест на туберкульоз, коли ти хворий?"
ham,"Але в мене вистачає місця, є десь 4 МБ..."
spam,"ЖИТТЯ ще ніколи не було таким веселим і чудовим, поки ти не з'явився. Ти зробив його справді особливим для мене. Я тебе не забуду! насолоджуйся @ один гривня стерлінгів/смс"
spam,"Хочете новий відеотелефон? 600 хвилин будь-коли та будь-якої мережі, 400 включено, відеодзвінки ТА завантаження, 5 на тиждень. Безкоштовно delTOMORROW, телефонуйте за номером 08002888812 або дайте відповідь ЗАРАЗ."
spam,"Як шановний клієнт, я радий повідомити Вам, що після нещодавньої перевірки Вашого номера мобільного телефону Ви отримуєте бонус у розмірі 1500 гривень стерлінгів. Телефонуйте за номером 09066368470."
spam,"Ласкаво просимо! Будь ласка, дайте відповідь, вказавши свій ВІК та СТАТЬ, щоб почати. ​​Наприклад, 24 місяці"
spam,Безкоштовні повідомлення: 1 місяць безлімітних безкоштовних дзвінків! Активуйте SmartCall. Текст: ЗАТЕЛЕФОНУЙТЕ на номер: 68866. Підписка: 3 гривні стерлінгів/тиждень. Безлімітні дзвінки. Довідка: 08448714184. Зупинити?txt. Зупинити лише стаціонарні.
spam,"Маєте мобільний телефон вже 10 місяців? БЕЗКОШТОВНО оновіть його до останньої версії з камерою/відеокамерою Orange. Заощадьте гривні стерлінгів завдяки безкоштовним текстовим повідомленням/дзвінкам на вихідні. Надішліть SMS-повідомлення «ТАК» для зворотного дзвінка або «НІ», щоб відмовитися."
spam,"Я новачок у клубі і не думаю, що ми вже познайомилися. Чи буде B gr8 2 CU? Будь ласка, залиште повідомлення протягом 2 днів у вашому регіоні 09099726553, відповідь обіцяна КАРЛІ x Дзвінки грн1/хв Mobsmore LKPOBOX177HP51FL"
ham,Правда. З нею тут легше.
ham,"Звісно, ​​але оскільки мої батьки працюватимуть у вівторок, мені не потрібна прихована історія."
ham,"Ха-ха, гаразд... Сьогодні вихідні, ле..."
ham,"""Привіт, люба, ти мені телефонувала? Я вдома, якщо хочеш поспілкуватися."""
ham,"Я нічого не розумію, інакше б сказав/запитав щось корисне, але якщо хочеш, можеш вдати, що розумію, і просто написати мені що завгодно у відповідь на гіпотетичне «хуагауахауагахюхага»."
ham,Ти завжди був найрозумнішим.
ham,"Так, якщо нам доведеться випадково зустрітися з чуваком, нам потрібно змінити наші інформаційні аркуші на ВЕЧІРКА <#> /7 НІКОЛИ НЕ ВЧИТИСЯ, про всяк випадок."
spam,Камера - Ви отримуєте цифрову камеру SiPix! Телефонуйте за номером 09061221066 зі стаціонарного телефону. Доставка протягом 28 днів.
ham,"Різдво – це подія, яка святкується як відображення ваших... цінностей..., бажань..., почуттів... та традицій... Бажаю вам ідеального Різдва..."
ham,Шлю тобі радісні та щасливі вітання. Гарного вечора!
ham,"""Привіт, люба, я нічого не можу зробити завтра, бо батьки запрошують мене кудись повечеряти. Коли ти вільна? Кейтxxx"""
ham,"Якщо Індія переможе або зрівняє серію, це буде рекорд :)"
ham,Тоді що щодо подальшого плану?
ham,Приємно чути від тебе
ham,"Круто, як мені впоратися з воротами? Чарльз розповідав мені минулої ночі, але, е-е, так."
ham,О котрій годині ти думаєш йти?
spam,"Отримайте БЕЗКОШТОВНИЙ мобільний відеоплеєр та БЕЗКОШТОВНИЙ фільм. Щоб отримати текстові повідомлення, зателефонуйте на номер 89105. Це безкоштовно! Додаткові фільми можна замовити, діють правила та умови. Тільки для осіб віком від 18 років."
spam,Заощадьте гроші на весільній білизні на сайті www.bridal.petticoatdreams.co.uk. Оберіть з чудового асортименту з доставкою по всій країні. Забезпечено WeddingFriend.
ham,Ваша плата працює добре. Проблема перегріву також вирішена. Але встановлення програмного забезпечення все ще очікується. Я приїду близько 8-ї години.
ham,"Так, але мені байдуже, бо я знаю, що воно там!"
ham,"віскі Бренді Ром Джин Пиво Горілка Скотч Шампейн Вино ""KUDI""yarasu dhina vaazhthukkal. .."
ham,"Мон, добре, лор... Ха-ха, найкраще дешева та гарна їжа, хіба що добре... Залежить від того, чи хочеш ти їсти західну чи китайську їжу... І яку ти віддаєш перевагу..."
ham,Сиджу і нічого робити. Ти дуже зайнятий роботою?
ham,"Це <#> k тут, о. Чи варто мені відправити додому на продаж?"
ham,Вибачте. || пошта? ||
ham,Я просто розповідаю про той інцидент..
ham,"Так, ми були надворі десь 2 години. І я подзвонив усій своїй родині, щоб розбудити їх, бо це почалося о 1 годині ночі."
ham,"Ой, щойно вийшов з уроку"
ham,"Сьогодні люди помічають розслаблену можливість для плутанини з ентропією... Ви коли-небудь обов'язково обирали свої книги для головного посилювача фідифікації? Це дуже розслаблююче, я думаю, це жахливо... Яка ваша думка???? Джунна"
ham,"У мене немає жодного твого файлу в сумці... я був на роботі, коли ти мені подзвонив. Я скажу тобі, якщо щось знайду в своїй кімнаті."
ham,"Немає потреби. Просто перевіряю телефонну картку. Не знаю, мережа не працює, думаю. Я чекаю, поки моя сестра закінчить купатися, щоб я міг помитися. Не заважати тобі, поки ти прибираєш у своїй кімнаті."
ham,Добре. Я зроблю це пізніше.
ham,"Вірш про дружбу: Любий, любий, ти не поруч, але я чую, не боячись, живи з радістю, більше не сльози, ти завжди мій любий. Gud ni8"
ham,Обідай і швидше відчиняй двері :)
spam,"Давно не було чути від U4. Подзвони мені зараз, я тут всю ніч лише в трусах. Змусь мене благати про це, як ти робив минулого разу. 01223585236 XX Luv Nikiyu4.net"
ham,"Я повернувся. Трохи затримався через аварію на трасі A30. Довелося звернути через Вейдбрідж. У мене були чудові вихідні, дякую. Зустрічатимуся швидше. Щиро люблю тебе."
ham,"К.. Я Янь Цзю Ляо... Субота, ми можемо піти 4 бугі, один з 10 до 3, потім перехід до парку 4, примітка. Неділя може піти в кіно з 10:30 до 2, потім перехід до орк-мрт 4, хіп-хоп о 4..."
spam,Bloomberg - Центр повідомлень +447797706009 Навіщо чекати? Подайте заявку на майбутнє http://careers.bloomberg.com
ham,Я шукаю жінку на вулиці та дивака на постільній білизні. Це ти?
ham,Мій телефон
ham,"Ха-ха, ну, я знайшов шматок і миску Прісцилли."
ham,"Та йдіть ви з цим, робіть що завгодно, але знайдіть привід бути в Тампі десь до січня."
spam,"ТЕРМІНОВО! Ми намагаємося зв'язатися з вами. Сьогоднішній розіграш показує, що ви ГАРАНтовано виграли приз у розмірі 800 гривень стерлінгів. Зателефонуйте за номером 09050001808 зі стаціонарного телефону. Отримайте M95. Дійсно лише 12 годин."
ham,"Ура! Нарешті, лол. Я пропустив наш похід у кіно минулого тижня :-("
ham,Цілий робочий день :) крім суботи та неділі..
ham,"Аатхі... де ти, люба?.."
ham,"Серце порожнє без кохання.. Розум порожній без мудрості.. Очі порожні без мрій, і життя порожнє без друзів.. Тож будьте завжди на зв'язку. На добраніч і солодких снів."
ham,"Здається, я чекаю на той самий автобус! Повідом мене, коли прибудеш, якщо взагалі прибудеш."
ham,Ти скоро повернешся?
ham,", як справи? Просто швидке запитання."
ham,"Ніч закінчилася для ще одного дня, ранок настав особливим чином. Нехай ти посміхаєшся, як сонячні промені, і залишаєш свої турботи в блакитній блакитній затоці. Щиро вітаю."
ham,"Я, мабуть, можу зайти, всі вже закінчили <#>, так?"
ham,"Я отримав його перед Новим роком, бо Єтунде сказала, що хоче зробити тобі сюрприз, але коли я не побачив грошей, я повернув його в середині січня, до закінчення терміну повернення <#> дня."
ham,"Я можу розпитати, але тут небагато середніх позицій."
ham,Обов’язково перевірте свою електронну пошту Yahoo. Ми вчора надіслали фотографії.
ham,Що вона шукала?
ham,Де мій хлопчик-іграшка? :-(
spam,"Бажаєте НОВИЙ відеотелефон? 750 у будь-який час, будь-яка мережа, хвилини 150, текстові повідомлення лише за п'ять гривень на тиждень, телефонуйте за номером 08000776320 зараз або дайте відповідь, щоб отримати доставку завтра?"
ham,"Привіт, коханий/кохана! Як пройшов день? Бажаю тобі всього найкращого, любий/кохана, і сподіваюся, що ти знайдеш якусь роботу. Я сумую за тобою, хлопче... *дражливий поцілунок*"
ham,"Розкажи про мій поганий характер, який тобі в мені не подобається. Я спробую змінитися <#>. Додам ці дві свої новорічні обіцянки. Чекаю на твою відповідь. Будь відвертим... доброго ранку."
ham,"Ні :-) Ходили чутки, що ти збираєшся купити квартиру в Ченнаї :-)"
ham,"Так, мабуть, раніше"
ham,Зміна звуку виходу з Windows..
ham,"Я все ще цього не перевіряв, так..."
ham,Я теж прийшов до кімнати.
ham,"Хм, але в мене урок о 4 леї, я думав піти до школи раніше, щоб не паркуватися в Кент Вейл..."
ham,Добре.
ham,"Я приїду в офіс приблизно в <DECIMAL>. & у мене проблеми з мобільним. Ви не можете мене чути. Тож зателефоную вам якомога швидше, я зможу безкоштовно."
ham,"Круто, напиши мені, коли вийдеш."
spam,"З вами зв'язався хтось із ваших знайомих через наш сервіс знайомств! Щоб дізнатися, хто це, зателефонуйте зі стаціонарного телефону 09050000878. PoBox45W2TG150P."
spam,"Хочете виграти зустріч+привітання з Westlife? 4 U чи M8? В якому вони зараз турі? 1) Незламний, 2) Неприборканий, 3) Неохайний. Надішліть SMS-повідомлення 1, 2 або 3 на номер 83049. Вартість 50 копійок + стандартне SMS-повідомлення."
ham,"З днем ​​народження... Нехай скоро тобі пощастить з принцом, і не працюй надто багато..."
ham,"О, у гранд-барі влаштовується невеличка вечірка, але там не згадується про плату за обслуговування, тож, мабуть, послуги приймаються в порядку живої черги."
ham,"Ти сказав мені, перш ніж я повернувся спати, що ти ні за що не можеш заснути."
ham,"Сподіваюся, ти не розлючений, але я б дуже хотів побачити тебе завтра. Люби мене xxxxxxxxxxxxxxxX"
spam,Dorothy@kiefer.com (Банк граніту випускає акцію Strong-Buy) ВИБУХОВИЙ ВИБІР ДЛЯ НАШИХ УЧАСНИКІВ *****ЗРОСТАЛИ НА ПОНАД 300% *********** Символ Nasdaq CDGT Це $5.00 за..
ham,каже <#> річна дівчинка з чоловіком і грошима. У мене залишилися останні <#>. Все ще чекаю на той чек.
ham,Я зараз прийду до тебе додому
ham,"Вільний будь-якого дня, але я закінчую о 6-й у понеділок і четвер..."
ham,Ти будеш тут заради їжі?
ham,"життя alle mone,eppolum oru pole allalo"
ham,Ніч...
ham,"Два основи крутого життя: «Ходи, ніби ти КОРОЛЬ»...! АБО «Ходи, ніби тобі байдуже, хто б не був КОРОЛЬ»!... Гаразд, зараз"
ham,"Камера досить хороша, 10,1 мегапікселів, 3 оптичні та 5 цифрових об'єктивів. Гарних свят, бережіть себе і сподіваюся, що вам обом вдало вийде подорож! З Новим роком вас обох! Побачимося через пару тижнів!"
ham,"Привіт, Піті! Я в порядку, просто хотів поспілкуватися, бо ми давно не спілкувалися. Сподіваюся, у тебе все добре. Гарно вчишся в JS, люблю тебе. x"
ham,"Я щойно бачив Рона Бургундія, капітаном якого був човник для вечірок, тож так."
ham,Я серйозно. Ти в грошовій базі.
ham,Вже один хлопець тебе кохає :-.
ham,Персонал проходить професійну підготовку в коледжі Амріта.
ham,"Я завжди з тобою спілкуюся. Насправді мені потрібні гроші, ти можеш мені допомогти?"
ham,Мій профіль роботи схожий на BPO..
ham,"Ну, я вже збирався здатися, бо всі вони сказали, що не проводять одноденних вечорів. Я наполегливо шукав такий варіант і знайшов його, але він дуже дешевий, тому заздалегідь перепрошую. Це ж просто місце, де можна переспати, чи не так?"
ham,"Тож ти думаєш, що мені справді варто з ним поговорити? Не телефонувати його начальнику вранці? Я був у цьому місці минулого року, і він сказав мені, куди я можу піти і полагодити машину дешевше. Сьогодні він постійно повторював мені, як сильно сподівається, що я повернуся, як він завжди шкодує, що не взяв мій номер тощо."
ham,Ви готові піти на заняття з додатків?
ham,Проводжу час з братом та його родиною
ham,"Ні, воно прибуде лише о 9-й. Вона каже, що буде там. Я не знаю."
ham,Гей... ти скоро звільняєшся? Ми з Сюйхуеєм працюємо до кінця місяця.
ham,"Вибач за минулу ніч, це була не твоя вина, це була моя вина, чоловік, це було особистое повідомлення чи щось таке! Ти мені дав/дала? Я думаю, ти мав/мала б це зробити."
ham,"Спробуй, друже Нева!!"
ham,"Так, це був би чи не найкращий сценарій"
ham,"У мене сьогодні немає вільного часу, мені треба забрати батьків сьогодні ввечері..."
ham,"""ГЕЙ, ЛЮБИ! ДАЛЕКО 2 РОЗКРУЧИЛИСЯ 2 РОЗГОВОРИЛИ НА ДА МО... МЕРТВИЙ 2 ДА СВІТ. ЦІЛИЙ ДЕНЬ ПРОСПАВ НА ДИВАНІ, МАВ КРУТИЙ NYTHO, ТЕХАС 4 ФОНІН ХОН, ТЕЛЕФОНУЙ 2MWEN IM BK FRMCLOUD 9! J X"""
ham,Надіслати тобі неслухняне фото? :)
spam,"Ви виграли приз у розмірі 1000 гривень стерлінгів або гарантований приз абонента. Це наша остання спроба зв'язатися з вами! Щоб отримати приз, зателефонуйте за номером 09071517866 зараз! 150 стор./хв. POBox10183BhamB64XE"
spam,"Квитки на Різдво та Новий рік вже у продажу в клубі, протягом дня з 10:00 до 20:00, а також у четвер, п'ятницю та суботу ввечері цього тижня. Вони швидко розпродаються!"
ham,"Тайлер (отримує 8-й) має піти незабаром після 9-ї, ти можеш приїхати сюди приблизно за годину?"
ham,"Приготуйся до того, що тебе будуть лупцювати щоночі..."
ham,"Власне, мій мобільний завалений повідомленнями. І я працюю онлайн, де мені потрібно надсилати їм <#> надіслані повідомлення, я поясню вам пізніше."
ham,"Вибачте, я подзвоню пізніше"
ham,Доброго вечора! Як справи?
ham,"Я вдома. Будь ласка, зателефонуйте."
ham,"Ой, бо ми з сестрою сьогодні не обідали, тато пішов кудись... Тож не знаю, чи нам їмо в школі, чи де..."
ham,"Мммм... Було таааак добре прокинутися сьогодні вранці від твоїх слів, коханий/кохана!! Ммм, чорт... Я теж тебе кохаю, мій Леве... *палкий поцілунок з-за моря*"
ham,"Ми раді повідомити, що вашу заявку на широкосмуговий доступ Airtel успішно опрацьовано. Встановлення відбудеться протягом 3 днів."
ham,"Що трапилося, люба? Чому ти мовчиш? Я напружений/напружена."
ham,"Я буду там о 3-й, якщо ви не хочете, щоб я прийшов раніше."
ham,"Якщо ви не кашляєте, то нічого страшного"
ham,"Приходь, 25, перейди до мене."
ham,"Я людина, яка проводить опитування через SMS..."
ham,"Лол, гаразд, спробую надіслати. Будьте обережні, Sprint шалено повільний. Ви, мабуть, отримаєте це завтра."
ham,"Дякую, зустрінемося в понеділок"
ham,"ТАК І З ГАУЕРОМ, ДРУЖЕ, ДЕ Я!?! ЯК ТИ, ЧОЛОВІЧЕ? ВСЕ ДОБРЕ В УЕЛЬСІ, Я ПОВЕРНУСЯ ЗАВТРА. ЦЬОГО ТИЖНЯ? ХТО БУВ У MSG 4? – ВИПАДКОВО!"
spam,"Розпалюй свою дівчину. Отримуй сотні брудних фільмів та XXX фоток на свій телефон зараз. Надсилай FILTH на номер 69669. Saristar Ltd, E14 9YT 08701752560. 450 копійок за 5 днів. Скасувати Stop2."
ham,"Один рядок з великим значенням::::: «Сумуй за всім у своєму «найкращому житті», але не сумуй за своїм найкращим життям ні за що... Гаразд...»"
ham,"У мене є десь $ <#>, але я можу взяти ще пізніше. Бери, що хочеш."
ham,"Тато хотів поговорити про квартиру, тому я почав пізніше, ой-ой, тепер."
ham,Я теж люблю вас обох :-)
ham,"Лол, тобі все ще погано?"
ham,Я тобі зараз скажу 420
ham,по ніс заглибився у філософію
spam,"З наступного місяця отримайте до 50% більше дзвінків. 4 стандартна плата за мережу, 2 активації. Зателефонуйте за номером 9061100010 C Wire3.net 1st4Terms PoBox84 M26 3UZ Вартість грн1.50 хв. MobcudB більше"
ham,"Добре, лор. Я вже в місті, Лей."
ham,У мене це вже було... Сабаріш попросив мене піти...
ham,"Ні, да... Віджай виступатиме на Jaya TV."
spam,"ТЕРМІНОВО! Ми намагаємося зв'язатися з вами. Сьогоднішній розіграш показує, що ви ГАРАНтовано виграли приз у розмірі 800 гривень стерлінгів. Зателефонуйте за номером 09050000460 зі стаціонарного телефону. Претендуйте на J89. поштова скринька 245c, 21:50."
ham,"Лол, я знаю! Гей, хтось на форумах зробив чудову імітацію блохи. Мені це подобається!"
spam,"Надішліть BANNEDUK на номер 89555, щоб побачити! Вартість 150 копійок. Текстовий оператор g696ga 18+ XXX"
ham,"Ще є шанс. Якщо добре пошукати, то знайдеш... спробуємо :)"
spam,"Аукціон, раунд 4. Найвища ставка зараз становить 54 гривні стерлінгів. Наступна максимальна ставка – 71 гривня стерлінгів. Щоб зробити ставку, надішліть СТАВКИ, наприклад, 10 (to ставка 10 гривень стерлінгів) на номер 83383. Удачі."
ham,Ви завжди святкуєте Нью-Йорк зі своєю родиною?
ham,"Ми знаємо ТАДЖ-МАХАЛ як символ кохання. Але є й інші, менш відомі факти: 1. Мумтаз була четвертою дружиною Шах-Джахана з його 7 дружин. 2. Шах-Джахан убив чоловіка Мумтаз, щоб одружитися з нею. 3. Мумтаз померла під час своїх <#> 30 пологів. 4. Потім він одружився з сестрою Мумтаз. Виникає питання, де ж, чорт забирай, КОХАННЯ? :-| -Великий Харі-"
ham,"Все гаразд... приходьте до мене додому, буде приємно познайомитися і поспілкуватися..."
spam,"Заберіть свій вихідний на День святого Валентина до Парижа, включаючи переліт і готель + гарантований приз у розмірі 200 гривень стерлінгів! Надішліть SMS-повідомлення з текстом PARIS на номер 69101. www.rtf.sphosting.com"
ham,Надіслали мені веб-адреси для отримання платіжної відомості
ham,З нею все гаразд. Передає їй вітання.
spam,Пропозиція лояльності для клієнтів: НОВИЙ мобільний телефон Nokia6650 від ЛИШЕ 10 гривень стерлінгів на TXTAUCTION! Надішліть SMS-повідомлення з текстом START на номер 81151 та отримайте свій зараз! 4 умови та умови SMS TC 150 копійок/MTmsg
ham,Але ти так і не зв'язався зі мною.
ham,"Так, зараз їду, скоро повернуся."
spam,"Ви не повірите, але це правда. Це неймовірні текстові повідомлення! Надішліть відповідь G зараз, щоб дізнатися справді дивовижні речі, які вразять вас. Від O2FWD лише 18 копійок/повідомлення."
ham,"Так, звісно, ​​я піду за хвилину"
ham,"І чи є у вас хтось, хто може навчити мене, як перевозити автомобілі?"
ham,"Ознакою зрілості є не те, коли ми починаємо говорити великі речі... А те, коли ми починаємо розуміти дрібниці... *ГАРНОГО ВЕЧОРА* BSLVYL"
ham,"Так, підтверджено, що ви залишитеся на ці вихідні."
ham,"Вони сказали, що в мене немає паспорта чи щось таке... Або просто надішліть на мою електронну пошту..."
ham,"Помножте числа незалежно один від одного та порахуйте десяткові знаки, а потім, для ділення, зсуньте десяткові знаки, як я вам показав."
ham,"Гарної ночі, і коли ви прокинетеся та побачите це повідомлення, сподіваюся, ви посміхнетеся, знаючи, що все так, як має бути. Гарного ранку."
ham,Ард 4 лор...
ham,"Ти маєш рацію. А тим часом, як просувається проект ""близнюки""?"
ham,"Я вчора надіслав твоїй магі ці гроші, о."
spam,Привіт 07734396839 Пропозиція лояльності клієнтів IBH: НОВИЙ мобільний телефон NOKIA6600 від ЛИШЕ 10 гривень стерлінгів на TXTAUCTION! Надішліть SMS-повідомлення зі словом START на номер 81151 та отримайте свій зараз!4T&
ham,"Серце порожнє без кохання.. Розум порожній без мудрості.. Очі порожні без мрій, і життя порожнє без друзів.. Тож будьте завжди на зв'язку. На добраніч і солодких снів."
spam,"Я гарячий та збуджений, і готовий до цього. Я живу поруч з тобою - надішліть відповідь, щоб отримати від мене відповідь. 150 копійок за повідомлення. Netcollex Ltd. Служба підтримки: 02085076972. Зупинити, щоб завершити."
ham,Наша поїздка пройшла так само без пригод — не так багато цих надокучливих велосипедистів навколо о цій порі ночі ;).
ham,"Якби ти був/є вільний, я можу дати. Інакше налла аді ентей наттіл кіттум"
ham,"Я надіслав дружині твоє повідомлення. Після того, як ми їх купимо, вона тобі скаже, що робити. Тож просто розслабся. Нам треба піти за ними цими вихідними."
ham,Я зараз у квест-кінотеатрі. . За кілька хвилин збираюся дивитися KAVALAN.
ham,Скільки коштуватиме найняти кілера
ham,"Я що завгодно, лор..."
ham,"Вибачте, я подзвоню пізніше"
spam,Бажаєте отримати новий кольоровий телефон Nokia 3510i завтра? З 200 безкоштовними хвилинами на будь-який мобільний + 100 безкоштовними текстовими повідомленнями + безкоштовною відеокамерою? Зателефонуйте або відповідайте за номером 08000930705.
ham,"Хм, але я ж не можу піти до вашого дому з порожніми руками, чи не так?"
ham,"Доброго ранку, принцесо! З Новим роком!"
spam,"Вітаємо, ВИ ВИГРАЛИ. Ви стали переможцем нашого серпневого розіграшу призів на 1000 гривень стерлінгів. Зателефонуйте за номером 09066660100 ЗАРАЗ. Код призу 2309."
ham,"Гаразд, ми вирушимо через кілька хвилин"
ham,Тоді що ти зараз робиш? Зайнята роботою з дружиною?
ham,"Я знаю, що в тебе сьогодні поганий настрій"
ham,"Джей мені вже казав, зроблю."
ham,CPS спричиняє перебої для економії енергії.
ham,"Я не впевнений, я просто перевіряв, що відбувається в цьому районі."
ham,"Гей, ранку, про що ти прийшов питати :-) па..."
ham,Джордана вигнали минулої ночі!
ham,"Це означає, що ти отримав оцінку ""відмінно"" з епілепсії, з нею все гаразд. Вона вже тут."
ham,"Я не маю уявлення, де ти"
ham,"Будь ласка, приходьте швидше, не можу цього витримати."
ham,"Батько Джой — Джон. Тоді Джон — ____ батька Джой. Якщо ви відповідаєте на це, у вас є <#> IQ. Це питання IAS, спробуйте відповісти."
ham,Подзвони мені. Я не можу додзвонитися. Давай зустрінемося з Бхаскаром і глибоким...
ham,Ні. Зустрінемося в бібліотеці.
ham,"К, мій сусід по кімнаті також хоче дубляж, і ще один друг може захотіти, тому плануйте взяти з собою додаткові, я скажу вам, коли вони точно знатимуть."
ham,"Залежить від індивідуальних особливостей, перукар каже, що гарна, але мої батьки кажуть, що виглядаєш чудово. Ти кепсьо... Я також не знаю, що вона колекціонує."
ham,"Добре, тоді зроби це."
ham,Я люблю дивитися та грати у футбол і баскетбол. Що завгодно на свіжому повітрі. А ти?
ham,"Чи можете ви, будь ласка, запитати у мачо, який у нього ціновий діапазон, чи хоче він щось нове, чи вживане, плюс він вставляє лише шрифт Blackberry Bold <#> або будь-який інший BB?"
ham,"Вибачте, знову надіслав порожнє повідомлення. Так, але зараз намагаюся серйозно вчитися."
ham,"Гей, перевір це, так. Я перерахував це, так."
spam,8007 25p 4 Пісня Alfie Moon's Children in Need на вашому мобільному. Розкажіть на своїх m8s. Надішліть TONE CHARITY на 8007 для Nokia або POLY CHARITY для полігонів :zed 08701417012 profit 2 charity
ham,"Я мав на увазі вибачення від мене за те, що написав тобі повідомлення, щоб ти купив мені наркотики вночі <#>"
ham,"Це означає, що з лютого по квітень я знайду там житло, щоб мені не довелося метушитися туди-сюди під час сезону прослуховувань, як це було відтоді, як моя сестра переїхала з Гарлему."
ham,"Йду на тренування, бо... Музу втрачати жир..."
ham,"Блін, у бідного Зака ​​немає жодних шансів."
ham,Немає повідомлення..немає відповіді..що сталося?
ham,"Я хочу сказати тобі одну річ, ти не повинен мене хибно розуміти, бо ЦЕ ПОВІДОМЛЕННЯ, ЯКЕ ТИ НАДІСЛАВ :)"
ham,"Так, звісно! Я візьму свою рулетку, п'ятниця!"
ham,"Ще є шанс. Якщо добре пошукати, то знайдеш... спробуємо :)"
ham,"Зустрітися з тобою — це моя робота... Скажи мені, коли мені завтра виконати свою роботу?"
ham,Мені варто йти прямо туди чи що?
spam,Отримайте офіційну поліефірну мелодію дзвінка або кольоровий прапор АНГЛІЇ на свій мобільний телефон для сьогоднішньої гри! Надішліть SMS-повідомлення TONE або FLAG на номер 84199. Відмовитися від SMS-повідомлення ENG STOP Box39822 W111WX грн1.50
ham,"Дякую, принцесо! Ти така сексуальна..."
ham,"Ооо, у мене їх повно!"
ham,Hui Xin знаходиться в da lib.
ham,Це велика різниця. <#> проти <#> кожні <#> години
ham,"Не те щоб ти доводив мене до сліз. Просто коли всі наші справи трапляються на додачу до всього іншого, це доводить мене до краю. Ти не розумієш, як часто я плачу через своє жалюгідне, жалюгідне життя."
ham,"""МИ ДВОЄ, КОХАЧКА, ВІДЧУВАЄМО ТЕ Ж САМЕ, ДАВАЙ ПРОСТО РОЗГОВОРИМОСЯ + ОБИДВО СПРОБУЄМО + ПІДНІМАЙСЯ НАСТРІЙ + НЕ ТАК СИЛЬНО ПІДХОДИМО В ФОРМУ, ЛЮБЛЮ ТЕБЕ, ЛОКАЛЬНО"""
ham,"Ти ж знаєш, що означає ""підключитися"", чи не так?"
spam,"Оголошення від служби підтримки клієнтів. Нещодавно ми намагалися здійснити вам доставку, але не змогли. Будь ласка, зателефонуйте за номером 07090298926, щоб перенести доставку. Номер замовлення: 9307622"
ham,Який номер моделі твого телефону?
ham,"Він зараз справді захоплюється скейтбордингом, незважаючи на те, що його збиває з пантелику, і він кожні п'ять хвилин обмотується бинтами та лайном по всіх руках."
spam,"Ви можете зупинити подальші клубні мелодії, відповівши «STOP MIX». Дивіться умови на my-tone.com/enjoy.html. Вартість клубних мелодій становить 4,50 гривень стерлінгів на тиждень. MFL, PO Box 1146 MK45 2WT (2/3)"
ham,"Мій будинок тут, небо досить темне, ляо... Якщо дощ, то вибачте, не біжи вже... Хі..."
ham,"Вибачте, залишив телефон нагорі. Гаразд, можливо, буде метушня, але я б одразу ж покінчив з цим. Це побачення."
ham,"* Думав, що тебе не бачив."
spam,"Хочеш переспати? Хочеш отримувати реальні місця для сексу на мобільний? Приєднуйся до найбільшої мережі догінгу у Великій Британії. Надішліть SMS-повідомлення ""собаки"" на номер 69696 зараз! nyt. ec2a. 3lp грн1.50/повідомлення."
ham,"Карлос каже, що ми можемо забрати його пізніше, тож так, ми готові."
ham,"Привіт, люба, мій друг мав скасувати зустріч, ти все ще готова до візиту?"
ham,"Згідно з вашим запитом, мелодію виклику для всіх абонентів встановлено «Maangalyam (Alaipayuthe)». Натисніть *9, щоб скопіювати мелодію виклику вашого друга."
ham,"Хм, доведеться подумати про це... гаразд, тобі пробачено! =D"
ham,Ми сподіваємося виїхати з Ленгпорта до 7-ї. Ти ще сьогодні в місті?
ham,Хочеш надіслати мені віртуальні обійми?... Мені потрібні.
ham,"Мабуть, ні, все ще дещо обговорюю тут."
ham,Зараз у неї проблеми. Я виправлю їх для неї до завтра.
ham,"Чому я стаю між вами, люди"
ham,"Група компаній Senthil, кв. 17:00."
ham,"О, справді?? Ти потрапив в ефір? У чому твій талант?"
ham,Навчаюся. Але наступних вихідних я буду вільний.
ham,Ти вже тут? На мені синя сорочка та чорні штани.
ham,Зачекай. Я зараз вийду. <хв:)
ham,Я буду у тебе додому за <#> хвилин
ham,Ну тоді гарних вам вихідних!
ham,"Що ти робиш у Ленгпорті? Вибач, але я, мабуть, буду в ліжку до 21:00. Це жахливо, коли ти хворієш на Різдво! Коли ви їдете до Шрі-Ланки?"
ham,"Дружба - це не просто слово... не просто стосунки... це мовчазна обіцянка, яка каже... ""Я буду з тобою"". Де б не був... Коли б не був... Назавжди... Щиро любий..."
ham,Га? 6 теж не може? Тоді тільки скільки помилок?
ham,"Ха... Ти щойно з'їв мед, чи не так? Такий солодкий..."
ham,"Я вимикаю телефон. Мама всім каже, що в мене рак. А сестра постійно телефонує. Мені боляче говорити. Не можу цього терпіти. Побачимося, коли повернешся додому. Люблю тебе."
ham,"Кохана? Кохана? Люба? Сексуальні булочки? Цукрова слива? Коханець? Я сумую за тобою, хлопче... *ляпає тебе по дупі* Ти теж ходив у спортзал?"
ham,"Дякую, що так мене любиш. Ти супер."
ham,"Так, я прийду, бо Джей хоче вжити наркотиків."
ham,"Добре, дякую... Тоді бережіть себе..."
ham,"Так. Дякую, така нудна річ."
ham,"Приходив подивитися на квартиру, виглядає нормально, йому за 50? * Багато часу проводить у відрядженні через роботу. Також о 6:30 приходить жінка."
ham,"Моджі щойно повідомив мені, що ти врятував нам життя. Дякую."
spam,"Ви виграли Nokia 7250i. Ось що ви отримаєте, якщо виграєте наш БЕЗКОШТОВНИЙ аукціон. Щоб взяти участь, надішліть Nokia на номер 86021 зараз. HG/Suite342/2Lands Row/W1JHL 16+"
ham,Хто це з класу :-)
ham,"Гей, ти ще онлайн? Я закінчив форматування..."
ham,Чудово! То що ж тебе приваблює в бротах?
spam,"Номер акції: 8714714 - UR отримав(-ла) міський відпочинок і міг(-ла) ВИГРАТИ літній шопінг на суму 200 гривень стерлінгів щотижня. Надсилайте SMS-повідомлення STORE на номер 88039. SkilGme. TsCs087147403231Winawk! Вік 16, грн1.50 за тиждень, субтитри"
ham,Дурість. Це неможливо.
ham,"Я зараз не можу відповісти на телефон. Будь ласка, надішліть повідомлення."
ham,"ЛОЛ, що відбувається у Вегасі, залишається у Вегасі"
ham,"Привіт, привіт, привіт, люба, вибач, що так довго не відповідала. Я залишила мобільний у друзів у Ланкастері, щойно отримала його. Ньюей, вибач, що не змогла бути на твоєму дні народження!"
ham,"Коли я використовував soc... Я використовую його лише вдома... Я не знаю, як його набрати у word ar..."
ham,"Тато каже, що треба швидше, чорт забирай."
ham,Розбуди мене о <#> ранку :)
ham,"Я закінчую заняття в bsn приблизно за <#> хвилин, знаєш, де консультування?"
ham,"Чудово! Я стріляю великими вантажами, тож приготуйтеся!"
ham,Зустрінемося у вестибюлі.
ham,Ти ще прийдеш сьогодні ввечері?
ham,"Що трапилося, люба, скажи мені?"
ham,"Пане, я чекаю на ваш дзвінок, будь ласка, зателефонуйте мені, як тільки звільниться."
ham,"Ні, у мене немає жодних фільмів на ноутбуці"
ham,"Я вже збирався це зробити, коли написав повідомлення. Я давно закінчив, прийняв душ і все таке!"
ham,"Добре, я не впевнений, о котрій годині закінчу завтра, але хочу провести вечір з тобою, бо це було б дуже-дуже круто! Люби мене xxx"
ham,Вітаємо! На запит від <#> вам було перераховано 5 рупій
ham,Я в Тіруппурі. Зватиму тебе тато.
spam,"Ви переможець, вас було спеціально обрано для отримання грошової винагороди у розмірі 1000 гривень стерлінгів або премії у розмірі 2000 гривень стерлінгів. Щоб отримати приз, зверніться до оператора за номером 087147123777 з 9:00 до 19:00. Вартість 10 копійок."
ham,С:) але йому трохи пощастило. 2 спійманих м'яча:)
ham,Як я знаю... Ви вказали цей домен як необхідний... Ви все ще в школі...
ham,О... я ж просив заради розваги. Ха-ха... бережи себе.
ham,Можна мені взяти свою сумку?
ham,"Гей, коханче! Я кохаю тебе!! Я мушу сказати... Я дивлюся на твою фотографію і мені боляче відчувати тебе між ніг... Блядь, я хочу тебе... Ти мені потрібна... Я прагну тебе."
ham,"Як там мій хлопчик? Сьогодні вранці для мене не залишилося солодких слів... *зітхає*... Як пройшов твій день, коханий/кохана? Ти вже почав/почала вчитися?"
ham,"Кент Вейл, лор... О, зачекайте мене там, арк?"
ham,Добре. Дуже добре. Головне — заробити ці гроші.
ham,Звичка до читання. Nan bari hudgi yorge pataistha ertini kano:-)
ham,"Гаразд, ти все ще хочеш отримувати гроші?"
spam,Безкоштовний топ-рингтон - підписка на щотижневий рингтон - отримайте перший тиждень безкоштовно - надішліть SUBPOLY на номер 81618 - 3 гривні на тиждень - зупиніть SMS на номер 08718727870
ham,"Добре, добре, добре... тоді... який у тебе план на сьогодні?"
ham,ВИ В МІСТІ? ЦЕ ДУЖЕ ВАЖЛИВО
ham,"Вибач, тату, я не знаю, хто ти, тату?"
ham,Що ти там робиш?
ham,"Якщо я не зустрінуся з тобою за всіма правилами, то я піду додому. Якщо ти не хочеш йти, то нічого страшного."
ham,"О, мені заплатять. Найвидатніший з них — за рекламу Hasbro... у серпні! Вони змусили нас пройти через стільки перешкод, щоб отримати гроші. Досі ні."
ham,"Я запізнююся, тож подзвоню тобі завтра вранці. Бережіть себе, солодких снів... тобі і мені... привіт... бувай."
ham,Спеціаліст з технічної підтримки мереж.
ham,Я вирву собі матку.
ham,Круто. Тобі подобається плавати? У мене вдома є басейн і джакузі.
spam,"Дякуємо за ваше замовлення мелодії дзвінка, номер посилання X49. З вашого мобільного телефону буде стягнуто плату в розмірі 4,50. Якщо ваша мелодія не надійшла, зателефонуйте до служби підтримки клієнтів за номером 09065989182. Від: [colour=red]text[/colour]TXTstar"
ham,"Так, чому б і ні, банда готова?"
ham,Пустота є порожнеча. Але що таке порожнеча? Лол.
ham,Я у фільмі... Збираю авто ордери...
ham,Ми вже вийшли з саду.
spam,"Привіт, 2 ночі, тобі пощастило! Тебе запросили на 2 XCHAT, найдикіший чат у Великій Британії! Надішліть CHAT на номер 86688 зараз! 150 копійок/MsgrcvdHG/Suite342/2Lands/Row/W1J6HL LDN 18 років"
ham,Нічого особливого... про що ти і де ти?
ham,"Ще немає курчати.. Так, я вільна."
ham,"Олдрін, Ракшеш, колишній RTM, тут. Будь ласка, телефонуйте. Терміново."
ham,"Пошук щастя – одне з головних джерел нещастя! Приймай життя таким, яким воно є! Ти знайдеш щастя в кожній миті свого життя."
ham,"Я вдома. Будь ласка, зателефонуйте."
ham,"Гадаю, ти міг би бути таким же гарним виправданням, як і будь-яке інше, лол."
ham,"Хіба дружба не є життєвою необхідністю? Уяви себе без друга... Як би ти почувався/почувалася в коледжі? Що ти робитимеш зі своїм мобільним? Які там твої справи? Думаєш про події, особливо про ті, за якими ти будеш турбуватися, сумувати за тобою та дратуватися? Напиши це всім тим дорогим друзям, без яких ти не можеш жити... Я щойно це зробила... Бережіть себе... :) ДОБРОГО РАНКУ"
ham,"Щиро шановна, гарного дня тобі"
ham,Старий сад біля університету. А як у вас?
ham,"4 тако + 1 буріто з раджасом, так?"
ham,"Вхід коштує 6 гривень, це нормально?"
ham,"Яка вулиця, де кінець бібліотечної алеї?"
ham,"Зверніть увагу: якщо хтось телефонує з мобільного телефону та просить вас набрати # <#> або # <#>, не робіть цього. Закінчіть дзвінок, оскільки це спроба «терориста» скористатися номером SIM-картки. Це підтвердили Nokia та Motorola, а також CNN IBN."
ham,Ми зупинилися купити морозива і повернемося пізніше.
ham,Ти пошила йому штани?
ham,"Ні, да... Віджай виступатиме на Jaya TV."
spam,2/2 146tf150p
ham,"Гей, мені нудно... Тож я думаю про тебе... То що ти робиш?"
ham,"Ні, середа. Коли мені принести пакетик міні-чіпсів?"
ham,"Ніхто не називає свій пеніс жіночим іменем, ця історія взагалі не має нічого спільного."
ham,"Добре, дай мені знати, коли будеш десь поруч з USSF."
ham,Я ні. Вона синхронізувала губи з Шангелою.
ham,"Нева, розкажи мені, як я... Я не вдома в цьому після..."
ham,"Частинка твоєї посмішки — це моє щастя, крапля твоєї сльози — це мій смуток, частинка твого серця — це моє життя, серце, як моє, піклуватиметься про тебе вічно, як про мого ДОБРОГО ДРУГА."
spam,"Шановний власнику ваучера 2, отримайте свої пропуски до лаунжу аеропорту 1-го класу, використовуючи свій ваучер на відпустку, зателефонуйте за номером 08704439680. Під час бронювання вкажіть 1-й клас x 2"
ham,"Базз! Привіт, коханий мій! Я думаю про тебе і сподіваюся, що твій день пройде добре. Ти довго спав? Я сумую за тобою, любий. Я прагну тієї миті, коли ми знову будемо разом *любляча посмішка*"
ham,"Ха-ха... Звучить божевільно, не знаю, як більше..."
ham,Чому ти так рано встаєш?
ham,"Так, цей повільний, як лайно."
spam,Bloomberg - Центр повідомлень +447797706009 Навіщо чекати? Подайте заявку на майбутнє http://careers.bloomberg.com
ham,"""Я на Глостерроуд, що робитимеш пізніше?"""
ham,Так :) тут телевізор завжди доступний на робочому місці..
spam,"ТАК! Єдине місце в місті, де можна познайомитися з захопливими дорослими самотніми людьми, тепер у Великій Британії. Надішліть SMS-повідомлення в ЧАТІ на номер 86688 зараз! 150 копійок/повідомлення."
ham,"Лол, ні, ой, але шкода, що я не залишився трохи довше"
ham,"БОГ ЗАПИТАВ: «Що таке прощення?» Маленька дитина мило відповіла: «Це чудовий плід, який дає дерево, коли його ранить камінь... На добраніч...»"
ham,Ми приєднаємося до автобуса <#>
ham,"Якраз хотів запитати. Залишу цей. Можливо, тому ти не отримав усіх повідомлень, які ми тобі надіслали на glo."
spam,"БЕЗКОШТОВНО протягом першого тижня! №1 Nokia тон 4, ваш мобільний щотижня, просто надсилайте SMS NOKIA на номер 8007. Отримуйте SMS та розповідайте своїм друзям. www.getzed.co.uk POBox 36504 W45WQ норм 150 копійок/тон 16+"
ham,Кі надішле через <#> хв :)
ham,"Чи допоможу я тобі викурити, щоб ми пережили цей важкий час?"
spam,"Хтось із ваших знайомих попросив нашу службу знайомств зв'язатися з вами! Не можете вгадати хто? ТЕЛЕФОНУЙТЕ 09058095107 ЗАРАЗ все стане відомо. А/с 7, S3XY 150 копійок"
ham,"Так, мама виглядає сильною :)"
ham,"Доброго ранку, як тільки звільнитеся, зателефонуйте мені."
ham,Де ти мене кличеш?
ham,"Було дуже важко побачити це повідомлення. То коли ти йдеш? Вітаю, люба. Яка школа і які в тебе плани?"
ham,"Чудово! Дівчата в офісі можуть дивуватися, чому ти посміхаєшся, але в тебе болить..."
ham,"Привіт, ласкаво просимо назад, цікаво, чи тебе не з'їв лев чи щось таке, нічого особливого."
ham,Чи допомагає дядько Тімі розчищати машини?
ham,"Я приїхав до гуртожитку. Я йду спати. Будь ласка, зателефонуй мені перед заняттям, Хріші."
ham,Добре... Але знову сумка...
ham,"Привіт! Ви щойно розмовляли з МАНІШОЮ В. Ми хотіли б знати, чи ви задоволені нашим досвідом. Дайте відповідь на безкоштовний номер, скориставшись відповіддю «Так» або «Ні»."
ham,"Добре, друже. Напиши мені, перш ніж ти подзвониш."
spam,"Міла, 23 роки, блондинка, щойно переїхала з Великої Британії. Шукаю секс з британськими хлопцями. Якщо хочеш розважитися зі мною, надішліть MTALK на номер 69866.18. 30 сторінок/текст, перші 5 безкоштовно. Крок грн1.50. Довідка 08718728876"
ham,"Одного разу рибалка прокинувся рано вранці. Було дуже темно. Він почекав трохи і знайшов мішок, повний каміння. Він почав кидати його в море, щоб скоротати час. Врешті-решт у нього був лише один камінь, зійшло сонце, і він дізнався, що це не каміння, а діаманти. Мораль: «Не прокидайся рано вранці». На добраніч."
spam,"Виграйте 200 покупок, просто зателефонуйте за номером 08717895698 зараз! Ви виграли? MobStoreQuiz10 ppm"
ham,Тоді твоя фізика отримає-?
ham,"Дорогі друзі, вибачте за пізню інформацію. Сьогодні день народження нашого любого Ар.Правіша. Щоб дізнатися більше, зайдіть у Facebook та перегляньте. Це його номер + <#>. Не пропустіть смачні ласощі."
ham,Як ти збираєшся мені це надіслати?
ham,Чи можна здійснювати онлайн-транзакції?
ham,"Любий, отримав поїзд і сидіння моє нижнє сидіння"
ham,"Дайте мені знати, якщо вам ще щось потрібно. Салат, десерт чи щось таке... Скільки пива мені взяти?"
ham,Що ти робиш?
ham,ХТО ТИ НЕЙМОВІРНИЙ.
spam,"Хочете підбадьорити свій телефон щотижневими новими мелодіями? Надішліть відповідь на TONES2U 2 на це повідомлення. www.ringtones.co.uk, оригінальні та найкращі. Мелодії. Діють тарифи оператора мережі 3GBP."
ham,"Ти впевнений, що не маєш на увазі ""іди сюди, ми ж тебе змусили тримати всю траву""?"
ham,"Я кохаю тебе!!! Знаєш? Ти відчуваєш це? Чи зігріває це твій живіт? Шкода, що так, моя кохана... Я зустріну тебе у твоїх снах, Ахмаде... *люблячий поцілунок*"
spam,"Молодці, ведмеді, щурі, скіни та спортсмени вже телефонують. Не пропустіть веселощі вихідних. Телефонуйте за номером 08712466669 по 10 копійок/хв. 2 текстові повідомлення, телефонуйте за номером 08712460324 (національність)"
ham,Обожаю! Я хочу залити цю гарненьку кицьку спермою...
ham,"Гей, ти на мене сердишся? Дай мені відповідь, докторе."
ham,"Коротко, але мило: «Будь хорошою людиною, але не намагайся це довести...». Доброго дня...."
ham,"Також пам'ятайте, що намистини не знімаються. Ніколи."
ham,"У розділі списку бажань на форумах є тема, де люди пишуть запити на нітро. Почніть з останньої сторінки та збирайте знизу вгору."
ham,"Вперше в історії «потреба», «комфорт» та «розкіш» продаються в Індії за однаковою ціною..!! Цибуля - рупії <#> Бензин - рупії <#> Пиво - рупії <#> ШЕСІЛ <#>"
ham,"Лютий <#> — день «Я КОХАЮ ТЕБЕ». Надішліть це всім своїм «ЦІННИМ ДРУЗЯМ», навіть мені. Якщо повернеться 3, то ви одружитеся з людиною, яку любите! Якщо ви проігноруєте це, то втратите свою любов 4 рази."
ham,"Власне, nvm, у мене купа готівки, ми ще приблизно на <#>?"
spam,"Ми намагалися зв'язатися з вами щодо вашої відповіді на нашу пропозицію: відеотелефон? 750 хвилин у будь-який час, будь-які мережі? НЕОБМЕЖЕНІ SMS? Відеокамера? Дайте відповідь або зателефонуйте за номером 08000930705 ЗАРАЗ."
ham,"Все гаразд, принаймні Арманд ще тут."
ham,"Ні, так. Я радий, що ми сидимо разом."
ham,"Так, пісня, бро. Без креативу. Якість тесту Нева. Він сказав перевірити огляд онлайн."
ham,"Ні, чувак, це не підробка... мої друзі отримали гроші, ось тобі я рекомендую... якщо ти зареєструєшся з моїм посиланням на пошту, тобі нарахують <#> рупій, і я отримаю <#> рупій... я можу зняти свій рахунок, якщо це <#> рупій..."
ham,"Чувак, поки ми готували ті дивні брауні, моя сестра спекла приголомшливе печиво. Я зробив фотографії."
spam,"ТЕРМІНОВО! Ми намагаємося зв'язатися з вами. Розіграш минулих вихідних показав, що ви ГАРАНтовано виграли приз у розмірі 900 гривень стерлінгів. Зателефонуйте за номером 09061701851. Отримайте код K61. Дійсний лише 12 годин."
ham,"Будь ласка, не обмежуйте її в їжі, яку вона любить, протягом наступних двох днів."
ham,"Хм, достатньо попросити його прийти :-)"
ham,У похоронному бюро з Одрі та татом
ham,"Добре, можеш надіслати мені адресу?"
ham,"Чудово! Шкода, що ми зараз не разом!"
ham,"Так, тоді 7:30 або 8:30 підійде для льодовикового періоду."
ham,"Будь ласка, я не вірю в Бога, не тільки в Ісуса."
ham,"Можна. Не знаю, як отримати 4 її..."
ham,"Ще ні, чіку... тоді що той хлопець зробив? Він перестав дратувати тебе чи писати тобі повідомлення.."
ham,"Скільки часу потрібно, щоб це отримати."
ham,Це мій номер від Вівека..
spam,"74355 Наближається Різдво, і ви отримаєте або подарункові сертифікати на компакт-диск на 500 гривень стерлінгів, або безкоштовний вхід 2 або щотижневий розіграш на 100 гривень стерлінгів, надішліть SMS-повідомлення MUSIC на номер 87066 TnC"
ham,"Вибач, брате, щойно закінчив останній з моїх іспитів, що сталося?"
ham,"Мене заарештували за зберігання о, я тебе не ображаю, <TIME> вечора"
ham,"Хоча ти маєш рацію. Я не можу дати тобі потрібного простору. Це справді починає перетворюватися на проблему. Я збирався запропонувати остаточно переїхати — якщо я ще там буду — після Греції. Але, можливо, ти готовий і тобі варто зробити це зараз."
ham,Тільки тут все звичайне :)
ham,"Будь ласка, захистіть себе від електронних загроз. SIB ніколи не запитує конфіденційну інформацію, таку як паролі, PIN-коди банкоматів/SMS, через електронну пошту. Ніколи нікому не повідомляйте свій пароль."
ham,"Я так сильно сумую за тобою, я у такому відчаї, що записала повідомлення, яке ти мені залишив нещодавно, і слухаю його, просто щоб почути звук твого голосу. Я кохаю тебе."
ham,Привіт. Я завжди онлайн на Yahoo і хотів би колись з тобою поспілкуватися.
ham,"Доброго ранку, мій дідусь помер... тому я сьогодні у відпустці."
spam,"Вітаємо! Ви можете отримати 2 VIP-квитки в ряд A, 2 квитки C Blu на концерт у листопаді або гарантований подарунок Blu. Телефонуйте за номером 09061104276, щоб отримати умови та положення. www.smsco.net вартість максимум грн3.75."
ham,"Де ти? Що ти робиш? Ти працюєш над тим, щоб доставити комп'ютер до мами? Ти знайшов місце, де він міг би працювати? Ти мені потрібен."
ham,"Звісно, ​​я подивлюся, чи зможу я зайти трохи згодом."
ham,"Я згоден. Тож я можу перестати думати про iPad. Чи можете ви, будь ласка, поставити мачо те саме питання?"
ham,"Давайте об'єднаємо наші гроші та купимо купу лотерейних квитків. Якщо ми виграємо, я отримаю <#> %, а ви отримаєте <#> %. Домовилися?"
ham,Добре.
ham,Я поставив це питання кілька годин тому. Це відповідь.
ham,"Дивлюся телевізор, Лор. Гарний жарт, тоді мені подобається Лор."
ham,"Я думаю, що Ченнаї забув прийти на аукціон.."
ham,Тоді ти приїдеш і забереш мене о 5:30 ар?
ham,Рання пташка! Вже є якісь покупки?
ham,"Пішов сплатити орендну плату. Тож мені довелося йти до банку, щоб авторизувати платіж."
ham,"Емм... я заїду за тобою приблизно о 18:45. Цього часу буде достатньо, щоб дістатися туди, припаркуватися та все таке."
ham,"ГЕЙ, ДРУЖЕ! ЯК ТИ, КОХА? ГАРНО ПРОВЕДАВ ВІДПУСТКУ? ДАЙ ТОБЕ БОЖЕ! x"
ham,"Який біль! Сьогодні він пройде. Зроби, як я сказав учора. Лід та ліки."
ham,"Чилі, будь ласка! Мені потрібно лише <DECIMAL> година їзди. Я постійно їжджу сюди і буду здавати житло в суборенду з лютого по квітень на сезон прослуховувань."
ham,"Так, мамо... життя робить багато поворотів, ти можеш лише сидіти і намагатися тримати кермо..."
ham,"Так, я так і думав, дай мені знати, чи щось буде пізніше."
ham,"Ммм... Не можу дочекатися, щоб його лизнути!"
ham,"Будь ласка, сходіть туди сьогодні <#>. Я не хочу жодних виправдань."
spam,"Фентезі-футбол повертається на ваші телевізори. Перейдіть на Sky Gamestar на Sky Active та зіграйте в Dream Team на 250 тисяч гривень стерлінгів. Підрахунок очок починається в суботу, тож реєструйтесь зараз! ВІДМОВА ВІД SKY на номер 88088"
ham,"Чи можете ви, будь ласка, сказати мені відповідь? BSLVYL надіслано через fullonsms.com"
ham,Ти сам у місті?
ham,Я з нетерпінням чекаю всіх цих сексуальних обіймів.. Залишилося лише два сни.
ham,У нас є універсал :)тому не обов'язково :)
ham,"Ні, це правда... к, ти знаєш, що це ні? <#>"
ham,"Не хвилюйся, одного разу приїде дуже велика ламбу-джі... а потім насолоджуйся вечіркою Batchlor :-)"
ham,"О так... Відкрито хіп-хоп. Ха-ха, я думав, можна піти на джаз, а потім у Зумі подивитися кіно... Власне, сьогодні ввечері я вільний, Ле... І сьогодні ввечері урок KB."
spam,"Безкоштовне повідомлення: Самотні? Знайдіть партнера у вашому регіоні! Тисячі реальних людей чекають на спілкування зараз! Надішліть ЧАТ на номер 62220, заблокуйте, надішліть STOPCS на номер 08717890890, грн1.50 за повідомлення"
ham,Зі мною все гаразд. Завтра зроблю свою частину роботи.
ham,"Ні! Але ми знайшли інший фермерський магазин, щоб купити трохи сиру. Зараз повертаємося, можна зайти?"
ham,Ви все ще працюєте зараз?
spam,"Виграйте найновіший «Гаррі Поттер і Орден Фенікса (Книга 5)», дайте відповідь на запитання ГАРРІ, дайте відповідь на 5 запитань — шанс стати першим серед читачів!"
ham,Так. Мені подобаються рожеві меблі.
spam,Безкоштовне повідомлення: Рінгтон! З: http://tms.widelive.com/index.wml?id=1b6a5ecef91ff9*37819&first=true18:0430-JUL-05
ham,"Місце для клієнтів, я вам зателефоную, сер."
spam,"О, Боже мій! Я знову знайшла твій номер! Я так рада, напиши мені у відповідь xafter цього повідомлення cst std ntwk chg грн1.50"
ham,"Людина з чистим серцем може мати чудову посмішку, яка змусить навіть її ворогів почуватися винними за те, що вони є ворогами. Тож захоплюйте світ своєю посмішкою..:) ДОБРОГО РАНКУ ТА УСПІШНОЇ НЕДІЛІ..:)"
ham,"ЦЕ ДУЖЕ ЧУДОВО, ДІВЧИНО, ТИ ЗНАЄШ, ЩО ГЕЙЛ — ЦЕ НЕ ТА ЩО НЕ ТАК!! БУДЬ МИЛА, МИЛА, І НЕ ХВИЛЮЙСЯ. CU L8TR HUN! ЛЮБЛЮ Yaxxx"
ham,"Теоретично, так, він міг би прийти."
ham,"Добре, ми підключені, а де ви, хлопці?"
ham,"Наскільки мені відомо, більшість людей тут досі за містом"
ham,"Ні, дозволь мені порахувати. Ти не дуже добре в цьому розбираєшся."
ham,"О, добре, зачекайте мене... Моя лекція ще не закінчилася."
ham,"Так, мого звичайного хлопця немає в місті, але точно є знайомі."
ham,"Я сьогодні офіційно приєднуюся. Будь ласка, продовжуйте молитися. Поговоримо пізніше."
ham,"Щасливе чи сумне, одне в минулому - ""Його більше немає"". ДОБРОГО РАНКУ :-):-)."
ham,Ні. Ви надсилали їм мультимедійне повідомлення чи електронного листа?
ham,"Гаразд, але я тебе злякався, що ти скажеш, що я товста... Тоді ти вже мене не хочеш..."
ham,ти отримав це повідомлення?
ham,"Вибачте, сер, я зателефоную вам завтра. senthil.hsbc"
ham,"Що тобі потрібно. У тебе є людина, якій ти можеш дати."
ham,"Вона залишила це дуже розпливчасто. Вона просто сказала, що повідомить працівника бухгалтерії про затримку орендної плати, і що мені слід обговорити з житловим агентством можливість оренди іншого житла. Але я зараз перевіряю онлайн, і всі місця поблизу USC є в наявності."
ham,"Привіт, Хуане. Я повертаюся додому в п'ятницю. Звісно, ​​я очікую вітальну вечірку та купу подарунків. Я тобі зателефоную, коли повернуся. З великою любов'ю, Нікі xxxxxxxxx"
ham,"Чи можете ви, будь ласка, сказати мені відповідь? BSLVYL надіслано через fullonsms.com"
ham,"Коротко, але мило: «Будь хорошою людиною, але не намагайся це довести...». Доброго дня...."
ham,"У Gumby's є акція: сирна піца коштує 2 долари, тож я знаю, що ми робимо сьогодні ввечері."
spam,Посилання на ваше зображення надіслано. Ви також можете скористатися посиланням http://alto18.co.uk/wave/wave.asp?o=44345
ham,Як особистий розмір чи щось таке
ham,"Те саме, я на річниці моєї двоюрідної бабусі в Тарпон-Спрінгс."
ham,Таксі доступне. Вони забирають і висаджують біля дверей.
ham,Гаразд... бережи себе. Тобі теж...
ham,Необмежена кількість текстових повідомлень. Обмежена кількість хвилин.
spam,"Подвійні хвилини та 1000 текстових повідомлень на тарифах Orange. Найновіші телефони Motorola, SonyEricsson та Nokia з Bluetooth БЕЗКОШТОВНО! Телефонуйте MobileUpd8 за номером 08000839402 або call2optout/HF8"
ham,Немає проблем. Ми проведемо багато якісного часу разом...
spam,"ТЕРМІНОВО Це наша друга спроба зв'язатися з вами. Ваш приз у розмірі 900 гривень стерлінгів, отриманий ВЧОРА, все ще очікує на отримання. Щоб отримати його, ТЕЛЕФОНУЙТЕ ЗАРАЗ 09061702893. ACL03530150PM"
ham,Ви отримали новини з цього тижня?
spam,"Шановний Дейве, це твоє останнє повідомлення для отримання твого 4* відпочинку на Тенерифе або грошової винагороди №5000! Зателефонуй за номером 09061743806 зі стаціонарного телефону. TCs SAE Box326 CW25WX 150 стор./хв."
ham,Так. Останнє тренування.
spam,"каже вам 2, зателефонуйте за номером 09066358152, щоб отримати приз у розмірі 5000 гривень стерлінгів. Вам потрібно ввести всі свої мобільні та особисті дані відповідно до підказок. Обережно!"
ham,Ні. Дякую. Ви були чудові.
ham,"Інакше мала роботу за сумісництвом, пов'язану з навчанням.."
ham,"Тобто, це підтверджено... Я думаю, вони просто кажуть, що вони... Гаразд тоді..."
ham,Окі
ham,"Це залежить від ситуації. Як би ви хотіли, щоб до вас ставилися? :)"
ham,"Так ні, чувак, побачимося пізніше."
ham,"Чекаю в машині на маму, друже. Ти вже додому?"
spam,"Ваш обліковий запис за 2004 рік за номером 07XXXXXXXXX показує 786 невикористаних балів. Щоб отримати їх, зателефонуйте за номером 08719181259. Ідентифікаційний код: XXXXX. Термін дії до 26.03.05."
spam,"Бажаєте новий відеотелефон? 750 хвилин у будь-який час або будь-яку мережу? Оренда лінії за півціни? Відеокамера? Зателефонуйте за номером 08000930705 або дайте відповідь, щоб отримати його завтра."
ham,"Міцно заснув, любий. Бережи себе."
ham,"Ні, це просто означає, що в тебе товста голова."
ham,Звучить як план! Кардіфф все ще тут і все ще холодно! Я сиджу на радіаторі!
ham,"Серйозно? Що, типу, як правильно її облизати язиком"
ham,"Вона молодець. Вона хотіла подумати, чи не привітаєшся ти, але зараз посміхається. То як ти справляєшся з довгою відстанню?"
ham,Як я знаю... Вона зараз у машині... Пізніше тоді... На мені шорти...
spam,У вас є важливе оголошення для служби підтримки клієнтів. Зателефонуйте БЕЗКОШТОВНО за номером 0800 542 0825 зараз!
ham,"Та хай там що, лол"
ham,"Сьогодні ДЕНЬ ПРИЙНЯТТЯ.. Ти приймаєш мене як? Брата, Сестру, Коханого/Кохану 1, Найкращого/Близьку 1, Закохану/Заміжню, Щиру френдку, Милу френдку, Партнера подружнього життя, Кохану/Сестру, Найкращу френдку. Ні, просто ворога."
ham,"Ард 530 лор. Я добре, тоді напиши мені."
ham,Добре. Тоді візьми.
ham,"Ем, у твого ноутбука немає стокових лей... Він каже, мабуть, приходь ще подивитися, бо в мене немає..."
ham,"Не потрібно тримати ци... Ü надто нудно, і ти раптом подумав про це..."
ham,"Шкода! Не думаю, що буде так багато снігу. Але його буде більше, ніж ті зливи, які зазвичай бувають, що тануть, перш ніж досягнуть землі. Фу! У нас не було снігу з тих пір, як я народився!"
spam,"БЕЗКОШТОВНА>Мелодія дзвінка! Відповідайте REAL або POLY, наприклад, REAL1 1. PushButton 2. DontCha 3. BabyGoodbye 4. GoldDigger 5. WeBeBurnin 1-ша мелодія БЕЗКОШТОВНО та ще 6, якщо ви приєднаєтесь за грн3/тиждень"
ham,"Зробіть одну річ! Змініть це речення на: «Оскільки я хочу зосередитися на своїй освітній кар'єрі, я йду звідси...»"
ham,"О, справді? Виступити, написати статтю, піти в кіно І бути вдома до півночі, га?"
ham,"Гаразд, лор... Чи відпустять вони нас, а ні? Бо вони дізнаються пізніше. Ми ж кидаємо наші карти в скриньку, так?"
ham,Як? В Іззіті все ще дощить?
ham,Ніби мені вже й так не вистачало проблем зі сном.
ham,"Я ще не додав ü, правда ж.."
ham,"Лол... Мені справді потрібно пам'ятати про їжу, коли я п'ю, але я вдячна тобі, люба, що склала мені компанію тієї ночі *посміхається*"
ham,Любий? Я тебе втратив... Спробуєш перезавантажити?
ham,"Так. Майже не можеш, ага."
ham,"Гадаю, тобі треба йти додому самому. Бо я піду купувати подарунки для друзів."
ham,Нііііі мені буде нудно до смерті цілий день. Відключення кабельного телебачення та інтернету.
ham,"Тож! Будь ласка, будь ласка, дайте будь-яку суму, яку зможу отримати."
ham,"Граєш у космічний покер, чи не так?"
ham,Чому Гоян пішов і сказав їй? Тоді ти їй сказав?
ham,Тобі потрібно встати. Зараз же.
ham,Вони дають другий шанс Рахулу Денгрі.
ham,"Так, насправді він щойно годину тому запитав, чи нам щось потрібно. Коли і скільки?"
ham,КОЛИ ПЕРШИЙ УДАР ЧЕРВОНИЙ. ПТАХ + АНТИЛОПА ПОЧИНАЮТЬ ГРАТИ НА ПОЛІ САМОСТІЙНОСТІ. ВІРТЕ В ЦЕ + КВІТКА СУПЕРЕЧЕННЯ РОСТЕ. ВИПАДКОВО!
ham,Ви хочете туди піти? До лікаря?
ham,У тата зараз є бб?
spam,"Безкоштовне повідомлення: отримайте мелодію дзвінка Gnarls Barkleys ""Crazy"" АБСОЛЮТНО БЕЗКОШТОВНО, просто дайте відповідь GO на це повідомлення прямо зараз!"
ham,"Вона на межі, але хай там як."
ham,Мені зателефонували зі стаціонарного телефону... Мене попросили прийти до Анна Нагар... Я піду вдень...
ham,"До 5:45, лор... Так, можемо повечеряти разом вчотирьох..."
ham,Я буду ніжною принцесою! Ми будемо кохатися ніжно і солодко...
ham,"Як справи, дівчинко?? Сподіваюся, що з тобою все гаразд? Щоразу, коли я дзвоню, твій телефон вимкнений! Я сумую за тобою, зв'яжися."
ham,"Вибач, рано лягла спати, сьогодні ввечері"
ham,"Мені подобається думати, що завжди є можливість опинитися в пабі пізніше."
ham,"Хм, так, якщо ти ще не надто розважився! І я з нетерпінням чекаю на свою гривняову спеку :)"
ham,"Мені потрібно записати відео, щоб люди написали повідомлення, лор. Ти такий вільний, хочеш мені допомогти? Гей... Бо я ноу, ти хочеш дивитися ""Пекельні справи"", тож запрошую тебе. Запитую Шухуей Осо."
ham,"Привіт, чувак, як ти сьогодні дуже сумуєш?"
ham,"Я голодний, купи трохи їжі, гарний лей... Але мама й Юнь Дун хочеш купити трохи..."
spam,"Відмовили в кредиті? Забезпечений чи незабезпечений? Не можете отримати кредит? Зателефонуйте безкоштовно зараз за номером 0800 195 6669 або надішліть SMS-повідомлення зі словом «допомога», і ми допоможемо!"
ham,"Я, мабуть, сьогодні взагалі нічого не їстиму. Думаю, я піду поїду. Як пройшли твої вихідні? Ти сумував за мною?"
ham,Я так і знав... Ти сьогодні так пізно спав? Прокинувся так пізно...
ham,Ха-ха... не сердься на себе... Сприймай це як тренування для справжньої справи. =)
ham,Де це одноденне тренування? :-)
ham,Щоб я міг цілувати тебе і відчувати поруч зі мною...
ham,"Гарного дня, моя люба."
ham,Я надіслав дані Еканкара Ланре Фейка на поштову скриньку.
ham,Твій тато повернувся до роботи?
spam,Вас спеціально відібрали для отримання нагороди «3000»! Зателефонуйте за номером 08712402050 ДО закриття ліній. Вартість 10 стор. за хвилину. 16+. Діють правила та умови. Акція AG.
ham,"Якщо ви її запитаєте або вона щось скаже, будь ласка, напишіть."
ham,"Якщо час підходить, то я йду туди..."
ham,"Люблю тебе, Ааті... дуже люблю тебе.."
ham,"Я просто дзвонив, щоб привітатися. Бережи себе, друже!"
spam,"ВИ ВИГРАЛИ! Як цінний клієнт Vodafone, наш комп'ютер обрав ВАС, щоб ви виграли приз у розмірі 150 гривень стерлінгів. Отримати приз легко. Просто зателефонуйте за номером 09061743386"
ham,Ви увімкнули обігрівач? Обігрівач був увімкнений і встановлений на <#> градусів.
ham,"Дякую за ваше повідомлення. Я дуже ціную вашу жертву. Я не впевнений щодо процесу прямої оплати, але дізнаюся, коли буду завтра повертатися з іспиту. Я зараз на заняттях. Гарного вам дня."
ham,"Ось у чому проблема з добре пройденими заняттями — тобі потрібен якийсь хитрий... Чекаю на мій... Побачимося на одужанні, в той самий час, у тому самому місці."
spam,"Безкоштовні відеокамери на телефонах з орендою лінії за півціни на 12 місяців та 500 хвилин міждзвінків, 100 текстових повідомлень. Телефонуйте за номером MobileUpd8 08001950382 або Call2OptOut/674&"
ham,ЩО ТИ ЗАГАЛОМ?
ham,"Нічого, побачимося завтра"
ham,"Зрозуміло. Ми, мабуть, залишимося десь через 20..."
ham,"Ти думаєш, що якась дівчина зробить тобі сьогодні пропозицію, побачивши твоє кляте кляте кляте обличчя..............аааааааааааа............."
ham,"Шкода, що ти не тут. Я почуваюся такою самотньою."
spam,НОВА чудова пропозиція – ПОДВІЙНІ хвилини та ПОДВІЙНІ текстові повідомлення на найкращих тарифах Orange ТА отримайте найновіші телефони з камерами 4 БЕЗКОШТОВНО! Зателефонуйте безкоштовно до MobileUpd8 за номером 08000839402 ЗАРАЗ! або ознайомтеся з правилами та умовами 2stoptxt
ham,"Причина в тому, що якщо нарешті є кошти в командному бюджеті, вони купують непроданих гравців за базовою ціною."
ham,"СЕРІ, ТИ БУНТАР! МРІЙ МЕНЕ, МАЛЕНЬКИЙ ДРУЖЕ!! З ТИ МОРО! КОМУ ПОТРІБНІ ХЛОПЦІ?"
spam,ringtoneking 84484
ham,"Хм, я не можу придумати більше, скільки у нас сторінок?"
ham,"Його друзі йдуть, потім він додому. Не сам з мамою та сестрою."
ham,Автоцентр Nationwide (чи щось подібне) на Ньюпорт-роуд. Мені там сподобалося.
ham,"Гей, я сумував за тобою минулої ночі, бо мій телефон був на зарядці... *посміхається*... Я скоро зустрінуся з другом/подругою."
ham,"Ну що завгодно, Джуліано. Роби, що хочеш."
ham,"Дружба — це не гра, це не слово, вона не починається у березні та не закінчується у травні, вона є завтра, вчора, сьогодні і знову..."
spam,Клуб рингтонів: 8 нових полігонів прямо на ваш мобільний щотижня!
ham,"Привіт. Мабуть, вже в місті. Це... Тож не поспішай додому, я їм начос. Повідомлю тобі, коли будеш."
ham,"Гаразд, друже. У будь-якому разі, я думаю, що ми не можемо зараз отримати квитки, бо вже досить пізно. Хочеш піти подивитися на своїх друзів, а ні? Даррен зараз з ними..."
spam,(Банк граніту випускає акцію «Strong-Buy») ВИБУХОВА ПРОПОЗИЦІЯ ДЛЯ НАШИХ УЧАСНИКІВ *****ЗРОСТА НА ПОНАД 300% *********** Символ Nasdaq CDGT Це $5.00 за..
ham,Я йду до твого дому
ham,"Гм, гаразд, я запитаю своїх сусідів по квартирі, коли повернуся."
ham,"Німбомсони. Так, телефон знає це. Звісно, ​​бо це справжнє слово."
ham,Я люблю обійматися! Я хочу зараз тримати тебе у своїх міцних обіймах...
ham,Ви на цьому континенті?
ham,"Ми заплатимо вам приблизно <#> років, тож це не надто складно"
spam,"Нудьгуючі домогосподарки! Спілкуйтеся та зустрічайтеся зараз! 0871750.77.11! Національний тариф BT 10 копійок/хв, лише зі стаціонарних телефонів!"
spam,"Ми намагалися зателефонувати вам щодо вашої відповіді на наше SMS-повідомлення щодо відео на мобільний телефон, 750 хвилин без обмежень, текстові повідомлення, безкоштовна відеокамера. Відповісти або зателефонувати зараз 08000930705, чт"
ham,К...к...коли ти даси частування?
spam,"Ми вже вдруге намагаємося зв'язатися з вами. Ви виграли приз у розмірі 400 гривень стерлінгів. Отримати приз легко, просто зателефонуйте за номером 087104711148 ЗАРАЗ! Всього 10 копійок за хвилину. BT-національний тариф."
ham,"Він просто даремно хвилюватиметься. І грошей тобі не дасть, це марно."
ham,Ти отримав якийсь подарунок? Цього року я нічого не отримав. Так погано.
ham,"Десь там, під блідим місячним світлом, хтось думає про тебе, десь там, де мрії збуваються... на добраніч і солодких снів"
ham,"Ну, вимальовується звичка: мої друзі радять мені під'їхати та покурити з ними, а потім кажуть, що я фанат травички/змушую їх курити забагато/заважаю їм займатися іншими справами, тож бачите, як я вагаюся."
ham,", ну ти де. Я заплатив 60 400 тисяч. Я сказав, що ти подзвониш."
ham,"Я ВСЕ ГАРНО, ДІТКИ, Я НЕ ВСТАВАВ ДАВНО! ВЧОРА БАЧИВ СТРАШНЕ ФІЛЬМ, ВІН ДОСИТЬ СМІШНИЙ! ХОЧЕШ ПООБІД? У МІСТІ, ТОРГОВОМУ ЦЕНТРІ, АБО ЩОСЬ ТАКОЖ? xx"
ham,Я добираюся додому за 5 хвилин.
ham,"Забув, що ти сьогодні працюєш! Хочу поспілкуватися, але все гаразд, тож напиши мені, коли будеш вільний/нудно тощо, і я подзвоню. Сподіваюся, все добре, есе про ніс та все таке інше xx"
ham,"Ха... Тоді нам доведеться всюди ходити пішки... Не можна їздити трамваєм. Мій двоюрідний брат сказав, що можна дійти до Віктор-маркету від нашого готелю пішки."
spam,"Хочете виграти зустріч+привітання з Westlife? 4 U чи M8? В якому вони зараз турі? 1) Незламний, 2) Неприборканий, 3) Неохайний. Надішліть SMS-повідомлення 1, 2 або 3 на номер 83049. Вартість 50 копійок + стандартне SMS-повідомлення."
spam,"Будь ласка, зателефонуйте нашому представнику служби підтримки клієнтів за БЕЗКОШТОВНИМ НОМЕРОМ 0808 145 4742 з 9:00 до 23:00, оскільки ви ВИГРАЛИ гарантований приз у розмірі 1000 гривень стерлінгів готівкою або 5000 гривень стерлінгів!"
ham,"Обговорював з твоєю матір'ю, га?"
ham,Добре.
ham,"Вибачте, я не можу зв'язно писати повідомлення та водити машину, побачимося через двадцять."
spam,Незабаром ви отримаєте цьоготижневий рінгтон «Потрійне відлуння». Насолоджуйтесь!
ham,Де я можу знайти номери дешево :-)
ham,"Фу, це забагато часу, особливо враховуючи, що ""Американський пиріг"" триває десь 8 хвилин. Я не можу перестати його співати."
ham,"""БАБУСЯ ДІЗНАЛАСЯ ПРО ЦЕ ЛИШЕ КІЛЬКА ДНІВ ТОМУ. КУКУН ХОНІ"""
spam,"Вас обрали для проживання в одному з 250 найкращих британських готелів – ЗА НІЧОГО! Відпустка вартістю 350 гривень стерлінгів! Зателефонуйте за номером 08712300220, щоб отримати пропозицію – Національний тариф. Bx526, SW73SS"
ham,Університет Південної Каліфорнії.
ham,Нам потрібно вибрати там Реяна Маклерана.
ham,"Ти б пішов по магазинах, у мене є справи. Хочеш подивитися ""Пекельні справи"", а ні? Ходімо..."
ham,Ну що ж. Молодці. Час дзвонити.
ham,Котра у тебе сьогодні година?
ham,<#> в mca. Але не відповідає вимогам.
ham,"О, гаразд... Яка твоя електронна адреса?"
ham,"Так, принцесо. Ти що, змусиш мене стогнати?"
ham,"Лол, все гаразд, я не пам'ятав до минулої ночі"
ham,"[…] у будь-якому разі, гарних вам вечорів!"
ham,"Круто, я тобі напишу через кілька хвилин."
ham,"Вибач, Віккі, я дивлюся фільм про Олаве Мандару ""Кано"" в кінотеатрі ""Трішул"" з друзями."
ham,"Я дуже радий за тебе, любий! Ву-ху, вечірка, чувак!"
ham,Я веду тебе на італійську їжу. Як щодо гарної сукні без трусиків? :)
ham,"Ти що, два? Ти ж не збирався мені дзвонити!! Напиши мені, мій друг, коханий К."
spam,"ВИ ОБРАНІ ДЛЯ ОТРИМАННЯ НАГОРОДИ У РОЗМІРІ 350 ФУНТІВ СТЕРЛІНГІВ! Будь ласка, зателефонуйте за номером заявки 09066364311, щоб отримати свою нагороду, яку ви отримали як цінний клієнт мобільного зв'язку."
ham,Як ти тримаєшся?
ham,"Не спокушай себе... Скажи тому моєму чоловікові дві пінти Карліна за десять хвилин, будь ласка..."
ham,"Сподіваюся, тобі не страшно!"
ham,"Я зараз не можу відповісти на телефон. Будь ласка, надішліть повідомлення."
ham,Я вдома і готовий...
spam,"Будь ласка, зателефонуйте нашому представнику служби підтримки клієнтів за БЕЗКОШТОВНИМ НОМЕРОМ 0808 145 4742 з 9:00 до 23:00, оскільки ви ВИГРАЛИ гарантований приз у розмірі 1000 гривень стерлінгів готівкою або 5000 гривень стерлінгів!"
ham,О котрій годині ви виходите?
ham,Я буквально в ліжку і не сплю вже близько <#> годин
ham,"Так, мій реєстр — Чао!"
ham,Якщо Ви маєте на увазі вебсайт. Так.
spam,Виграйте грошовий приз у розмірі 1000 гривень стерлінгів або приз вартістю 5000 гривень стерлінгів
spam,"Дякуємо за ваше замовлення мелодії дзвінка, номер посилання X49. З вашого мобільного телефону буде стягнуто плату в розмірі 4,50. Якщо ваша мелодія не надійшла, зателефонуйте до служби підтримки клієнтів за номером 09065989182."
ham,"Лол, інакше я можу просто померти з голоду та схуднути на півкілограма до кінця дня."
ham,"Так, таке враження в мене склалося"
ham,"Добре, добре, бережи себе. Я можу зрозуміти."
ham,"Мотивація. За кожною темрявою стоїть яскраве світло, яке чекає, поки ти його знайдеш... За кожним найкращим другом завжди є довіра та любов... BSLVYL"
ham,"Гаразд, тоді повечеряли?"
ham,Я спав того разу. Ти там?
ham,"Не будуй планів на наступний тиждень, бо вона хоче, щоб ми приїхали, тоді добре"
ham,"Коли починається школа? Де ти зупинишся? Яка погода? А яка їжа? Чи є у тебе система соціальної підтримки, наприклад, друзі в школі? Усе це важливо."
ham,"Ха-ха, ти так багато зі мною поділилася... Здається, мій друг, ти так багато зі мною розповіла... поки що я нікому не розповіла і навіть не обмовилася про тебе жодним словом... Якщо ти мені так довіряєш, як я можу розповісти це іншим? Будь ласка, наступного разу не використовуй ці слова до мене... добре, мій :-) ;-) B-)"
ham,"Шум. Напиши мені, коли будеш тут."
ham,"Привіт, Ді це Іджуе, ми зустрічаємося сьогодні о 19:00 в Есапланаді."
spam,"Вікторина Moby Pub. Виграйте приз у розмірі 100 гривень стерлінгів на головній вулиці, якщо знаєте, хто буде новою герцогинею Корнуольською? Надішліть її ім'я на номер 82277.unsub STOP грн1.50 008704050406 SP"
spam,"Цього тижня вже доступні пропозиції для учасників SavaMob. Просто зателефонуйте за номером 08709501522 для отримання детальної інформації! SavaMob, POBOX 139, LA3 2WU. Всього грн1.50/тиждень. SavaMob - пропонує мобільний зв'язок!"
ham,"Гаразд, мене звільнили. Можеш надіслати мені адресу Блейка? Мені спадає на думку, що я не зовсім впевнений, що роблю, як мені здавалося."
ham,"Привіт, люба, ми бачили, люба. Ми обидва щасливі. Де ти, моя батарея розряджена."
ham,"Як справи? Минула ціла вічність. Як справи, ЕБДж?"
ham,"Професор: ви склали всі документи цього сему, вітаємо. . . . Учень: Енна калаачутаарама..!! Проф:???? Гуд мрнг!"
ham,"Не штовхай Коко, коли він у неволі."
ham,"Для твого відома, я дзвонитиму тобі час від часу, починаючи з <#>, бо ми ж не не займаємося цим лайном."
spam,"З вами зв'язався хтось із ваших знайомих через наш сервіс знайомств! Щоб дізнатися, хто це, зателефонуйте зі свого мобільного або стаціонарного телефону 09064017305 PoBox75LDNS7"
spam,"TBS/PERSOLVO. з вересня переслідують нас за 38 гривень стерлінгів, але завдяки вашій інформації точно не платять зараз. Ми їх ігноруватимемо. Кет. Манчестер."
ham,"Сподіваюся, тобі не дуже весело без мене!! Побачимося завтра, з любов'ю, Джесс х"
ham,"Добре, я не дзвонитиму і нікому не турбуватиму. Я знаю, що всі мене уникають. Я для всіх тягар."
ham,"Я вже дістався додому, купаюся вдома... Можеш мені зараз подзвонити..."
spam,"Кредити на будь-які цілі, навіть якщо у вас погана кредитна історія! Ласкаво просимо орендарів. Телефонуйте на NoWorriesLoans.com за номером 08717111821"
ham,"Чи був справжній іспит складнішим, ніж NBME?"
ham,"Багато цієї хвороби лунає. Не переймайся. Сподіваюся, тобі скоро краще. Лол."
ham,"Бог підняв квітку, вмочив її в РОСУ, з любов'ю доторкнувся до неї, яка перетворилася на тебе, а потім подарував мені та сказав: «ЦЬОМУ ДРУГУ 4 ТИ»."
spam,"87077: Розпочніть новий сезон із 2 тижнями БЕЗКОШТОВНИХ голів та новин на ваш мобільний! Надішліть назву вашого клубу на номер 87077, наприклад, VILLA, на номер 87077"
ham,"Гей, Сатья, досі ми жодного разу не зустрічалися, тоді як я можу зрозуміти ситуацію, Сатья?"
ham,Гем пішов після видатних інінгів.
ham,"О, я грав у Smash Bros релігійно."
ham,"Пане, доброго ранку. Сподіваюся, у вас були гарні вихідні. Я зателефонував, щоб повідомити, що мені вдалося зібрати <#> від мого тата. Однак він сказав, що надасть решту до середини лютого. Цієї суми все ще досить мало, і я сподівався на вашу допомогу. Гарного дня. Абіола"
ham,Швидше додому. Суп ГОТОВИЙ!
ham,"Ні, ні. Я перевірю всі кімнати перед заходами."
ham,"Доброго дня, моя люба. Було приємно побачити твої слова в YM та отримати твою трансляцію. Дуже розумний хід, моя рабине... *посміхається*... Я п'ю свою каву та чекаю на тебе."
ham,"Досить нормально, але трохи екс... Краще тобі зараз щось з'їсти, бо я почуватимуся винним..."
spam,"Orange пропонує вам мелодії дзвінка від усіх часів, а також безкоштовний хіт щотижня! Перейдіть до розділу Мелодії дзвінка та зображення на wap. Щоб більше не отримувати ці поради, дайте відповідь STOP."
ham,"Дай мені знати, коли ти тут будеш"
spam,ПРИВАТНО! Ваша виписка з рахунку за 2003 рік для номера 07973788240 показує 800 невикористаних балів SIM-картки. Зателефонуйте за номером 08715203649. Ідентифікаційний код: 40533. Дійсний до 31.10.04.
ham,Йому треба перестати лягати спати і зайнятися цією клятою угодою.
ham,"Як справи, коханий/кохана? Ти з братом? Час поговорити з ним англійською? *посміхається* Скажи: Привіт, Мухаммеде, Пенні передає привіт з-за моря."
spam,"Ми намагалися зателефонувати вам щодо вашої відповіді на наше SMS-повідомлення щодо відеодзвінка на мобільний телефон, 750 хвилин без обмежень, текстові повідомлення + безкоштовна відеокамера. Відповідь на дзвінок: 08000930705. Зараз."
ham,"Привіт, лікарю, будь ласка, я хочу купити гарну футболку для мого чоловіка, гарні, по фігурі, мій бюджет <k>, допоможіть, будь ласка, я завантажу D Card ABI HW, тримайте мене в курсі, кохана. 2 mj"
ham,"Я все ще не переконаний, що це не складне випробування моєї сили волі"
ham,"«Життя — це ніщо, коли отримуєш усе». Але «життя — це все, коли чогось бракує». Справжня цінність людей усвідомлюється лише за їхньої відсутності... ну, боже мій."
ham,Як справи? Я сумую за тобою!
ham,"Я не відповідаю на телефонні дзвінки в досить прийнятний час, але мені хочеться сонливості."
ham,"Гей, це все, що ти кладеш по 10 щомісяця?"
ham,"Я зараз йду спати, прин"
ham,"Я думаю, що тільки ти... Дякую і до зустрічі, Томо."
ham,"Якщо ти не водиш, то як мені їхати у двох школах?"
ham,"Мене зараз немає вдома, Лей..."
spam,"ГСО? Добре розбираєтесь зі СПАМОМ, пані? Ти міг би стати чоловічим жиголо? 2 приєднуйтесь до найшвидше зростаючого чоловічого клубу у Великій Британії. відповідай ONCALL. mjzgroup. 08714342399.2зупинити відповідь STOP. msg@грн1.50rcvd"
ham,"Добре, тоді я прийду до тебе додому через пів години"
spam,"У тебе є таємний шанувальник, який шукає тебе, зв'яжися з тобою — дізнайся, хто він/вона вважає тебе таким/такою особливою — зателефонуй за номером 09058094599"
ham,У тебе є подруга на ім'я Ашвіні в коледжі?
ham,"Тільки-но доїм обід по дорозі додому... Я думаю, що ти не хочеш сьогодні залишитися в школі..."
ham,K тоді 2marrow ти йдеш на заняття?
spam,"ГАРЯЧІ ФАНТАЗІЇ В ЖИВОМУ ЕФІРІ телефонуйте зараз 08707500020 Всього 20 копійок за хвилину NTT Ltd, PO Box 1327 Croydon CR9 5WB 0870 – це дзвінок за національним тарифом"
ham,"Будь ласка, надішліть мені вашу адресу, пане."
ham,Я зараз хочу лизати твою кицьку...
ham,"Йой, ти ще будеш в наявності завтра/сьогодні? Я намагаюся дістати сумку для паперу."
spam,ТЕРМІНОВО! Ваш мобільний номер ГАРАНтовано отримав приз <UKP>2000. Зателефонуйте за номером 09061790125 зі стаціонарного телефону. Замовте 3030. Дійсний лише 12 годин. 150 стор./хв.
ham,"Побачу, але мабуть так"
ham,"Думав, ми могли б піти кудись повечеряти. Я тебе пригощу! Здається, все гаразд?"
ham,Де ти? Що ти робиш? Як ти можеш бути далеко від мене? Хіба твоє серце не болить без мене? Хіба ти не дивуєшся на мене? Хіба ти не прагнеш мене?
ham,"Вибачте. Ви ніколи не почуєте, поки не замовите. Одне було щось на кшталт жарту – вони справді шукають худих білих дівчат. Інше було однією фразою – з нею можна зробити лише певну кількість знімків. Щось на кшталт того, що вони набирають обертів."
ham,Що робиш? Як справи?
ham,"Звісно, ​​друже. У мене вибори з хокею о 6-й, але не довше години."
ham,"Дивись, лор. Я бачила кілька свотчів, один, на мою думку, цілком нормальний. Ard 116, але мені потрібна ще одна думка..."
ham,"Привіт, тобі подобаються святкові фотки? Виглядали на них жахливо, тому я їх зняла! Як справи з табором Америкяни? Скоро говориш, Серено :)"
ham,"Коханий! Як пройшов день? Що ти задумав? Я вже сумую за тобою, коханий... *люблячий поцілунок*... Сподіваюся, все буде добре."
ham,Юнні... Я запізнюся.
ham,"Лікар виписав мені морфін, бо інших знеболювальних недостатньо. Чекаю, поки мама його принесе. Ці ліки мають швидко подіяти, тому я спробую прийняти їх пізніше."
ham,"Круто, хочеш, щоб я пішов до Каппи, чи зустрінься з тобою біля музею?"
ham,"Гей, сексуальні пухки! Я тобі вже казала? Я обожнюю тебе, коханий хлопче. Сподіваюся, ти не забудеш подякувати своїй невістці за ці фрикадельки *посміхається* ... я люблю тебе, крихітко."
ham,"Можливо, я схвалюю паналам... але в ньому має бути більше постів.."
spam,"Січневий розпродаж для чоловіків! Гарячий гей-чат тепер дешевше, телефонуйте за номером 08709222922. Національний тариф від 1,5 копійок/хв дешево до 7,8 копійок/хв пік! Щоб припинити надсилати текстові повідомлення, телефонуйте за номером 08712460324 (10 копійок/хв)."
ham,"Вибачте, я подзвоню пізніше"
ham,"Я не думаю, що це неправильний вибір між нами."
ham,Я не працюю. Як тільки отримаю роботу...
ham,"І під ""коли ти закінчиш"" я маю на увазі зараз"
ham,"«Це тобі щастя кохати когось. Це тобі щастя кохати того, хто кохає тебе. Але це диво кохати людину, яка не може кохати нікого, крім тебе...» Добре зараз..."
ham,"Привіт, люба, я щойно повернулася з роботи і весь день хотіла тебе побачити! Сподіваюся, я не розлютила тебе сьогодні телефоном. Якщо не спиш, подзвони мені xxx"
spam,"Безкоштовне повідомлення Сьогодні саме той день, якщо ви готові! Я збуджена і живу у вашому місті. Я люблю секс, розваги та ігри! Netcollex Ltd 08700621170150 копійок за повідомлення відповісти Зупинити, щоб завершити"
ham,Це ваші хлопці з Yahoo принесли ідеальний результат? Чи легальний?
ham,"Не потрібно мені нічого казати. Я знаю, що я сторонній."
ham,у тебе колись була одна нога?
ham,Тільки-но дісталися до <#>
ham,"Добре! Ні, не потрібні жодні чеки — молодець! (…) Так, скажіть, будь ласка. Який її номер, я можу їй зателефонувати."
ham,"Завжди зелена цитата, яку коли-небудь розповідав Джеррі в мультфільмі: «Людина, яка тебе завжди дратує, — це та, яка тебе дуже любить, але не може цього висловити...!..!! :-) :-) добре зараз"
ham,Залиш це зі мною... Хочу нести мене так важко... Номер 98321561 тобі знайомий?
ham,Прекрасна правда: Вираз обличчя міг побачити кожен... Але сум серця міг зрозуміти лише коханий... Гуд Ні8 ;-)
ham,"З Новим роком! Як справи, де ти, коли ми побачимося?"
spam,"У фільмі ""Сімпсони"", що вийшов у липні 2007 року, назвіть гурт, який помер на початку фільму? A - Green Day, B - Blue Day, C - Red Day. (Надішліть A, B або C)"
ham,"Шкода! Можливо, варто було б зустрітися на кілька годин?"
ham,"Лол, я б так і зробила, але попри ці спазми, мені подобається бути дівчиною."
ham,"Не можу дочекатися Корнуоллу. Сподіваюся, що сьогодні ввечері буде не так вже й погано, але це рок-н-рол. У будь-якому разі, я зараз піду спати, гарної ночі. Скоро поговоримо."
ham,"Будь ласка, допоможіть мені сказати Сурі, що я очікую батарею від Хонта. І якщо потрібно, то надішліть мені повідомлення про те, як завантажити фільми. Дякую."
spam,"Будь ласка, зателефонуйте Аманді щодо безкоштовного оновлення або оновлення вашого поточного телефону T-Mobile. Пропозиція діє до сьогодні. Тел. 0845 021 3680, згідно з умовами та положеннями."
ham,"Не знайшов способу завантажити ще один додаток для свого телефону, га? Підеш в інтернет-кафе? Ти погодився на ту роботу? Гей, ти мені потрібна, люба. Я так хочу тебе побачити..."
ham,"Я працюю лише з понеділка по четвер, але в суботу не можу... Заброньовано, Ляо... Який ще день у вас вільний?"
ham,"Іду за нами, щоб забрати..."
ham,Яка адреса няні?
spam,"ТЕРМІНОВО!! Ваш 4-зірковий відпочинок на Коста-дель-Соль або грн5000 очікують на отримання. Зателефонуйте за номером 09050090044 зараз, щоб подати заявку. SAE, TC s, POBox334, Stockport, SK38xh, вартість грн1.50/год, макс. 10 хв."
ham,"ти їв? О котрій годині ти хочеш, щоб я прийшов?"
spam,"Хочете новий відеотелефон? 750 хвилин у будь-який час за будь-яку мережу? Оренда лінії за півціни, безкоштовні текстові повідомлення на 3 місяці? Відповідайте або телефонуйте за номером 08000930705 для безкоштовної доставки."
ham,"Йой, подзвони мені, коли матимеш нагоду, мій друг хотів, щоб я запитав тебе про велике замовлення."
ham,"Чи ми сваримося на цій одній відповіді? Плюс я сказав, що я збанкрутував, а ти не відповів."
ham,"Це, безумовно, ставить речі в перспективу, коли трапляється щось подібне"
ham,Тепер треба дивитися телевізор? Ти сьогодні не працюєш?
ham,я так почувався... без жодної причини... Тож він... А як же я?
spam,Маєте мобільний телефон 11 місяців або більше? Ви маєте право на безкоштовне оновлення до найновішої кольорової версії з камерою! Зателефонуйте до компанії Mobile Update Co БЕЗКОШТОВНО за номером 08002986030.
ham,"Як справи? Плануєш якісь цікаві заходи типу караоке? Я розмірковую, чи грати у футбол цього вечора. Хоча ліньки почуваюся."
ham,"Я сказав, що приїду в середу."
ham,"Це нормально, подзвони мамо, а не розважайся."
spam,"Шановний власнику ваучера, щоб скористатися пропозицією цього тижня, перейдіть за посиланням http://www.wtlp.co.uk/text на своєму ПК. Діють правила та умови."
ham,"Ну, якщо я такий відчайдушний, я просто знову подзвоню Арманду."
ham,Ви зараз на роботі?
spam,"Вітаємо! Відеокамера Nokia 3650 – це те, що вам потрібно. Телефонуйте 09066382422. Вартість дзвінків – 150 копійок за хвилину. Середня тривалість дзвінка – 3 хвилини, в залежності від мобільного телефону. 16+. Закрити. 300603 post BCM4284 Ldn WC1N3XX."
ham,"Нічого не чула, і він не відповідає на мої повідомлення, тож, гадаю, він зламався. Тим не менш, чоловік просто фантастичний."
ham,"Ммммм... Я так сильно тебе люблю, Ахмаде... Не можу дочекатися початку цього року, бо кожна секунда наближає мене до того, щоб бути поруч з тобою. З Новим роком, моя любов!!"
ham,"Будь ласка, як повна назва школи, в якій цей жартує, бо плата за навчання в Університеті Флориди, здається, насправді <k>. Будь ласка, передайте відповідь"
ham,"Вибачте, я подзвоню пізніше"
ham,"Добре... Але вони сказали, що в мене заховані зуби мудрості всередині, і, можливо, потрібно видалити два."
ham,"І, будь ласка, пийте багато води"
ham,Як справи? Як справи у королеви? Ти йдеш на королівське весілля?
ham,"Він затримується. Це якраз сумно, але ми підтримуємо зв'язок завдяки Skype."
ham,"Добре, тоді ми йдемо разом..."
ham,Дві команди чекають на гравців
ham,Чи можете ви надіслати мені копію звіту?
ham,"Як справи, сподіваюся, у тебе все гаразд. Розповідаю про тебе сьогодні. Люблю і сумую. Бережи себе."
ham,"Добре, я вже запланував. Я тебе виберу."
spam,"Терміново! Будь ласка, зателефонуйте за номером 0906346330. Ваш безкоштовний 4-зірковий відпочинок у Іспанії від ABTA або 10 000 гривень стерлінгів готівкою очікують на отримання. Правила та умови SAE BOX 47 PO19 2EZ 150 стор./хв. 18+"
ham,"Вибачте, я зателефоную пізніше під час зустрічі."
ham,"Мені просто дуже потрібно щось лайно до завтра, і я знаю, що ти не прокинешся раніше шостої."
ham,Все гаразд. Ви зареєструвалися для голосування?
ham,"Хм, гаразд, я залишуся ще на годину, бо в мене дуже болить око!"
ham,"Любий, я сів на автобус прямо до Калікута."
ham,"Мм, попроси Ваву також прийти, передай йому, що ми можемо пограти разом пізніше."
ham,"Ну, загальна ціна становить <#> /унція, повідомте мені, якщо/коли/скільки ви хочете"
ham,"Вибачте, я подзвоню пізніше"
ham,"Кожна мить дня має свою цінність - ранок приносить надію, день - віру, вечір - кохання, ніч - спокій. Бажаю тобі знайти їх усі сьогодні. Доброго ранку."
ham,"<#> w jetton ave, якщо ви забули"
ham,"Добре, я зараз повертаюся додому."
ham,У цій країні не можна використовувати іноземні марки.
spam,"Подвійна вартість хвилин та текстових повідомлень 4 6 місяців БЕЗКОШТОВНОГО Bluetooth на Orange. Доступно для телефонів Sony, Nokia Motorola. Зателефонуйте до MobileUpd8 за номером 08000839402 або call2optout/N9DX"
ham,"Вибачте, це багато розмов про друзів друзів, я якраз зараз збираюся поговорити з тим хлопцем, який хоче купити."
spam,"БЕЗКОШТОВНО протягом першого тижня! №1 Nokia тон 4, ваш мобільний щотижня, просто надсилайте SMS NOKIA на номер 8007. Отримуйте SMS та розповідайте своїм друзям. www.getzed.co.uk POBox 36504 W45WQ норм 150 копійок/тон 16+"
spam,"Хочете підбадьорити свій телефон щотижневими новими мелодіями? Надішліть відповідь на TONES2U 2 на це повідомлення. www.ringtones.co.uk, оригінальні та найкращі. Мелодії. Діють тарифи оператора мережі 3GBP."
spam,"Давай, люба, збуди мене, *заведи* мене! Напиши мені свою фантазію зараз, люба -) Я гаряча, липка і мені потрібна ти зараз. Вартість усіх відповідей — 1,50 гривняа стерлінгів. 2 скасувати надіслати СТОП"
ham,Я прийду завтра
ham,Оновлення щодо Вайлі: мій дилер трави Карлос вийшов на свободу та відвідував заняття з Лансфордом.
ham,"Ти щасливий, крихітко? Ти в порядку? Ти влаштувався на цю роботу? Сподіваюся, у тебе все добре. Я посилаю тобі поцілунок, щоб ти посміхнувся з-за моря... *поцілунок* *поцілунок*"
ham,"Цей фільм — це просто рішення в останню хвилину. Просто подивився 2 роки, але мені зовсім не цікаво."
ham,"Як тобі подобається цей семестр? Бережи себе, брате."
spam,"ВАЖЛИВА ІНФОРМАЦІЯ 4 КОРИСТУВАЧ ORANGE 0796XXXXXX. СЬОГОДНІ ВАШ ЩАСЛИВИЙ ДЕНЬ!2 ДІЗНАЙТЕСЯ, ЧОМУ ЗАХОДЬТЕ НА http://www.urawinner.com НА ВАС ЧЕКАЄ ФАНТАСТИЧНИЙ ПРИЗ!"
ham,"Відчиніть двері, я тут."
ham,"Давай використаємо це наступного тижня, принцесо :)"
ham,"Або я перший піду додому, зачекай мене, друже... Я спочатку покладу свої речі..."
ham,"Я хочу KFC, сьогодні вівторок. Купуйте лише 2 страви, ТІЛЬКИ 2. Без підливи. Тільки 2 марки. 2!"
ham,"Ні, та ні:) він дурний, та.. завжди надсилає таке:) не вір жодному з цих повідомлень. Пенді — псих:)"
ham,"Гей, коли ти подзвониш?"
spam,"Сповіщення про пропущений дзвінок. З цих номерів телефонували, але не залишали повідомлень. 07008009200"
ham,"Я був присутній, але нічого немає."
ham,"Ард 530, як цей лор. Ми просто зустрінемося на станції метро, ​​тоді тобі не доведеться виходити."
ham,"Ні, люба, я спала :-P"
ham,"Ем, мені сповнено істини, все гаразд."
ham,Буду в офісі близько 16:00. Зараз я їду в лікарню.
ham,"Власне, я чекаю 2 тижні, коли вони почнуть розміщувати рекламу."
ham,"Що завгодно, якщо вони всі підуть, то й я піду, лор..."
ham,"Ти вільний на суботньому обряді? Хочеш подивитися ""Пекельні справи"" зі мною та Дарреном, і, можливо, з Цим?"
ham,"Зверніть увагу: якщо хтось телефонує з мобільного телефону та просить вас набрати # <#> або # <#>, не робіть цього. Закінчіть дзвінок, оскільки це спроба «терориста» скористатися номером SIM-картки. Це підтвердили Nokia та Motorola, а також CNN IBN."
ham,Ти десь поруч? Мій друг хоче забрати мене пізніше сьогодні ввечері.
ham,Дурне автовиправлення на моєму телефоні
ham,"Подвійне виселення цього тижня - Спіраль та Майкл, і хай їм щастить!"
ham,"«Світ дуже страждає... Не через насильство поганих людей. А через мовчання добрих людей!», Добра ніч...."
ham,"Гаразд, це круто. Це , одразу біля Реглан-роуд або Едвард-роуд. За крикетним майданчиком. Подзвони мені, коли будеш поруч, побачимося у вівторок."
ham,"Купи мені одне яйце, будь ласка...:)"
ham,Ви починали в Скай?
ham,"Ви вже забронювали хатину? А також вільний час? До речі, як справи?"
ham,"І кілька вам, сер."
ham,"Ти справді, свиня, так багато спиш. Тато будить мене сьогодні о 10-й, щоб пообідати."
ham,"Я вдома. Будь ласка, зателефонуйте."
ham,"Любий мій... Сподіваюся, ти не робиш нічого радикального. Не смій продавати свій комп'ютер чи телефон..."
ham,Тільки-но я дістався додому... Я дуже втомився... Я прийду завтра...
spam,"БЕЗКОШТОВНЕ ПОВІДОМЛЕННЯ: Згідно з нашими даними, ви можете мати право на 3750 гривень стерлінгів за нещасний випадок, який стався з вами. Щоб отримати безкоштовне відшкодування, дайте відповідь «ТАК» на це повідомлення. Щоб відмовитися від розсилки, надішліть SMS-повідомлення «СТОП»."
spam,"Ви можете ВИГРАВАТИ музичні подарункові сертифікати на суму 100 гривень стерлінгів щотижня, починаючи ЗАРАЗ. Надішліть слово DRAW на номер 87066 TsCs www.Idew.com SkillGame, 1Winaweek, вік 16 років. 150 ppermessПідписка"
ham,"Будь ласка, не звертайте уваги на одяг у стилі життя."
ham,"Лол, що за диво, випадковість. До речі, це твоя обідня перерва?"
ham,"Сез, як справи у тебе та твого араба? Сподіваюся, у тебе все добре, передавай мою любов двічі на день, люблю тебе, дорогаааааааа"
ham,"НЕПРИСТОЯНКА! Просто хочу сказати, що тебе не вистачає і що тебе не враховують. Гарного дня. І буду вдячний, якщо ти зможеш надіслати мені номери Бімбо та Уго. Безпечно."
ham,Детройт. Дім снігу. Насолоджуйтесь ним.
spam,"Покажіть свої кольори! Пропозиція Євро-2004 2-4-1! Отримайте прапор Англії та мелодію ""3Леви"" на свій телефон! Натисніть на наступне службове повідомлення для отримання інформації!"
ham,Гаразд...
ham,"Гаразд, я відпочиваю в кімнаті друга, тож напиши мені, коли будеш у дорозі."
ham,Toshiba Portege M100 GD?
ham,"Ну що ж, це щось на кшталт напівневідомої інтернет-штучки."
spam,"Надішліть SMS-повідомлення PASS на номер 69669, щоб отримати свої поліфонічні мелодії. Діють лише звичайні тарифи GPRS. Насолоджуйтесь своїми мелодіями."
spam,"відповідно. Повторюю, просто надішліть SMS-повідомлення зі словом ОК на свій мобільний телефон і надішліть"
ham,Лусу йди до лікарні. Не залишай це безтурботним.
ham,Скільки коштує восьма?
ham,"Боже, Джоанна мене лякає. Вона переглянула всіх моїх друзів, щоб знайти мої фотографії. А потім розпитує про речі в моєму MySpace, куди я навіть не заходила вже рік. :/"
ham,"Надішліть дату свого народження з місяцем та роком, я повідомлю вам ім'я вашого СУПРУГА ПО ЖИТТЮ та спосіб розрахунку. Обов'язково відповідайте."
ham,"Джус зараз ще не прокинувся, тож трохи розмито, розмито... Можна? Тато вийшов, ляо... Я не можу зараз кінчити, тому..."
ham,"А як щодо одягу, прикрас та подорожей?"
spam,"Block Breaker тепер доступний у розкішному форматі з новими функціями та чудовою графікою від T-Mobile. Купуйте всього за грн5, відповівши GET BBDELUXE та прийміть виклик."
ham,"Аа! Обійми були б чудовими! Мені знадобиться багато чаю та супу, перш ніж я займуся цим морочитися!"
spam,важлива інформація 4 користувачі Orange. сьогодні ваш щасливий день! 2 дізнайтеся чому зайдіть на http://www.urawinner.com НА ВАС ЧЕКАЄ ФАНТАСТИЧНИЙ СЮРПРИЗ!
ham,Я запізнююся. Я буду там о
ham,"Сумна історія чоловіка - минулого тижня був мій день народження. Моя дружина не привітала мене. Мої батьки забули, як і мої діти. Я пішов на роботу. Навіть мої колеги не привітали."
ham,У тебе вже є чіткі плани з родиною?
ham,"Будь ласка, не забувайте вчитися"
ham,"Ви ніколи не повірите, але я справді вийшов з ладу в Тонтоні. Вау."
ham,"Тільки у будні дні діє спеціальна ціна... Хайз... Не можу їсти ляо... Підстригти нігті, тому мушу почекати, поки я закінчу їздити, обід все ще мушу їсти..."
ham,"Вона щойно перерахувала причини, чому нікого немає в місті, і я не можу зрозуміти, чи це саркаст, чи просто пидор."
ham,"<DECIMAL> м, але це не поширена машина тут, тому краще купувати в Китаї чи Азії. Або якщо я знайду її дешевшою. Привіт."
ham,"Найбільше випробування мужності на землі — це пережити поразку, не втрачаючи духу...."
ham,"ВИБАЧ, Я ДОСИТЬ ЗЛЮБЛЕНИЙ ПІСЛЯ ВЧОРАШНЬОГО ВЕЧІРКУ ЛІГ СПАТИ О 4:30, ВСТАВ О 4 НА ПРАЦЮ О 6:30"
ham,"Гей, то який план на цю ситуацію?"
ham,Краса для сну також може допомогти вам позбутися прищів.
ham,"Чудово. Сподіваюся, ти також використовуєш свої зв'язки від модних чоловіків, бо ніколи не знаєш, чому старі друзі можуть привести тебе сюди."
spam,Наталя (25/Ж) запрошує тебе стати її другом. Дай відповідь ТАК-440 або НІ-440. Зустрінься з нею: www.SMS.ac/u/nat27081980 СТОП? Надішліть STOP FRND на номер 62468.
ham,Де їх взяти?
ham,"Щось на зразок того. Щойно пропустив поїзд через напад астми, наступний за півгодини, тож заїжджаю. Не знаю, де паркуватися."
ham,М'яч багато рухається. закрутиться останнім :) тому дуже важко бити :)
ham,"Хайо... Можливо, твій хом'як заздрив мільйону..."
ham,"Чи можете ви, будь ласка, надіслати мені номер моєї тітки?"
ham,Я радий. Ти йдеш за своєю мрією.
ham,Я нарешті дістався додому...
spam,"ТЕРМІНОВО. Важлива інформація для користувача 02. Сьогодні ваш щасливий день! 2 Дізнайтеся чому, зайдіть на http://www.urawinner.com, де на вас чекає фантастичний сюрприз!"
spam,"ПЕРЕМОЖЕЦЬ!! Як цінний клієнт мережі, вас було обрано для отримання призу у розмірі 900 гривень стерлінгів! Щоб отримати приз, зателефонуйте за номером 09061701461. Введіть код KL341. Дійсний лише 12 годин."
ham,"Коли тобі боляче через близьку людину, ти сваришся з ними. Бо іноді ця сварка рятує стосунки, але тиша нічого не залишає у стосунках... Гаразд, ввечері B-)"
ham,Можете телефонувати зараз...
ham,"Наука стверджує, що шоколад тане під сонячним світлом. Будь ласка, не ходіть під сонячним світлом. Козе, я не хочу втратити милого друга."
ham,Так. Я приїжджаю до Нью-Йорка на прослуховування і намагаюся переїхати.
ham,Я тебе там раніше підколов.
ham,"Вітаю. Чудово. Я хотів сказати тобі, щоб ти не казала мені свій рахунок, бо це може мене заспокоїти. Але це мене мотивує, тож дякую, що поділилися."
ham,"Я б не переймався, якщо ти не сумуватимеш за мною або якщо я тобі не потрібна... Але ти завдаси мені болю, коли я тобі потрібна і ти мені не скажеш......... Бережи себе :-)"
ham,"Гей, пане, як називається та книга Білла Брайсона, та, що про мову та слова?"
ham,"Добре, добре, без проблем, і дякую!"
ham,"Для твоєї інформації, IKEA пишеться з великої літери. Це не крик. Коли ти думав, що я тебе покинув, ти сидів на ліжку серед безладу, коли я зайшов. Я сказав, що ми підемо після того, як ти повернешся з уроків. Будь ласка, не намагайся мені дурити. Через це мені менше хочеться тебе слухати."
ham,"Подзвони мені, коли закінчиш..."
ham,Глобальний водний шум (ГВР)
ham,"Краще б тобі було стежити за тим, що ти кажеш, бо я нап'юся як су*а."
spam,Комплект для складання - вам виставили рахунок на суму 150 копійок. Netcollex Ltd. PO Box 1013 IG11 OJA
spam,СПЕЦІАЛЬНА БОНУСНА ПРОПОЗИЦІЯ HMV. Ви можете виграти справжні ваучери HMV на суму 500 гривень. Просто дайте відповідь на 4 простих запитання. Грайте зараз! Надішліть HMV на номер 86688. Більше інформації: www.100percent-real.com
spam,"Будь ласка, негайно зателефонуйте за номером 08712402578, оскільки на вас чекає термінове повідомлення."
spam,thesmszone.com дозволяє надсилати безкоштовні анонімні та замасковані повідомлення... я надсилаю це повідомлення звідти... чи бачите ви потенціал для зловживань???
spam,"МОЛОДЦІ! Ваш 4-зірковий відпочинок на Коста-дель-Соль або грн5000 чекають на вас. Зателефонуйте за номером 09050090044 зараз, щоб отримати кошти. SAE, TCs, POBox334, Stockport, SK38xh, вартість грн1.50/південь, максимум 10 хвилин"
ham,"Зроби мені боляче... Дражни мене... Доведи мене до сліз... Але в кінці мого життя, коли я помру, будь ласка, залиш одну троянду на моїй могилі і скажи: ДУРНЕЦЬ, Я СУМУЮ ЗА ТЕБЕ... ГАРНОГО ДНЯ, BSLVYL"
ham,"Емм... десь на Вудленд-авеню. Якщо ти придбаєш парафіяльний журнал, його номер телефону буде там."
ham,"Чи є вакансії асистента асистента? Будь ласка, повідомте мене, бо мені справді потрібно почати працювати."
ham,"Жорсткий Айяр 2 типу. Ти пізніше вільний, тоді скажи мені, тоді я подзвоню, насварю та розповім тобі."
ham,"Так, я вільний..."
ham,"Добре, добре, всі друзі Біллі пішли. Знову бігав на пробіжці! Сподобався концерт?"
ham,"Приходь сюди, Карлос скоро буде тут."
ham,"Ооо, це мило! Ми можемо щось придумати, хе-хе! Гарно проведу час сьогодні ввечері, мабуть, напишу тобі пізніше, бо мені самотньо :( xxx."
ham,"Гадаю, називати тебе кимось важливим немає сенсу."
ham,"Ха-ха, я вже біг до туалету, коли ти мене привітав. Привіт!"
ham,"Він нічого не сказав. Він злиться на мене, бо ти розповіла йому."
spam,Хтось із ваших знайомих попросив нашу службу знайомств зв'язатися з вами! Не можете вгадати хто? ТЕЛЕФОНУЙТЕ 09058091854 ЗАРАЗ все стане відомо. PO BOX385 M6 6WU
ham,"Так сталося, що є два майстри, які зроблять усе, що ви хочете. Вона може прийти і отримати медичну страховку. І вона зможе народжувати та отримувати базовий догляд. Я зараз шукаю для неї відповідну медичну страховку. Тож дайте мені час до ранку п'ятниці. Саме тоді я зустрінуся з головною людиною, яка зможе підказати мені потрібну страховку."
ham,Я тримаю десять рупій на полиці :) куплю два яйця.
ham,"Мені було погано, люба, у мене опухли лімфатичні вузли на горлі... Що ти зрештою зробила?"
ham,Чи великі ваші зміни у звіті 2 дні тому? Бо я вже вніс зміни у попередньому звіті 2 дні тому.
ham,Капітан у нашій кімнаті :)
ham,"Я не можу говорити, бо з мобільним проблеми. Я чую тебе, але ти не чуєш мій голос. Тож я подзвоню тобі пізніше."
ham,"Привіт, ЩО ТИ НЕ БУДЕШ? У мене зараз стільки проблем вдома, що всі мене ненавидять навіть тебе! Що я, чорт забирай, зараз зробила? Ти просто не скажеш мені, напиши у відповідь, будь ласка, люблю Дена?"
ham,С...я візьму лише гравців мокка :)
ham,Ти все ще граєшся з Гаутемом?
ham,"Гей, ми з паном йдемо на море і пограємо пару геїв, тобто ігор! Подзвони мені, коли закінчиш."
ham,"К, Джейсон каже, що буде поруч, тож я буду там, нагорі, приблизно <#>"
ham,Вибачте. Я зможу до вас дістатися. Побачимося вранці.
ham,"Гаразд, тримайте мене в курсі"
ham,"У мене немає її номера, сер."
ham,Шукаю лише хороший мобільний телефон з двома SIM-картками.
ham,Це здається надмірно ворожим
ham,Чувак підстригся. Зараз там вітерець.
spam,"Вітаємо! 2 мобільні 3G відеофони R ваш. Телефонуйте 09061744553 зараз! Відеочат з друзями, грайте в Java-ігри, завантажуйте музику polyH, орендуйте noline. bx420. ip4. 17:00. 15:50"
ham,"1 яблуко/день = без лікаря. 1 лист тулсі/день = без раку. 1 лимон/день = без жиру. 1 склянка молока/день = без проблем з кістками. 3 літри води/день = без хвороб. І ще 2 людини, про яких ви піклуєтесь... :-)"
ham,"Я думав, що ми там граємо роль царя гори."
ham,"Ні, я зараз зайду в інтернет.."
ham,"ТАКОЖ ПЕРЕЧИ ЙОМУ, ЩО Я СКАЗАЛА З ДНЕМ НАРОДЖЕННЯ"
ham,І бішан лей... Я теж кажу лаванда?
ham,"Бу, о котрій годині ти виходиш? Ти мав би сьогодні мене повезти на шопінг. :("
ham,Тепер ти звучиш як той стервозний скауз-бойз Стів! Я їду додому автобусом. Що ти задумав про ці чотири розваги?
ham,"До вашої інформації, я швидко приймаю душ, буду на рівні епсілон за хвилину."
ham,у вівторок увечері ru 4 real
ham,"Так, коли знову зустріч?"
ham,"Тільки що вийшов з уроку, збираюся піти в спортзал."
ham,"Я хочу надіслати повідомлення сьогодні. Це так. Вибачте, якщо я образив."
ham,Пишіть або чекайте...
ham,"Ха! Я б не сказав, що просто не зрозумів, як ти виглядав. Я не люблю, коли тебе судять... це я прибережу для п'ятниць у пабі!"
ham,"Це гра на День святого Валентина... надішліть це повідомлення всім своїм друзям... Якщо 5 відповідей однакові, то хтось вас справді любить... Запитання: який колір мені найбільше пасує?"
ham,Привіт:) ти питав(ла) Вахіду Фатіму про відпустку?
ham,"Насолоджуйтесь, тт..."
ham,Ти ще тут? Мені б не завадила пів восьмої.
spam,"У тебе є таємний шанувальник, який шукає тебе, щоб зв'язатися з тобою — дізнайся, хто вони? Розкрий, хто вважає тебе такою особливою — зателефонуй за номером 09058094597"
ham,Ви повернете нам моє посвідчення особи та <#> rs. Ми не дозволимо вам працювати. Ми приїдемо до вас додому протягом кількох днів.
ham,Ü bot notes oredi... Cos i juz rem i got...
ham,"Так. Оренда дуже дорога, тому це спосіб заощадити."
ham,"Ніч закінчилася для ще одного дня, ранок настав особливим чином. Нехай ти посміхаєшся, як сонячні промені, і залишаєш свої турботи в блакитній блакитній затоці. Щиро вітаю."
ham,"Як тобі біль, люба? Ти посміхаєшся?"
ham,"Цікавий факт: хоча можна було б подумати, що в Арманда зрештою виробиться толерантність чи щось таке, враховуючи, скільки він курить, він просто з'їдається за два затягування."
spam,важлива інформація 4 користувач помаранчевого кольору 0789xxxxxxx. сьогодні ваш щасливий день! 2 дізнайтеся чому зайдіть на http://www.urawinner.com НА ВАС ЧЕКАЄ ФАНТАСТИЧНИЙ СЮРПРИЗ!
ham,"Вибачте, я не можу вам з цим допомогти."
ham,"Чудово. Тож, чи варто мені надіслати вам номер мого рахунку?"
ham,"ПРИВІТ, ЯК ТИ? МІЙ ТЕЛЕФОН БУВ ЗАРЯДЖЕНИЙ ОЧЕРЕДНЬОЇ НОЧІ, КОЛИ ТИ МЕНІ НАПИСАЛА. СПОДІВАЮСЯ НА ГАРНІ ВИХІДНІ, Я ВПЕВНЕНА, ЩО ТИ Й ТАК ПРОВЕДЛА. ДИВИШСЯ В 4WARD 2 C-IN U 2MRW LUV JAZ"
spam,"Хтось сором'язливий попросив нас зв'язатися з нами! ТЕЛЕФОНУЙТЕ 09058091870 ЗАРАЗ все стане відомо. POBox84, M26 3UZ 150 копійок"
ham,Ü надішліть мені лише сторінку зі змістом...
ham,"Солодкої ночі, спи спокійно! Я щойно була на ""Вигнанні демонів Емілі Роуз"" і, можливо, більше ніколи не засну! Обійми та поцілунки!"
ham,"Не думай про те, «що в тебе є», а думай про те, «як використати те, що в тебе є» gooD ni8"
ham,"Я не можу впоратися з цим моментом, спочатку треба зв'язатися з людьми."
ham,"Кожна емоція не має слів. Кожне бажання не має молитов. Якщо ти посміхаєшся, то світ з тобою. Інакше навіть крапля сльози не подобається. Залишайся з тобою. Тож будь щасливий. Доброго ранку, продовжуй посміхатися :-)"
ham,А що ж ти пам'ятаєш?
ham,"Еххххх, комп'ютер відправлено з адресою Сандіаго та Парантелла Лейн. Що за чорт. Какашки."
ham,"Ммм так, люба, дивись, як я обіймаю вас обох. :-P"
ham,"Мені подобається цей светр з манго, але він вже не мого розміру, і так дратує."
ham,"1. У мене немає її номера, і 2. Це буде величезна нудьга, і я б волів не втручатися, якщо це можливо."
ham,"Будь-коли, лор..."
spam,Бажаєте новий відеотелефон? 750 хвилин у будь-який час або будь-яку мережу? НЕОБМЕЖЕНІ SMS? Відеокамеру? Відповісти або зателефонувати зараз за номером 08000930705 для отримання інформації з суботи до вечора.
ham,"Чистота дружби між двома полягає не в посмішці після прочитання пересланого повідомлення. Йдеться про посмішку, просто побачивши ім'я. Щиро Ваш."
spam,"Ваш баланс зараз становить 600 гривень стерлінгів. Наступне запитання: Виконайте орієнтир: Великий, А. Боб, Б. Баррі чи В. Бен?. Надішліть A, B або C на номер 83738. Удачі!"
ham,Зі мною все добре..абсолютно добре
ham,"K, і ти впевнений, що мені не потрібні форми згоди, щоб це зробити :V"
spam,"Вашу підписку на TONEXS поновлено, і з вас стягнуто 4,50 гривень стерлінгів. Ви можете вибрати ще 10 полігонів цього місяця. www.clubzed.co.uk *ПОВІДОМЛЕННЯ ПРО РАХУНОК*"
spam,"Якщо ви цього не зробите, ваш приз перейде до іншого клієнта. Правила та умови на www.tc.biz 18+ 150 копійок/хв Polo Ltd Suite 373 London W1J 6HL Будь ласка, передзвоніть, якщо зайнято"
ham,Скільки коштує факел у 9ja?
ham,"Нічого не роблячи, тож ти не вечеряєш з нами?"
ham,"Як справи? Просто перевіряю, як ти?"
ham,"Зроблено, але інтернет-з’єднання повільне, і не можу надіслати. Спробую ще раз пізніше або одразу після цього."
ham,Метьюз або Тейт або Едвардс або Андерсон
ham,"Так, звісно, ​​друже, Хаунт розібрався з усіма моїми речами, але я все одно збираюся просувати Hex для. До речі, хто це? Не знаю номера. Жарт."
ham,"Не треба, я йду шукати? Бо моя сестра сьогодні на уроках мистецтва..."
ham,"Дякую, люба, але досі нічого не чув. Залишу це трохи довше, щоб не натовпитися на нього, і спробую пізніше - чудова порада, дякую, сподіваюся, що Кардіфф все ще там!"
spam,Бажаєте отримати новий кольоровий телефон Nokia 3510i завтра? З 200 безкоштовними хвилинами на будь-який мобільний + 100 безкоштовними текстовими повідомленнями + безкоштовною відеокамерою. Зателефонуйте або відповідайте за номером 8000930705.
ham,", я .. На сноуборд-поїздці. Цікаво, чи плануєте ви зібрати всіх разом, перш ніж ми поїдемо.. щось на кшталт зустрічі та привітання? Ура,"
ham,Дивлюся це в прямому ефірі..
ham,"Тож побачимося, у нас тут усі Різдво!"
ham,"K Я готовий, <#>"
ham,"Чи знаєш ти, чому Бог створив прогалину між твоїми пальцями..? Щоб Той, Хто створений для тебе, прийшов і заповнив ці прогалини, тримаючи твою руку з ЛЮБОВ'Ю..!"
ham,"Найбільше випробування мужності на землі — це пережити поразку, не втрачаючи духу...."
ham,які в тебе плани на Новий рік?
spam,КВИТАНЦІЯ 1/3. Ви замовили мелодію дзвінка. Ваше замовлення обробляється...
ham,Беееееее! Прокинься! ​​Я сумую за тобою! Я прагну тебе! Ти мені потрібна!
ham,"Тільки що отримала це повідомлення, я не ігнорую тебе. Так, ігнорувала. Шопінг, це ж таки..."
ham,"Любий/люба:-/ чому в тебе поганий настрій? Я не вмію водити, тому керуватиму братом."
ham,Коли тато повернувся.
ham,"Чи можете ви сказати Шолі, щоб вона пішла до медичного коледжу та відвідала академічний відділ, розповіла академічному секретарю про поточну ситуацію та запитала, чи може вона туди перевестися? Їй слід попросити когось перевірити Сагаму на наявність того ж самого захворювання та лаутеку. Вкрай важливо, щоб вона завершила свою медичну освіту в Нігерії. Це дешевше, набагато дешевше. Хіба що вона отримуватиме пільгові тарифи для громадян у Новій Зеландії."
ham,"Так, щойно закінчив дивитися ""Дні нашого життя"". Мені дуже подобається."
ham,Juz go google n search 4 qet...
ham,"Часто ми втрачаємо найкращих, бо ми є"
ham,"Добрі друзі піклуються одне про одного... Близькі друзі розуміють одне одного... а справжні друзі залишаються назавжди, незрозумілими словами, незрозумілими часом. Ґуд ні8"
ham,Тільки повертаюся додому
ham,"Вибачте, я зателефоную пізніше <#> хв"
ham,"Не потрібно використовувати dial-up, просто відкривайте браузер і переглядайте веб-сторінки..."
spam,"Як один із наших зареєстрованих підписників, ви можете взяти участь у розіграші подарункового сертифіката на 100 ГБ, відповівши ENTER. Щоб відписатися, надішліть STOP"
ham,"Чудово, планую приїхати сюди будь-коли після <#>, я напишу тобі подробиці трохи пізніше."
ham,"Бережи себе та спи добре. Тобі потрібно навчитися змінюватися в житті. Тобі лише потрібно ПЕРЕКОНАТИСЯ в цьому. Я почекаю, але більше жодних розмов між нами. ПЕРЕКОНАЙСЯ до того часу. Твоя сім'я для тебе закінчилася в багатьох сенсах. Поважай їх, але не перебільшуй. Інакше ти не матимеш жодної ролі в моєму житті."
spam,"Щоб отримати шанс ВИГРАТИ БЕЗКОШТОВНУ Bluetooth-гарнітуру, просто надішліть відповідь із текстом «ADP»"
ham,"Ти також не отримав ""на хі-хі-хі-хі-хі"""
ham,"Так, але він не може відображати внутрішні субтитри, тому мені потрібно їх витягти."
ham,"Якщо я щось не так сказав, вибачте :-)"
ham,"Сумна історія чоловіка - минулого тижня був мій день народження. Моя дружина не привітала мене. Мої батьки забули, як і мої діти. Я пішов на роботу. Навіть мої колеги не привітали."
ham,"Яка дурість казати, що я кидаю виклик Богу. Ти зовсім не думаєш про те, що я пишу, а натомість відповідаєш одразу."
ham,"Так, я маю змогу, я напишу тобі, коли буду готовий зустрітися."
ham,"Я теж не маю шкіри, але хотів би кількох пташок. Збираюся зустрітися з іншими в ложці, але просто дивитися планету Земля, і диван дуже зручний; Якщо я не встигну, то матиму гарну ніч."
ham,"каже, що він кидає палити щонайменше 5 разів на день, тому я не звертала б на це особливої ​​уваги. Ні, вона не заперечувала. Ти ще побачишся з ним? Хочеш приїхати до Тонтона сьогодні ввечері? Можеш мені все розповісти!"
ham,"Коли звільнишся, подзвони мені."
ham,"Як справи у ваших любих малюків цього тижня? Хочете випити кави? Не можу повірити, що вже настала ця пора тижня..."
ham,"Добре, я напишу тобі, але я виходжу з дому."
ham,"Все ще на західному узбережжі... Хайз... Знадобиться вічність, щоб повернутися..."
ham,МММ ... Блядь .... З Різдвом Христовим мене
ham,Добре. Дякую за пораду. Гарного вечора. Я спробую трохи поспати...
ham,Частіше оновлюй свій статус у фейсбуці :)
ham,Тільки зараз побачила твоє повідомлення. Звісно ж так :)
ham,"Це було щось, що ти з'їв/з'їла?"
ham,То що ж банк сказав про гроші?
ham,"Айяр, не турбуй тебе, ляо... Дякую, у тебе є багато справ після того, як твоя шафа прийде..."
ham,"Гей, вони сьогодні не дивитимуться фільм, тому я, мабуть, повернуся додому раніше..."
ham,"Так, друже... Як ти знаєш? Ти теж користувався цим маршрутом?"
ham,2 хвилини тому я не йду на тренування в спортзалі. На добраніч.
ham,"Не думаю, що тобі потрібна жовта картка для подорожей до Великої Британії. Запитай когось, хто вже там був. Якщо ти це зробиш, то це просто <#> баксів"
ham,"Можеш подивитися на мене в бібліотеку, у мене є речі, які я ще не закінчив."
ham,Звучить чудово! Я зараз йду спати. Гарної ночі!
spam,"Не будь розпусним... будь жвавим та щасливим! Єдиний гей-чат із завантаженням фотографій, телефонуй за номером 08718730666 (10 копійок/хв). 2 зупинки наших текстових повідомлень, телефонуй за номером 08712460324."
ham,"Покоївка — вбивця, бо чоловіка вбили <#> січня.. У святковий день усі державні установи закриті, включаючи пошту.. зрозуміли?"
ham,Чому тобі нема чим зайнятися?
ham,"Ніщо ніколи не буде легким. Але не шукайте причини, щоб не ризикувати життям і коханням."
ham,Я хочу обійняти твою гарну попу :)
ham,"Я все звела до чаю. Не знаю, який смак."
ham,"Я зараз йду в другий сад, вже скоро туди дістануся. А ти туди дістанешся?"
ham,"Люба, я не заперечую твоїх слів, будь ласка."
ham,"Пам'ятаєш мого старого Дома, про якого я тобі вчора розповідав? Його звати Роджер? Він зв'язався зі мною минулої ночі і хоче зустрітися зі мною сьогодні о 14:00."
ham,"ПОВЕРНІТЬСЯ ДО ТАМПИ, БЛЯХАААААА"
ham,"Я святкую свій день народження, а як же інакше?"
ham,"З Різдвом Христовим і тебе, Аню!"
ham,"Будь ласка, скажіть мені, що у вас є щось із тих особливих акцій, про які ви говорили."
ham,Я їх надіслав. Тобі подобається?
spam,"Терміново, UR отримав безкоштовну поїздку до EuroDisinc Trav, Aco&Entry41 або грн1000. Щоб отримати DIS, надішліть SMS-повідомлення на номер 87121 18+6*грн1.50 (moreFrmMob. ShrAcomOrSglSuplt)10, LS1 3AJ."
ham,"Чудово, буду там за хвилину"
ham,"І в цьому-то й проблема. Ти ходиш по ""юліанській країні"", не звертаючи уваги на те, що відбувається навколо. Я постійно кажу одне й те саме, а воно входить в одне вухо і виходить з іншого, поки ти йдеш робити, що хочеш. Не те щоб ти не знаєш, чому я засмучений, а те, що ти не слухаєш, коли я кажу тобі, ЩО мене засмутить. А потім хочеш здивуватися, коли я розлючуся."
ham,"Я ж тобі казав, що все зупиниться. Тільки не дай їй зневоднитися."
ham,"Або, мабуть, <#> хв"
ham,Я вдома. А о котрій годині ти прибудеш?
ham,"Бурхливе повідомлення: Коли ти піднімаєш телефон, ти кажеш «ПРІВІТ». Чи знаєш ти, що насправді означає «ПРІВІТ»?? . . . Це ім'я дівчини..! . . . Так.. І ти знаєш, хто ця дівчина?? «Маргарет Хелло». Вона дівчина Грембелла, який винайшов телефон... . . . . Мораль: Можна дізнатися ім'я людини, але не її дівчину... На добраніч . . .@"
ham,"Якщо ви хочете провести там квест на мапі чи щось подібне, знайдіть ""USF Dogwood Drive"", це та крихітна вулиця, де знаходиться парковка."
ham,"Гаразд, мені просто запланувати прийти пізніше сьогодні ввечері?"
ham,"Померти... Я випадково видалив повідомлення, мабуть, помістив два в архів SIM-карти. Ось так... Мені так сумно..."
spam,"Ласкаво просимо на UK-mobile-date, це повідомлення БЕЗКОШТОВНЕ, що дозволяє вам безкоштовно телефонувати на номер 08719839835. Вартість майбутніх дзвінків становить 150 копійок щодня. Щоб скасувати, надішліть «go stop» на номер 89123."
ham,"Бажаю вам гарного дня. Моджі розповів мені про вашу пропозицію, і, як завжди, я був не в змозі вимовити мій голос. Ви так легко пропонуєте, що готові піти на все заради мене, і це приголомшливо. Мій іспит наступної п'ятниці. Після цього я буду частіше зв'язуватися. Вибачте."
ham,"Ще раз дякую за вашу відповідь сьогодні. Коли прийде ваша віза? А ви все ще купуєте Gucci та сумки? У моєї сестри справи нелегкі, дядько Джон також має свої рахунки, тому мені справді потрібно подумати про те, як заробляти власні гроші. Пізніше, Ша."
ham,"Вибач, що я вчора ввечері розвалився, з моїм сусідом по кімнаті серйозно щось відбувається, чим ти займаєшся сьогодні ввечері?"
ham,"Він сказав, що я гарно виглядаю з довгим волоссям. Але я думаю, що він мене досить коротко стриже."
ham,Ранджит кал дрпд Дірадж та Діпак 5 хв утримувати
ham,"""УРА, ЩО ДЗВОНИШ, КРАКИЙ. СОЗІ НЕ МОЖЕ РОЗМОВЛЯТИ, АЛЕ Я ХОЧУ РОЗПОВІСТИ ТОБІ ПОДРОБИЦІ ПІЗНІШЕ, МИ МОЖЕМО ПОСЛІКАТИСЯ ПРАВИЛЬНО X"""
ham,"Гей, ти ще в спортзалі?"
ham,"Вона сказала: «Ви не проти, якщо я на хвилинку піду до спальні?» «Добре», — відповів я у сексуальному настрої. Вона вийшла через 5 хвилин з тортом... і моя дружина,"
ham,"Набагато краще вже, дякую, лол"
ham,"Нічого, просто надсилаю смс тобі, друже. Вибач, хлопці, я ніколи не зустрічався з тобою особисто, але вони тебе дещо знають. Тож ти хочеш зустрітися з ними, запросити мене, взяти тебе з собою на нашу наступну зустріч."
ham,"Дай мені знати, коли я можу заскочити і забрати, я вільний практично будь-коли після першої години весь цей семестр."
ham,Ти... Ти такий ефективний... Ого... Дякую...
spam,3. Ви отримали свій мобільний контент. Насолоджуйтесь.
ham,"С, але не можу спати."
spam,Хочете відвертого СЕКСУ за 30 секунд? Телефонуйте 02073162414 зараз! Вартість 20 копійок/хв
ham,"Ми скоро зустрінемося, принцесо!"
ham,"Я заїду за тобою приблизно о 17:15, щоб поїхати до Тонтона, якщо ти все ще хочеш піти."
ham,"О :-) лише 4 сторонні гравці можуть грати, знаєте"
ham,"Я що завгодно, лор."
ham,Ерутупалам тандіячу
ham,"Хіба ти не можеш спробувати новий винахід, щоб літати... я не жартую."
ham,Ні..там повно текстів пісень..
ham,"Як ви думаєте, чи потрібно організувати транспорт, якщо ви не можете цього зробити, дякую?"
ham,"Справжня любов і турбота ніколи не залишаться непоміченими. Хоча хтось часто помиляється, цінуючи їх. Але вони обов'язково зрозуміють, коли почнуть сумувати за ними."
ham,Шопінг? Eh ger i toking abt syd leh... Ха-ха
ham,Чого не розумієш.
ham,гарних вихідних.
ham,"Промах, промах, промах, промах, невдалий промах, невдалий промах, невдалий промах, невдалий промах. Це правило D. Перемагає той, у кого якість прийому телефону чудова."
ham,"Зателефонуй мені, коли матимеш можливість, будь ласка <3"
ham,Нова гра Deus Ex вийде на початку наступного року
ham,"Мій комп'ютер щойно спалив єдину важливу деталь, яку ми не зберігаємо запасними, бо мої кляті ідіотські сусіди по кімнаті обожнюють залишати його працювати на повній потужності <#> /7"
ham,"Моя подруга навчається у Ворвіку, ми планували піти на шопінг і на концерт TMW, але його можуть скасувати, ми давно не бачилися, так, нам варто якось зустрітися!"
ham,"Мабуть, максимум кілька годин"
ham,"ЛОЛ .. *посміхається* .. Я не красуня, але дякую, що подумала про мене!"
ham,"Чувак, цей автобус такий-так-так повільний. Думаю, ти доїдеш туди раніше за мене."
ham,"Сподіваюся, цей текст зустріне вас з посмішкою. Якщо ні, то нехай він дасть вам привід посміхнутися. Гарного вам дня."
ham,"Якщо ти прокинешся і задумаєшся, де я, я забув, що сьогодні маю подбати про дещо для бабусі, це треба зробити до параду."
ham,Гаразд
spam,"Найновіший мобільний телефон Nokia або MP3-плеєр iPOD + ГАРАНТОВАНО приз у розмірі грн400! Надішліть відповідь із текстом: ВИГРАЙ на номер 83355 зараз! Norcorp Ltd. грн1,50/Mtmsgrcvd18+"
spam,"SMS-ПОСЛУГИ. Щоб отримати доступ до SMS-кредитів, будь ласка, перейдіть на www.comuk.net login=3qxj9 або скасуйте підписку за допомогою STOP, без додаткової плати. Довідка 08702840625.COMUK. 220-CM2 9AE"
ham,"Нвм, не поспішайте."
ham,Тож яке ж рішення?
ham,"Ти що, два встав, сучко?"
ham,Дурість. Це неможливо.
ham,"Вона сказала менеджеру з персоналу, що він хоче працювати в Ченнаї :) бо я тут працюю :)"
spam,Мобільний клуб: Оберіть будь-який з найякісніших товарів для вашого мобільного телефону. 7cfca1a
ham,"Коли ви, хлопці, вирушаєте?"
ham,"Він не бурчав, але я сумую, лор... Хі... Купи мені час для лора після обіду. Але ми все одно зустрічаємося о 4-й обідній черзі, а ні. Нічого не чути про них, леї. У тебе багато роботи, чи не так?"
ham,Не в змозі нічого зробити.
ham,Ти сьогодні вивчаєш лінійну алгебру?
ham,Ці вихідні чудові (привід не займатися надто багато декоруванням)
ham,"Вибач, що сумував за тобою, любий. Я не спав допізна і довго проспав. Сподіваюся, тобі сподобається урок водіння, хлопчику. Я теж сумую за тобою... *дражливий поцілунок*"
ham,Тепер проєкт «па». Після цього зможу прийти тільки я.
spam,"Гроші, які я виграв, виграшний номер 946, що мені робити далі?"
ham,"Звісно, ​​щоразу, коли ти з'явишся, бляха >:("
ham,"Це було випадково, я побачив свого колишнього сусіда по кімнаті в кампусі. Він закінчив..."
spam,"Вітаємо! 2 мобільні 3G відеофони R ваш. Телефонуйте 09061744553 зараз! Відеочат з друзями, грайте в Java-ігри, завантажуйте музику polyH, орендуйте noline. bx420. ip4. 17:00. 15:50"
ham,"Чоловікам завжди потрібна красива, розумна, турботлива, любляча, адаптивна, готова до співпраці дружина. Але закон дозволяє мати лише одну дружину..."
ham,"Це жахливо. То що ти запланувала на свою валентинку? Я ж твоя валентинка, чи не так?"
ham,"Щойно дісталася частини Ноттінгема - 3 години 63 милі. Добре, що я так люблю свого чоловіка, але їду лише зі швидкістю 40 миль/год. Привіт."
ham,"Що думати, ніхто чітко не говорить. Добре, не потрібно її питати. Я піду, чи прийде вона, чи ні."
ham,"Привіт, доброго ранку.. Дякую, бажаю того самого.."
ham,ТИ ХОЧЕШ ЗУСТРІТИСЯ З 2MORRO?
ham,"Власне, я вирішив, що надто голодний, тому ще не пішов :V"
ham,Я надіслав тобі свою частину..
ham,"Бо я була на шопінгу з Дарреном, і зараз я подзвонила йому, щоб запитати, що він хоче для Лора. Потім він почав вгадувати, з ким я, і нарешті вгадав, що це за Даррен."
spam,"Я хочу члена! Мій чоловік поїхав, мені потрібен справжній чоловік, щоб мене задовольнити. Надішліть ДРУЖИНУ на номер 89938 для дії без зобов'язань. (Кінець SMS STOP, SMS-повідомлення грн1.50 за штуку. OTBox 731 LA1 7WS.)"
ham,Зрозумій. його програш — мій здобуток :) тож ти працюєш? Навчаєшся?
ham,"ЯК ТИ? Я ДУЖЕ СУМУВАЛА ЗА ТЕБЕ! Я НЕ СИЛЬНО НЕ ВСТАВАЛА. ТРОХИ НУДНО НА КАНІКУЛАХ. ХОЧУ ПІТИ ВИПЕЧИТИСЯ ДО КОЛЕДЖУ! СУМНО, ЧИ НЕ ТАКОЖ? xx"
ham,"Привіт, мабуть, повернуся додому на вихідних після наступного."
ham,"Не забувай, що я кохаю тебе... І я йду поруч з тобою. Наглядаю за тобою і зігріваю твоє серце."
ham,"Хотілося б, щоб усе було інакше. Цікаво, коли я зможу показати тобі, як сильно я тебе ціную. Будь ласка, продовжуй швидкі прогулянки, без наркотиків, не питаючи мене, і знайди, над чим посміятися. Я тебе дуже люблю."
ham,"Добре, обидва наші дні. То що ти готуєш сьогодні на вечерю? Я запрошений/запрошена?"
spam,"Нова послуга Gr8 - відеочат сексу в реальному часі на вашому мобільному - дивіться найсексуальніших і найбрудніших дівчат у прямому ефірі на вашому телефоні - 4 деталі, надішліть SMS-повідомлення horny на номер 89070 для скасування, надішліть STOP на номер 89070"
ham,"У мене немає грошей, друже Стів!!"
ham,"Я запізнююся, скажу, що я вже в дорозі"
ham,"Ніколи не звинувачуй жодного дня у своєму житті. Гарні дні дають тобі щастя. Погані дні дають тобі досвід. І те, й інше є важливим у житті! Усе це Боже благословення! Доброго ранку."
ham,Зазвичай я п'ю більше води щодня :)
ham,Наважуся запитати... Чи вдалося вам розібратися з машиною?
ham,"Вечірка у мене вдома в USF, безкоштовно (але якщо ви можете зробити будь-який внесок, буду дуже вдячний), і так, у нас є місце ще для однієї людини."
ham,"Фу, у тренері гаряче, пахне жиром від чіпсів! Ще раз дякую, особливо за ковдру (не слово в прогнозованому текстовому повідомленні)."
ham,"Привіт. Як пройшла вчорашня ніч? Я була неслухняною, купила собі одяг і зовсім небагато... Але готова до нових покупок! О котрій годині ти хочеш зустрітися?"
spam,"Безкоштовне повідомлення Привіт, крихітко, вау, щойно з'явився новий веб-камера Мобі. Хочеш гаряче фото? Або хочеш поспілкуватися? Я через W8IN 4uTxt / відповідей у ​​ЧАТІ на номер 82242 Hlp 08712317606 Msg150p 2rcv"
ham,"Я намагався до нього додзвонитися, але безуспішно"
ham,Коли ви з Дереком закінчите уроки?
ham,"Ніколи не леїв... Я лінивий... Зрозумів що? Сьогодні ти надіслав мені URL-адресу, вона не працює..."
ham,"Ніколи не намагайся самотужки витримати тягар сльози, яка виходить з твого серця і падає крізь очі... Завжди пам'ятай, що ДУРНИЙ ДРУГ тут, щоб поділитися... BSLVYL"
ham,"Привіт, друже. Поговорив з людьми з журналу. Ми впевнені. Доставка до кінця місяця. Доставимо 24 вересня. Поговоримо пізніше."
ham,"Сподіваюся, у вас гарний тиждень. Просто перевіряю."
ham,"Ха-ха, мій друг Тайлер буквально щойно запитав, чи можеш ти йому дістати дубляж."
ham,"«Гей! Хочеш зустрітися зі мною о 4-й – випий трохи напою від мене. Якщо ні, напиши або зателефонуй мені, і ми можемо зустрітися о 18-й. Досить втомився, приїхав о 3-й. Піт, з любов'ю, Піт xx x»"
ham,"Чудово. Щасливої ​​подорожі. Не панікуйте, здавайте все."
ham,"""СИМПТОМИ"", коли ви закохані: ""1. Ви любите слухати пісні. 2. Вас зупиняють, коли ви бачите ім'я коханої людини. 3. Ви не злитеся, коли ваш..."""
ham,"Сонце, ах... Дякую, можливо, зможу, якщо в тебе щось є... Дякую, треба забронювати урок... Пілатес є в Orchard Mrt, ти не в захваті..."
ham,"Спробуй щось зробити, люба. Ти щось читаєш для іспитів."
ham,"7 чудес мого СВІТУ 7-е місце — це ти, 6-е місце — твій стиль, 5-е місце — твоя посмішка, 4-е місце — твоя особистість, 3-є місце — твоя природа, 2-е місце — твоє SMS та 1-е місце — «Твоя чудова дружба»... доброго ранку, люба."
ham,Готуюся до відправки комп'ютера
ham,Я в лікарні. Я повернуся додому ввечері.
ham,"ТО, ХТОСЬ РОЗУМІЄ ТЕБЕ, ВКАЗАВ НА ЦЕ, ЦЕ ВОНО. (ТЕПЕР ПРОЧИТАЙ ЦЕ У НАЗАДНОМУ ВИГЛЯДІ)"
ham,Подумай + так. Ти зробиш.
ham,Я не сплю. Що трапилося?
ham,"Доброго дня, мій хлопчику. Як пройшов цей день блукання туди-сюди? Ти отримав поліцейську виписку? Ти все ще десь? Я прокидаюся і сумую за тобою, любий."
ham,Скільки ви намагаєтеся отримати?
ham,"Приходь <DECIMAL>, пиши в особисті повідомлення, Віккі..я надворі на північний захід, зайду в цей час."
ham,"Скажи мені ще раз, яка твоя адреса"
ham,"Бджола сказала: *Я найсолодша у світі* Бог засміявся і сказав: *Зачекайте, ви ще не зустрічали людину, яка читає це повідомлення* МОРАЛЬ: Навіть БОГ може жартувати! GM+GN+GE+GN:)"
ham,"Чи варто мені купити йому Blackberry Bold 2 чи Torch? Чи варто купувати йому новий чи вживаний? Дайте мені знати. Крім того, ви кажете, що мені варто купити <#> g Wi-Fi iPad? А що ви скажете про <#> g?"
ham,"Але ви були разом, тож тобі слід думати про нього."
ham,"Привіт, як справи в сонячній Африці? Сподіваюся, ти добре проводиш час. Передай у відповідь своєму великому старому срібному мішку великий поцілунок від мене."
ham,О КОЛИ мені слід прийти завтра?
spam,"Хочете посміятися? Спробуйте CHIT-CHAT на своєму мобільному телефоні зараз! Увійдіть, надіславши SMS-повідомлення зі словом CHAT на адресу: No: 8883 CM PO Box 4217 London W1A 6ZF 16+ 118 копійок/повідомлення прийнято"
ham,"""ЧА ДОСІ ВРАЖАЄ, ЦЕ КРУТА КРАК, ПРОБУЙ ПОП І ЗАЛИШАЙ СИНТАЛЬНИЙ СНІДАНОК! ЛЮБЛЮ ДЖЕН XXX. ДОДАТКОВО ВЕЛИКІ ПОРЦІЇ ДЛЯ МЕНЕ, БУДЬ ЛАСКА"""
ham,"Боже, звідки ти знаєш, що я з'їв?"
spam,"""ТЕРМІНОВО! Це друга спроба зв'язатися з вами! Ви ВИГРАЛИ грн1000. ЗАТЕЛЕФОНУЙТЕ 09071512432 b4 300603, правила та умови BCM4235WC1N3XX. Вартість дзвінка 150 стор. за хвилину, мобільні телефони варіюються. Максимум грн7.50""."
ham,:( але тебе тут немає...
ham,Не прямо позаду... Приблизно на 4 ряди позаду...
spam,Вітаємо! Ви отримали 500 ваучерів на компакт-диски або 125 подарунків. Вхід безкоштовний. 2 щотижневих розіграші на 100. Надішліть SMS-повідомлення MUSIC на номер 87066.
spam,"Ваш контракт на мобільний зв'язок тривав 11 місяців? Найновіші телефони Motorola, Nokia тощо – все БЕЗКОШТОВНО! Подвійні хвилини та текстові повідомлення на тарифах Orange. Надішліть SMS «ТАК» для зворотного дзвінка, «НІ» для видалення із записів."
spam,Терміново! Зателефонуйте за номером 09066350750 зі стаціонарного телефону. Ваш безкоштовний 4-зірковий відпочинок на Ібіці або 10 000 готівкою очікують на отримання. Правила та умови SAE PO BOX 434 SK3 8WP 150 ppm 18+
ham,Поки що планів немає. Що ти робиш?
ham,"Привіт ... Мої заручини заплановані на <#> число наступного місяця. Я знаю, що це справді шокує, але ... хм, неймовірно, це було раптово ;-(."
ham,"Не курс. Тільки математика, один день, один розділ, який ми можемо закінчити за один місяць."
ham,"Ого, не думав, що це так поширено. Беру свої слова назад, ти ж не виродок! Хіба що ти його відріжеш :-)"
spam,"Щоб отримати шанс виграти щотижневий шопінг на суму 250 гривень стерлінгів, надішліть SMS-повідомлення з текстом SHOP на номер 80878. Правила та умови: www.txt-2-shop.com, служба підтримки клієнтів: 08715705022, 1x150 копійок/тиждень"
ham,"Ніііііі, будь ласка. Останнє, що мені потрібно, це стрес. Хоча б раз у житті будь справедливим."
spam,"У тебе є таємний шанувальник, який шукає тебе, зв'яжися з тобою — дізнайся, хто він/вона вважає тебе таким/такою особливою. Розкажи, хто вважає тебе таким/твою особливим — зателефонуй за номером 09065171142, stopsms, 08718727870, 150 стор./хв."
spam,"Міла, 23 роки, блондинка, щойно переїхала з Великої Британії. Шукаю секс з британськими хлопцями. Якщо хочеш розважитися зі мною, надішліть MTALK на номер 69866.18. 30 сторінок/текст, перші 5 безкоштовно. Крок грн1.50. Довідка 08718728876"
ham,"Подивлюся, чи зможу я заскочити трохи сюди, спочатку треба дещо зробити."
ham,"Я хотіла привітати тебе з Новим роком і особисто поговорити про юридичні поради щодо нашого розлучення з Гері. Я обов'язково поїду до Потбо з цього приводу. Сподіваюся, у тебе все буде добре, люба, і я тебе люблю :)"
ham,Ти ще не закінчив роботу чи що?
ham,"Завтра я не йду в театр... Тож можу прийти, куди ти мене покличеш... Скажи мені, куди і коли прийти завтра..."
spam,"Молодець, АНГЛІЄ! Отримайте офіційну поліефірну мелодію дзвінка або кольоровий прапор на свій мобільний! Надішліть SMS-повідомлення TONE або FLAG на номер 84199 ЗАРАЗ! Відмовтеся від SMS-повідомлення ENG STOP. Box39822 W111WX грн1.50"
ham,"Так, це не ти дзвонив, а хтось із таким самим номером, як у тебе!"
ham,"Все гаразд, я не буду злий. Напиши тобі повідомлення, коли я повернуся додому сьогодні ввечері."
ham,Я теж добре провів час. Приємно робити щось трохи незвичне у свої вихідні для різноманітності. До зустрічі.
ham,"Вибач, був у душі, ну..."
ham,"Карлос упав, але мені треба його замінити, тому я трохи заскочу до USF."
ham,Повний розігрів па-дерево :-) я наніс олію па-дерево.
ham,"Я застряг посеред ряду, праворуч від столу..."
ham,Ви вже поклали край своїй авіалінії?
ham,"Привіт, ти вирішила, кого з двох отримати на його день народження? Якщо не буде, можливо, просто купи йому ваучер від Virgin або Summing."
spam,"Безкоштовне повідомлення: SMS: ЗАТЕЛЕФОНУЙТЕ на номер: 86888 та отримайте свою винагороду у вигляді 3 годин розмов зі свого телефону зараз! Підписатися6 гривень стерлінгів/міс., включаючи 3 год. 16 зупинити?txtЗупинити"
ham,"«Гей, Джей! Тобі вже краще, сподіваюся, люба. Я вже погано почуваюся і, здається, у мене тонзиліт! Блін, я лежу в ліжку, мені дуже нудно. Дуже мене люблю xxxx»"
ham,"І я не планую залишатися на ніч, але, ймовірно, повернуся не раніше ніж пізно."
ham,ДЯКУЄМО 4 ПУТТИН ДА МЕНЕ ТЕЛЕФОНОМ!!
ham,"Мені потрібен восьмий клас, але я не в кампусі, банкомат, чи можу я забрати його через годину-дві?"
ham,"О... Ха-ха... Нам теж слід було сьогодні піти... Гей, ні, ні... Кайєз, я не проти піти на джаз... Наляканий хіп-хоп опен, не можу наздогнати..."
ham,"Бігав, але витримав лише 5 хвилин, а потім знадобився кисень! Можливо, доведеться вдатися до ролика!"
ham,Ми живемо в наступні <#> хвилини
ham,І ти питаєш так.
ham,"Просто радий, що можу з тобою поговорити."
ham,О котрій годині ти закінчиш?
ham,"Вибач, тату. Я збожеволів, стільки незавершених робіт, що робити."
ham,Скільки ви отримали за прибирання
ham,"Як справи у моєї улюбленої людини сьогодні? Ти багато працюєш? Знову не міг заснути минулої ночі, мало не подзвонив тобі о 4:30."
spam,"Вікторина «Сонячне світло»! Виграйте супер-DVD-рекордер Sony, якщо зможете назвати столицю Австралії? Надішліть MQUIZ на номер 82277. B"
ham,Я назвав тата Ореді...
ham,Добре. Чи не міг би ти надіслати мені кілька фотографій? Я б хотів побачити твої фотографії зверху та знизу...
ham,"Нвм... Я все одно взую своє спортивне взуття... Я запізнюся, Лехе."
ham,"Вибачте, я подзвоню пізніше під час зустрічі."
ham,"ЦЕ ДОВГЕ, БЛЯДЬ, ШОУ"
ham,"Отримано, зрозуміло та вжито заходів!"
ham,Вони нарешті прийшли полагодити стелю.
ham,"Тобі завжди потрібні мої подарунки bcz Ти не можеш заблукати. ""jeevithathile irulinae neekunna prakasamanu sneham"" prakasam ennal prabha 'Це мнс прабха - це ЛЮБОВ' Зрозуміло. Не сумуйте за мною...."
ham,Тільки-но закінчи мені укладати волосся. Ти вже повечеряв?
ham,Я в автобусі. Люблю тебе.
ham,"Лол... Я так і знав... Я бачив його в магазині ""все за долар""."
spam,"Будь ласка, зателефонуйте нашому представнику служби підтримки клієнтів за номером 0800 169 6031 з 10:00 до 21:00, оскільки ви ВИГРАЛИ гарантований приз у розмірі 1000 гривень стерлінгів готівкою або 5000 гривень стерлінгів!"
spam,"Сьогоднішні номери Voda, що закінчуються на 7634, обрані для отримання винагороди у розмірі 350 гривень стерлінгів. Якщо у вас є збіг, зателефонуйте за номером 08712300220, назвавши код заявки 7684, застосовуються стандартні тарифи."
ham,"Тільки субота та неділя вихідні, тому дуже складно :)"
ham,Усім було весело цього вечора. Сумую за тобою.
ham,"Маєш купу грошей на бензин, хочеш скоро вирушити у грандіозну пригоду на природі з Галілео?"
ham,"Я на зустрічі, зателефонуйте мені пізніше о"
ham,"Ого, це гей. Чи допоможе оновлення прошивки?"
ham,Цього не вистачить. Доведеться переходити на морфін.
ham,"Чому я не... Так, я підстригся..."
ham,"К к па Пообідав, ага."
ham,"Ого. Це вперше, коли ти використовуєш такі слова?"
ham,"Капітан Віджайкант знімається в комедії ""Капітан ТБ""... він п'яний :)"
ham,"Звісно. Гадаю, Бог просто зараз мене тримає на паузі."
ham,Ти щось приховуєш чи тримаєшся від мене на відстані?
ham,Не гавані.
spam,"Вас обдирають! Завантажуйте мобільний контент з www.clubmoby.com, телефонуйте за номером 08717509990 poly/true/Pix/Ringtones/Games, шість завантажень лише за 3"
ham,"Вибачте, я не заблокував клавіатуру."
ham,Ви зрозуміли історію цієї людини?
ham,Ви плануєте приїхати до Ченнаї?
spam,Ми намагалися зв'язатися з вами щодо вашої відповіді на нашу пропозицію щодо відеотелефону 750 у будь-який час будь-якої мережі хвилин за півціни. Оренда відеокамери. Відповідайте або телефонуйте за номером 08000930705.
ham,"Бог створив проміжок між твоїми пальцями, тож ця дуже особлива річ заповнить ці проміжки, тримаючи твої руки... Тільки, будь ласка, не питай, він створив такий великий проміжок між ногами!!!"
ham,У нас все гаразд. Зараз спати. Пізніше.
ham,"Будь ласка, захистіть себе від електронних загроз. SIB ніколи не запитує конфіденційну інформацію, таку як паролі, PIN-коди банкоматів/SMS, через електронну пошту. Ніколи нікому не повідомляйте свій пароль."
ham,"Нарешті це сталося..! Після десятиліть..! ПИВО тепер дешевше за БЕНЗИН! Уряд очікує, що ми будемо ""ПИТИ""... Але не ""ВОДИТИ"""
spam,"НА ВАС ЧЕКАЄ РІЗДВЯНА НАГОРОДА У РОЗМІРІ 400 ФУНТІВ СТЕРЛІНГІВ! Наш комп'ютер випадковим чином обрав вас серед наших постійних мобільних клієнтів, щоб отримати винагороду у розмірі 400 гривень стерлінгів. Просто зателефонуйте за номером 09066380611"
ham,Де ви зустрічаєтеся з TMR?
ham,"Ха-ха, так. Але це додасть трохи пікантності вашому дню."
ham,"Сподіваюся, у тебе чудовий день."
ham,Наша мати Прашантха Еттана померла минулої ночі. Просто моліться за неї та її родину.
ham,"К, я щось придумаю."
spam,ПРИВАТНО! Ваша виписка з рахунку за 2003 рік містить 800 невикористаних SIM-балів. Телефонуйте за номером 08718738002. Ідентифікаційний код: 48922. Дійсний до 21.11.2004.
ham,"Це повідомлення від чудового лікаря з Індії :-) 1) Не пийте APPY FIZZ. Він містить рак, що спричиняє старіння."
ham,"Я зараз не можу відповісти на телефон. Будь ласка, надішліть повідомлення."
ham,Подзвони йому і скажи це зараз же перед ними. Подзвони йому зараз же.
ham,"Добре, без проблем..."
ham,Пані перші та рід другий k.
ham,"Ні. Так, будь ласка. Плавали?"
ham,Мама вже не робінзонує.
ham,"Добре, давай повідомимо деталі пізніше..."
ham,Назва програмного забезпечення не...tel...
ham,Я надсилаю роздруківки так.
ham,Я справді ДУЖЕ ДУЖЕ ЧУВАЮ МОЮ МАМУ 2NITE А А 2MORO?
ham,"Коли я народився, БОГ сказав: «О ні! Ще один ІДІОТ». Коли народився ти, БОГ сказав: «О ні! ЗМАГАННЯ». Хто б знав, одного дня ці двоє стануть ДРУЗЯМИ НАЗАВЖДИ!"
ham,"Я не отримав(-ла) твого повного повідомлення..дещо відсутній, надішли його ще раз."
ham,"Мабуть, ні, у мене майже закінчився бензин, а завтра я отримаю трохи готівки."
spam,"Оголошення від служби підтримки клієнтів. Нещодавно ми намагалися здійснити вам доставку, але не змогли. Будь ласка, зателефонуйте за номером 07099833605, щоб перенести доставку. Посилання: 9280114"
ham,Я забув запитати щось... На подарунковому леї є листівка... Як? Ви всі хочете щось написати чи підписати?
ham,Я зараз виходжу з дому.
spam,"Привіт, люба, це Хлоя, як справи? Я була просто в захваті в суботу ввечері, це було чудово! Як пройшли твої вихідні? Ти сумувала за мною? SP visionsms.com Текстові повідомлення ""стоп ту стоп"" 150 копійок/повідомлення"
ham,"Будеш готовий, тоді подзвони мені..."
ham,Wewa 130. Iriver 255. Все 128 мб.
ham,"Добре, що я тепер встановлюю зв'язок з bw."
ham,Вибач... тільки я прийшов додому...
ham,"Круто, він буде тут усю ніч, дай мені знати, коли ти будеш поруч."
ham,Ви залишаєтесь у місті?
ham,"Ха-ха, так, 2 унції – це щось на зразок лайна."
ham,"Добре, можеш взяти мене за покупками, коли тобі заплатять =D"
ham,"Моє життя багато для мене значить, Не тому, що я люблю своє життя, А тому, що я люблю людей у ​​своєму житті, Світ називає їх друзями, я називаю їх своїм світом :-).. Ге:-).."
ham,"Добре, ми вам це принесемо, побачимося приблизно через <#> хвилин"
ham,"Але, будь ласка, не втручайся в життя інших."
ham,Їм свій обід...
ham,"Хммм, але тобі варто було б це одного разу віддати..."
ham,"Не пробував, і ми з Дж. вирішили не вирушати."
ham,"Гаразд, без проблем"
ham,"Звісно, ​​я дам його тобі :-), коли прийду на огляд."
ham,"До кінця березня я маю бути готовий. Але обов'язково тобі зателефоную. Проблема в тому, що мій капітал ніколи не буде завершено. Як далеко у тебе? Як робота і як дівчата?"
ham,"Тессі... будь ласка, зроби мені послугу. Будь ласка, передай мої привітання з днем ​​народження Нім'ї... будь ласка, не забудь про це. Сьогодні в неї день народження, Шіджас."
ham,"Будь ласка, давайте їй їжу, бажано дуже повільно, з великою кількістю цукру. Це може зайняти до години, щоб давати її. А ​​потім трохи води. Дуже-дуже повільно."
spam,ТЕРМІНОВО! Ваш мобільний номер 07808726822 отримав бонусний приз у розмірі 2000 гривень стерлінгів 09.02.03! Це наша друга спроба зв'язатися з ВАМИ! Телефонуйте за номером 0871-872-9758 BOX95QU
ham,"Хлопець, який звикає, але надто дурний, щоб це усвідомити."
ham,"Гаразд, Докі, я зараз прийду, дещо розберуся."
ham,Не дай :) що ти плануєш?
ham,"Так, добре"
spam,"ВИГРАШ: У нас є переможець! Містер Т. Фолі виграв iPod! Ще більше цікавих призів незабаром, тож слідкуйте за своїм мобільним або відвідайте www.win-82050.co.uk"
ham,Мені сподобався новий мобільний телефон
ham,Будь-коли...
ham,"Мммммм *притискається до тебе* ...*глибокий задоволений зітхання* ... *шепоче* ... Я так сильно тебе кохаю, що ледве можу це терпіти ..."
ham,"Так, але кажуть, що сталася якась помилка."
ham,"Гей, у будь-якому разі, мені доведеться :-)"
ham,"Вау, такий здоровий. Старий аеропорт, Лор. Не можу нічого іншого придумати. Але я пізніше помию свою собаку."
ham,З моєю сім'єю бронюємо туристичний пакет.
ham,"Ви сказали жирний шрифт, а потім факел? Чи один факел і два жирних?"
ham,"Ха-ха, круто, можливо, мені варто тебе про це запитати, що ти робиш сьогодні ввечері?"
ham,"Так, я знаю, ти все дав... все гаразд, дякую, Кано... у будь-якому разі, насолоджуйся першою зарплатою з родиною... :-)"
ham,"Хм, так повільно, я вже давно доїхав... Тобі залишилося лише 2 дні, а мені ще 4..."
ham,Крута принцесо! Я покрию твоє обличчя гарячою липкою спермою :)
ham,Великий брат справді виснажився цією зливою соціальних невдах.
ham,"Ой, здається, мені цього не вистачить... Я піду перевірю, а потім скажу тобі..."
ham,S:) 8 хвилин до обіду:)
ham,"Гей. Що трапилося? Ти вимкнув мобільний на цілий день. Це недобре. Якщо тобі не байдуже, зателефонуй мені завтра."
ham,"К зроблю, Адді, а я займаюся мистецтвом, тож буду тут, коли ти повернешся додому."
ham,Мої дядьки в Атланті. Бажаю вам чудового семестру.
ham,"Айо... Її урок так рано... Я ще сплю, ха-ха... Окей, йди додому, ляо, тоді підтвердь зі мною, лор..."
ham,"Забув щось сказати.. Чи можна пронумерувати розділи, щоб було зрозуміліше.."
ham,"Так. Що завгодно, якщо ти не хочеш, то нічого..."
ham,"Я вдома, коханий/кохана... Якщо ти ще не спиш... *люблячий поцілунок*"
ham,"ПРИВІТ, ПЕРСИК! МІЙ ТОРТ СМАЧНИЙ!"
spam,"БЕЗКОШТОВНА ГРА. Отримайте Rayman Golf 4 БЕЗКОШТОВНО від O2 Games Arcade. Спочатку отримайте налаштування гри. Дайте відповідь POST, потім збережіть та активуйте 8. Натисніть клавішу 0 для Arcade. Діють умови."
ham,"Пізніше ввечері у мене буде невелика вечірка, тобі цікаво?"
ham,"Джейсон каже, що було б круто, якби ми забрали щось у нього вдома приблизно через годину."
spam,"Користуєтесь мобільним телефоном 10 місяців? БЕЗКОШТОВНО оновіть його до останньої версії з камерою/відео. ЗБЕРІГАЙТЕ ТОЙ САМИЙ НОМЕР, отримайте додаткові безкоштовні хвилини/повідомлення. Надішліть SMS-повідомлення «ТАК» для дзвінка."
ham,Я (Career Tel) додав вас до списку контактів на INDYAROCKS.COM для надсилання БЕЗКОШТОВНИХ SMS. Щоб видалити з телефонної книги - надішліть SMS з текстом «НІ» на номер <#>
ham,Я вже дійшов.
ham,"Я не знаю, спитай у брата. Нічого страшного, щось таке. Я просто сказав."
ham,К:)англ гойдається в попелі:)
ham,О котрій годині ти їдеш до гуртожитку Сіня?
ham,"Доброго ранку, мій дорогий Шіджутто........... Гарного та успішного дня."
spam,Купити Space Invaders 4 a chance 2 win для оригінальної аркадної ігрової консолі. Натисніть 0 для ігор Arcade (стандартна плата за WAP). Див. o2.co.uk/games 4 Умови + налаштування. Покупка не потрібна.
ham,"О, к:) після такого розміщення там, а?"
ham,"Не за володіння, особливо не за перше порушення"
ham,"Не тільки за керування автомобілем, навіть з багатьох причин її називають BBD... то це чіку, то вона застудилася... чула, що таке насильство з боку Вінобанагара, як її стан... і як ти? Якісь проблеми?"
ham,"Я купила тест учора. Це щось, що дозволяє дізнатися точний день овуляції. Коли через 2-3 тижні вийде 2 одиниці. Але, будь ласка, не хвилюйся. Я знаю, що ти хвилюєшся. Будь ласка, розслабся. Також, чи є щось у твоїй історії, що ти хочеш мені розповісти?"
ham,"У нас є піца, якщо хочеш."
ham,"Я постійно бачу дивні речі та вигукую ""вау"", а потім розумію, що це насправді нормально, і просто ""ох""."
ham,Багато ще щасливих днів повернення. З днем ​​народження.
ham,"Так, дуже гарно... будь готовий у четвер."
ham,Я в лікарні. Я повернуся додому ввечері.
ham,"""Думаю про тебе ;) х"""
spam,Камера - Ви отримуєте цифрову камеру SiPix! Телефонуйте за номером 09061221066 зі стаціонарного телефону. Доставка протягом 28 днів.
ham,"Або, здається, ти кажеш, що вона досі не вірить."
ham,"Коли ви просто вставите знак +, виберіть мій номер, і PIN-код з'явиться. Правильно?"
ham,"Краса життя — у наступній секунді... яка приховує тисячі таємниць. Бажаю, щоб кожна секунда твого життя була чудовою...!! gud n8"
ham,"Дякую, люба! Я крута, дякую. Кілька напоїв на день народження дві ночі. Завтра вихідний! Бережи себе швидше.xxx"
ham,"Якщо ти ще не спиш, можливо, залиш кредитку, щоб я міг заправитися, коли повернуся, як він мені сказав."
spam,Ваші щотижневі мелодії Cool-Mob готові до завантаження! Нові мелодії цього тижня включають: 1) Crazy Frog-AXEL F>>> 2) Akon-Lonely>>> 3) Black Eyed-Dont P >>> Більше інформації мовою n
ham,"Ну, як же я радий, що G даремно витратив усю ніч в Applebees."
spam,"Cashbin.co.uk (Отримайте багато грошей цими вихідними!) www.cashbin.co.uk Шановні, ласкаво просимо на вихідні! У нас найбільший та найкращий розіграш грошей ЗА ВСЕ ЩО!! Ці..."
ham,"Добре, друже... Чи хочеш, щоб я пішов подивився на тебе?"
ham,"Ти хочеш обідати, я зараз у їдальні."
ham,Не робіть життя надто стресовим.. Завжди знаходьте час для сміху.. Це може й не додати років до вашого життя! Але точно додасть більше життя вашим рокам!! Щиро ваші... світлі мрії..
ham,"Гей, схоже, я помилявся, і один з номерів хлопців з Каппи все ще в моєму телефоні. Якщо хочеш, я можу написати йому і дізнатися, чи він десь поруч."
spam,ТЕРМІНОВО! Ваш мобільний номер ГАРАНтовано отримав приз у розмірі 2000 гривень стерлінгів. Зателефонуйте за номером 09061790121 зі стаціонарного телефону. Замовте 3030. Дійсний лише 12 годин. 150 стор./хв.
spam,Дякуємо за вашу постійну підтримку. Ваше запитання цього тижня дозволить вам взяти участь у нашому розіграші 100 гривень стерлінгів готівкою. Назвіть НОВОГО президента США? Надішліть відповідь SMS на номер 80082.
ham,"Я вдома. Лікар дав мені знеболювальні, каже, що все добре."
ham,Це лише 140 доларів... А все інше щонайменше 180 доларів... Що дорівнює ціні 4-кімнатної та 2-кімнатної (900 доларів).
ham,Мені теж! Гарної ночі xxx
ham,Приготуйтеся отримувати задоволення :)
ham,Привіт. :) технічна підтримка. надає допомогу нашим клієнтам через дзвінки та електронну пошту :)
ham,"Якщо ви надішлете SMS-повідомлення дорогою до зупинки для приготування чаю, це має спрацювати. І це має бути BUS"
ham,Коли у вас радіопередача?
spam,Ваш унікальний ідентифікатор користувача — 1172. Для видалення надішліть STOP на номер 87239 або до служби підтримки клієнтів 08708034412
ham,"Я не впевнений, чи він ще доступний"
ham,"Які б стосунки ти не побудував у цьому світі, єдине, що залишається нарешті, це самотність з безліччю та безліччю спогадів! Почуття..."
ham,"УРА, ЛУ! ТАК, БУЛА ГАРНА НІЧ, ШКОДА, ТИ НЕВА ПРИЙШОВ! C YA GAILxx"
ham,Привіт..я отримав гроші :)
ham,"Привіт, мобільний номер <#> додав вас до свого списку контактів на www.fullonsms.com. Це чудове місце для надсилання безкоштовних SMS. Більше інформації на fullonsms.com."
ham,"Добре, тоді скажи мені, о котрій годині ти прийдеш пізніше, лор."
ham,Ви повторюєте інструкції ще раз. Як називається ваш будинок?
ham,"Так багато людей здаються особливими на перший погляд, але лише деякі залишаться особливими для тебе до останнього погляду. Зберігай їх до кінця життя. Шкода."
ham,"Досить лор. Але не кажи йому, зачекай, він розслабиться..."
ham,"Вибачте, зовсім забув * заскочу до вас цього тижня, якщо ви ще тут?"
ham,"ТИ НАЙКРАСИВІША ДІВЧИНА, ЯКУ Я КОЛИ-НЕБУДЬ БАЧИВ. ТИ МОЯ МАЛЮК, ПРИЙДИ ДО МЕНЕ У КІМНАТУ."
ham,"О, ми не можемо подивитися, чи зможемо ми приєднатися до Деніса та Міни? Чи Деніс хоче побути наодинці?"
ham,"Сену сказали, що він збирається приєднатися до фінансового відділу свого дядька в CBE."
ham,"Так... Гей, тоді одного дня в п'ятницю ми можемо попросити Міву та Джіаїна піти піти на караоке."
ham,"Зателефонуйте мені, я Сентіл з HSBC."
ham,"Особливо враховуючи, що я постійно говорю про Бостон у своїй особистій заяві, лол! Я б змінив це, якби зрозумів, що там написано Нью-Йорк! Тепер там написано Бостон."
ham,"Дійсно, і до речі, це було або, або — не обидва!"
spam,"Терміново - телефонуйте за номером 09066649731 зі стаціонарного телефону. Ваш безкоштовний 4* відпочинок на Ібіці або 10 000 гривень стерлінгів готівкою очікують на отримання. Правила та умови SAE: PO BOX 434 SK3 8WP, 150 осіб за хвилину, 18+."
ham,"Святий живий Христе, чому ти так довго не хочеш"
ham,"Дякую, що поїстиму сьогодні ввечері."
ham,"Дякую. Так, ми повертаємося в неділю. Закінчуємо вечерю, повертаємося з готелю 2. Час летить, нам сьогодні рівно 4 місяці. Сподіваюся, попереду буде ще багато місяців..."
ham,"Ми на протилежному боці від того місця, де ми вас висадили."
ham,"Так. Іззит все ще сильно дощить, бо я в полі, і не можу вийти на вулицю."
ham,Надішліть мені своє резюме :-)
ham,Хай тобі щастить на іспитах :-)
ham,"Або ж запитайте їх усіх, чи зможуть наступні сидіння, чи ні. Якщо всі вони зможуть прийти, то все гаразд, лор."
ham,"Вибачте, це був мій дядько. Я буду на зв'язку."
ham,"Вчора дивився ""Хлопці та ляльки"" з Патріком Свейзі, було чудово."
spam,"ТЕРМІНОВО Це наша друга спроба зв'язатися з вами. Ваш приз у розмірі 900 гривень стерлінгів, отриманий ВЧОРА, все ще очікує на отримання. Щоб отримати його, ТЕЛЕФОНУЙТЕ ЗАРАЗ 09061702893"
spam,"Санта кличе! Чи хотіли б ваші малюки, щоб Санта зателефонував вам напередодні Різдва? Зателефонуйте за номером 09077818151, щоб забронювати час. Вартість дзвінків: 1,50 за хвилину, тривалість 3 хвилини 30 секунд. Правила та умови: www.santacalling.com"
ham,"Просто повертайся додому. Я не хочу, щоб ти був нещасним."
ham,"Я не знаю, чому вона не отримує твоїх повідомлень"
ham,"Це круто, але Тайлеру довелося поїхати, тому ми купимо для нього щось і привеземо до нього пізніше ввечері. Наше загальне замовлення — це чверть долара, у тебе вистачить?"
ham,"Хлопець в автомайстерні, який фліртував зі мною, взяв мій номер телефону з документів, зателефонував і написав мені. Я нервуюся, бо, звісно, ​​тепер у нього може бути моя адреса. Чи варто мені зателефонувати його начальнику і сказати йому, знаючи, що через це його можуть звільнити?"
ham,Зворотне — це шахрайство. Це не математика.
ham,Як ви плануєте цим керувати
ham,"Емм, привіт, все пішло не зовсім за планом – повільно кульгає додому, за ним йдуть аа, і з вихлопними газами звисають з нього."
ham,"Вибачте за затримку. Так, майстри."
ham,"Подзвони мені, коли закінчиш, тоді я приїду і заберу тебе."
spam,"ПРИВАТНО! Ваша виписка з рахунку за 2004 рік для 078498****7 показує 786 невикористаних бонусних балів. Щоб отримати їх, зателефонуйте за номером 08719180219. Ідентифікаційний код: 45239. Дійсний до 06.05.05."
ham,"Привіт, моя власна ога. Забув телефон вдома і щойно побачив твої повідомлення. Сподіваюся, у тебе все добре. Гарних вихідних."
ham,"Але не хвилюйся, я розумію, як важливо, щоб мене поставили на місце та присудили погано продумане покарання за найгірше, що зі мною коли-небудь траплялося. Брб, я збираюся вбити себе."
ham,"Люба, будь ласка, дізнайся, за скільки продається Predicte в Нігерії. І скільки разів його можна використовувати? Дуже важливо отримати відповідь до понеділка."
ham,"Адміністративна будівля там? Можливо, я прийду трохи раніше... Я подзвоню тобі, коли буду приїжджати..."
ham,"до речі, я зараз в USF, заходьте будь-коли."
ham,"Я можу зателефонувати через <#> хвилину, якщо це нормально"
ham,"Емммммаа Багато-багато щасливих повернень дня ""д"", моє любе солодке серце... З ДНЕМ НАРОДЖЕННЯ, люба!"
ham,"Немає домашнього завдання, мда..."
ham,"Будь-яка річ цінна лише у двох ситуаціях: по-перше – до того, як її отримаєш... по-друге – після втрати..."
ham,"Я теж. Марк довго не може забрати мій рецепт, і біль повертається."
ham,Як там твоя газета?
ham,Маєте меншу ємність? Досить екс...
spam,"Перегляньте відео ""Вибери свою красуню"" на sms.shsex.netUN fgkslpoPW fgkslpo"
ham,У мене все добре! Я думав про тебе...
spam,Ваш переможець. Вас було спеціально обрано. 2. Отримайте 1000 гривень стерлінгів готівкою або 4* відпустку (включаючи авіаквитки). Поспілкуйтеся з оператором. 2. Подайте заявку. 0871277810710 копійок/хв (18).
ham,:-) :-)
ham,"Не думав про це... || Пий з крана та розливай о сьомій. || Той паб на Газовій вулиці, біля Брод-стріт, біля каналу. || Гаразд?"
ham,Я йду спати. Я втомився від подорожей.
ham,"Ха-ха, саме те я й думав"
ham,"Так, але зараз це не створює мені проблем, тому, можливо, я просто залишу це так..."
ham,"Лол, ні. Просто намагаюся зробити твій день трохи цікавішим."
ham,"Через скільки часу ви отримаєте відповідь, просто відкладіть вступ до наступного семестру"
ham,"Слово «шах і мат» у шахах походить від перської фрази «Шах Маат», що означає «король мертвий». Доброго ранку... Гарного дня... :)"
ham,"По де :-):):-):-):-). Не потрібна робота, ага."
ham,"Щури. Гей, ти колись голосував за наступні теми?"
spam,"Нові мобільні телефони 2004 року, ОБОВ'ЯЗКОВО! Надішліть SMS-повідомлення з текстом NOKIA на номер 89545 та заберіть свій сьогодні! ЛИШЕ від 1 гривняа стерлінгів. www.4-tc.biz 2optout 087187262701.50 гривень стерлінгів/mtmsg18 АУКЦІОН ТЕКСТА."
ham,"Сподіваюся, що твоя сеча сьогодні ввечері пече."
ham,"О, РАЙТ. Ну, я зі своїм найкращим другом Пітом, з яким я зустрічалася 4 рази на тиждень+, а тепер знову ми на 2GEVA. Минув більше ніж тиждень."
ham,"Ура, не можу дочекатися спільної вечірки!"
ham,....Фотошоп вимикає мій комп'ютер.
ham,"Сьогодні всі хлопці насміхалися з мене. Гаразд, у мене немає проблем. Я просто надіслала одне повідомлення, просто заради розваги."
ham,"Це одна з проблем, але в Каліфорнії все гаразд. Снігу немає, тож можна з цим впоратися."
spam,ПРИВАТНО! Ваша виписка з рахунку за 2003 рік містить 800 невикористаних SIM-балів. Телефонуйте за номером 08715203652. Ідентифікаційний код: 42810. Дійсний до 29.10.2000.
ham,"Хммм... Можливо, можна спробувати торговий район номер один, але забув назву готелю..."
ham,"Чудово, це буде скоро чи пізніше сьогодні ввечері?"
ham,Мені потрібна інформація про цю онлайн-роботу.
spam,"ВИ ВИГРАЛИ! Як цінний клієнт Vodafone, наш комп'ютер обрав ВАС, щоб ви виграли приз у розмірі 150 гривень стерлінгів. Отримати приз легко. Просто зателефонуйте за номером 09061743386"
ham,"Я теж сумую за тобою. Молюся, інша Аллах."
ham,"Будь ласка, допоможіть мені сказати Ешлі, що я не можу знайти її номер."
ham,Я зараз у квест-кінотеатрі. . За кілька хвилин збираюся дивитися KAVALAN.
ham,С. це збільшить шанси на перемогу.
ham,"Мені підходить будь-який варіант. Мені <#> років. Сподіваюся, тебе це не турбує."
ham,"Можливо, тобі варто знайти чимось іншим зайнятися???"
ham,Отримай права дружини. Не вимагай цього. Я теж намагаюся бути чоловіком. Подивимося.
ham,Мені сподобався твій новий будинок
ham,"У мене все добре. Сподіваюся, у тебе теж."
ham,"Також у Північній Кароліні та Техасі банкомати, вам просто потрібно зайти на сайт GRE та заплатити за надсилання результатів тестів."
ham,Те саме й тобі...
ham,"так, крихітко! Мені потрібно розтягнути твою кицьку!"
ham,"Дякую і! Або ""бомба і побачення"", як хотів сказати мій телефон!"
ham,Добре...
ham,"Гей, один знайомий мені дихає в спину, щоб дістати йому трохи травички. У будь-якому разі, ти зможеш сьогодні ввечері доставити халф-трек до USF?"
ham,"""Відповідь"" - одна з найпотужніших зброй, яка займає місце в чужому ""СЕРЦІ""... Тож завжди реагуйте, кому до цього діло... Гарної ночі... світлих снів... бережіть себе."
ham,Телефон Nokia чудовий..
spam,**БЕЗКОШТОВНЕ ПОВІДОМЛЕННЯ** Дякуємо за використання сервісу підписки на аукціон. 18. 150 копійок/MSGRCVD 2 Текст про пропуск аукціону OUT. 2 Текст про скасування підписки STOP Служба підтримки клієнтів 08718726270
spam,"Нудьгуючі домогосподарки! Спілкуйтеся та зустрічайтеся зараз! 0871750.77.11! Національний тариф BT 10 копійок/хв, лише зі стаціонарних телефонів!"
ham,"Вибач, тату... сьогодні я не прийду грати... у мене курси водіння..."
ham,"Мені дуже шкода, що я підпалив твоє волосся."
ham,"О! Блін, я думав, що це твоя поїздка! Лооооооол... Тепер це має НАБАГАТО більше сенсу... *посміхається*, а посилання на диван було... Посилання ""спати на дивані"", яке ти мені надіслав... Хіба не так ти поїхав у свою поїздку? О... І хіба твоя красуня не поїхала з тобою на те святкування з твоєю орендною платою?"
ham,"Гаразд, докі, хвастощі, що за..."
ham,"Дивився мультфільм, слухав музику та напередодні мав піти до храму та церкви... А ти?"
ham,1. Напружене обличчя 2. Усміхнене обличчя 3. Спустошене обличчя 4. Невинне обличчя 5. Обличчя жаху 6. Жорстоке обличчя 7. Романтичне обличчя 8. Приємне обличчя 9. Пристойне обличчя <#> .обличчя жартівника.
ham,"Мобільний Діпа розрядився. Тож я йду з ним. Краще відповідай, бо ми повернемося."
ham,"Ну. Ти розумієш, про що я. Текстові повідомлення."
ham,"Привіт, це Іджуе, я був би радий працювати з тобою для gek1510..."
ham,"Лол! Ой, вибачте! Бажаю гарного проведення часу."
ham,Що сталося з круїзом?
ham,"Я знаю, що в цього Піта все гаразд! Зійшов би з ними, в іншому місці, в іншому часі, можливо?"
spam,lyricalladie (21/Ж) запрошує тебе стати її другом. Дай відповідь ТАК-910 або НІ-910. Зустрінься з нею: www.SMS.ac/u/hmmross СТОП? Надішліть STOP FRND на номер 62468.
ham,Найщасливіші друзі у світі ніколи не мають однакових характерів... Вони просто найкраще розуміють їхні відмінності...
spam,"Поліфонічний тон №1, 4-й тон для вашої групи щотижня! Просто надішліть SMS-повідомлення PT2 на номер 87575. Перший тон БЕЗКОШТОВНИЙ! тож отримайте SMS-повідомлення зараз і розкажіть своїм друзям. 150 копійок/тон. 16 відповідей HL 4info"
ham,"Так, просто відкрийте чат і натисніть на списки друзів. Потім створіть список. Простіше простого."
ham,"Гаразд, у Тайлера невелика криза, і йому потрібно бути вдома швидше, ніж він думав, тож будь тут якомога швидше."
ham,Коли/де мені тебе забрати
ham,"Як завжди, можеш називати мене ""ар 10 чогось""."
ham,"Нова теорія: Суперечка виграє СИТУАЦІЮ, але програє ЛЮДИНІ. Тож не сперечайтеся з друзями, просто... стукніть їх і кажіть: «Я завжди правий!»"
ham,"Для багатьох цілей це антибіотик, і його можна використовувати при інфекціях грудної клітки, черевної порожнини та гінекології, навіть при інфекціях кісток."
ham,"Бідна дівчина не може піти одного дня, лол."
ham,Або просто зробіть це 6 разів
spam,"Сьогоднішні номери Vodafone, що закінчуються на 4882, обрані для отримання винагороди у розмірі 350 гривень стерлінгів. Якщо ваш номер збігається, зателефонуйте за номером 09064019014, щоб отримати свою винагороду у розмірі 350 гривень стерлінгів."
ham,"Будь ласка, запишіть усе, чого вона піддавалася. Також дізнайтеся в її школі, чи хтось ще блював. Чи є в будинку собака чи кіт? Дайте мені знати пізніше."
ham,"Японське прислів'я: Якщо один може це зробити, то й ти можеш. Якщо ніхто не може, то ти мусиш це зробити. Індійська версія: Якщо один може, то нехай він це зробить. Якщо ніхто не може, то залиште це!! І нарешті, керальська версія: Якщо один може, то зупиніть його. Якщо ніхто не може, то зробіть страйк..."
ham,"Схоже, що в цьому пристрої цнотливості, хлопче... *посміхається*... Або терпіти побиття, як хороший пес. Тепер збираєшся відпочивати в довгій ванні?"
ham,"Гірше, якщо він використає половину шляху, а потім зупиниться. Краще, якщо він його завершить."
ham,"Жах. Вони не кажуть, що побічними ефектами протизаплідних засобів є сильні спазми в животі протягом перших 2 місяців. Я взагалі не спала минулої ночі."
ham,Надішліть мені новий номер
ham,Передай йому мої вітання
spam,Хочете найновіший відеотелефон? 750 хвилин будь-коли за будь-яку мережу? Оренда лінії за півціни? Відповідайте або телефонуйте за номером 08000930705 для доставки завтра.
ham,Два з половиною роки я сумував за твоєю дружбою :-)
ham,"Я зараз не можу відповісти на телефон. Будь ласка, надішліть повідомлення."
ham,"О, заради всього святого, вона тут, як у Таллахассі."
ham,"Ха-ха, це була перша людина, у якої я хотів би запитати."
spam,"Ви гарантовано отримаєте найновіший телефон Nokia, MP3-плеєр iPod на 40 ГБ або приз у розмірі 500 гривень стерлінгів! Надішліть SMS-повідомлення з текстом COLLECT на номер 83355! IBHltd LdnW15H 150 копійок/Mtmsgrcvd18"
ham,Така Лор. О котрій годині ти хочеш прийти і подивитися на нас?
spam,"* БЕЗКОШТОВНИЙ* ПОЛІФОНІЧНИЙ РИНГТОН Надішліть SMS-повідомлення SUPER на номер 87131, щоб отримати БЕЗКОШТОВНИЙ ПОЛІФОНІЧНИЙ РИНГТОН тижня зараз! 16 SN PoBox202 NR31 7ZS підписка 450 копійок на тиждень"
ham,"""Я доїжджаю ще через дві зупинки."""
ham,"Ні, я *не* хотіла це публікувати. Я написала це, і, як і багато разів, коли я писала тобі щось, я залишила це там, де я була. Це САМЕ те, що я відчувала в той момент. Я була зла. Перш ніж піти, я натиснула «відправити», а потім «стоп». Його там не було. Я перевірила телефон, коли дісталася до машини. Його там не було. Ти сказала, що не спала, тобі нудно. То чому ЦЕ не час для прибирання, складання білизни тощо? Хоча б застели ліжко?"
spam,Warner Village 83118 C Колін Фаррелл у SWAT цими вихідними у Warner Village та отримайте 1 безкоштовний мед. Попкорн! Просто покажіть msg+ticket@kiosk. Дійсно з 4 по 7/12. C умови та положення @kiosk. Відповісти SONY 4 mre film offers
ham,Ви будете онлайн сьогодні ввечері?
ham,Тоді щось особливе?
ham,"Я в Соліхаллі, | тобі щось потрібно?"
ham,Зроблю. Гарного дня.
ham,"З ШКОДОМ ПОВІДОМЛЯЄМО ВАС, ЩО Національна служба охорони здоров'я (NHS) ЗРОБИЛА ПОМИЛКУ. ВИ НІКОЛИ НЕ НАРОДЖУВАЛИСЯ. БУДЬ ЛАСКА, ПОВІДОМТЕ ПРО ПРИПИНЕННЯ ВАШОЇ МІСЦЕВОЇ ЛІКАРНІ 2B. ВИБАЧТЕ ЗА НЕЗРУЧНОСТІ."
ham,"Обожнюю це відчуття святкового понеділка, навіть якщо мені потрібно йти до стоматолога через годину."
ham,Я їду до Тірупура.
spam,"Гол! «Арсенал» 4 (Анрі, 7 проти «Ліверпуля» 2). Анрі забиває простим ударом з 6 метрів після пасу Бергкампа, забезпечуючи «Арсеналу» перевагу в 2 голи на 78-й хвилині."
ham,"У тебе вже є ненадійний батько. Дитина не повинна підтримувати батьків... принаймні, поки вона не досягне віку ""Поїздки"". Я маю бути поруч, щоб підтримувати тебе. А тепер я завдала тобі болю. Ненавмисно. Але все ж таки завдала болю."
ham,"Ми сьогодні гуляли з самогонкою, і я впала! Пляснула! Подряпала коліна та все таке! Треба було залишитися вдома! Побачимося завтра!"
ham,"Тільки що їх віддав, ой, вже назад."
spam,"Це вже другий раз, коли ми намагаємося зв'язатися з вами. Ви виграли приз у розмірі 750 гривень. Отримати приз легко, телефонуйте за номером 08712101358 ЗАРАЗ! Всього 10 копійок за хвилину. BT-національний тариф."
ham,"Сиджу в кімнаті, чекаю, поки всі вийдуть з мого номера, щоб я міг прийняти душ."
ham,"Щодо твого дзвінка; Ти ж не бачив мого фейсбуку, так?"
ham,"Дж. каже, що ти ніколи не відповідаєш на свої повідомлення, підтвердь/спростуй"
ham,"Так часто чують: ""Як справи? Що в тебе? Як пройшов день?"". Тож дозвольте мені запитати вас дещо інше. Ви посміхалися сьогодні? Якщо ні, зробіть це зараз... Добрий вечір."
ham,"Привіт, люба. Зателефонуй мені, терміново. Я не знаю, в чому твоя проблема. Ти не хочеш працювати, або якщо у тебе є якісь інші проблеми, то хоча б скажи мені. Чекаю на твою відповідь."
ham,"О так... Ми ніколи не скасовуємо, Ле... Ха-ха"
ham,Ми можемо пройти звичайний пілатес 4 e після нашого знайомства...
ham,"Добре... Давай знатимеш, коли я вийду з дому."
ham,"О так, чому дивитися на Англію — це як тортури?"
ham,Хочеш зайнятися мистецтвом?! :D
ham,"Просто сподіваюся, що це не було надто розлючено, щоб пам'ятати, і він пішов до своїх сестер чи кудись ще!"
spam,"Маєте все необхідне, щоб взяти участь у ралі WRC в Австралії? Ви можете це зробити з Lucozade Energy! Надішліть SMS-повідомлення RALLY LE на номер 61200 (25 копійок), перегляньте пакети або відвідайте lucozade.co.uk/wrc, і це можете бути ви!"
spam,"Привіт, дівчата з SEXYCHAT чекають на твої повідомлення. Напиши їм зараз, щоб чудово провести вечір у чаті. Надішліть STOP, щоб зупинити цю послугу."
ham,"Доброго ранку, мій іграшко! Як твої смачні губи? Де тепер мої сексуальні пучки? Що ти робиш? Думаєш про мене? Прагнеш мене? Я тобі потрібна?"
ham,Матч розпочався. Індія <#> для 2
ham,"Як тільки звільнишся, зателефонуй мені, сер."
ham,"Гей, хочеш щось купити?:)"
ham,"Привіт, люба, як справи? Ти вже придумала, куди поїдеш на Новий рік?"
ham,К..к.:) вітаю ..
ham,"Дж хоче знати, де ти, чорт забирай, знаходишся"
ham,"Ні, його скасували, так, люба! Звучить важливо, я правильно розумію, моя люба, зателефонуй мені пізніше з цього приводу, з любов'ю, Кейт х"
ham,Сьогодні я хочу потрапити до суду. О <DECIMAL>. Тож ви приходите на автобусну зупинку о 9-й.
ham,"Йти додому, ляо? Попроси тата забрати мене о 6..."
ham,"Боже, чи можна зробити весільну каплицю у Фронтірвіллі? Чому вони отримують всі ці чудові речі?"
ham,"Я зараз їм, лор, але скоро повертаюся на роботу... Шоу гірських оленів, га?... Я дивлюся b4 liao, дуже класно..."
ham,Перевір пошту. Я надіслав Вармі листа і зберіг тобі копію щодо членства. Бережіть себе. Інша Аллах.
ham,"Не той телефон! Цей телефон! Я відповідаю на цей, але припускаю, що інший — це люди, яких я не дуже добре розумію."
ham,"У будь-якому разі, я не думаю, що можу тут щось забезпечити, дай мені знати, якщо хочеш, щоб я поїхав на південь і відпочив."
ham,"Я вже повернувся додому, тож мабуть ні"
spam,"Чудові новини! Зателефонуйте БЕЗКОШТОВНО за номером 08006344447, щоб отримати гарантований подарунок у розмірі 1000 гривень стерлінгів ГОТІВКОЮ або 2000 гривень стерлінгів. Зверніться до оператора ЗАРАЗ!"
spam,"Привіт, це Емі. Через пару днів ми надішлемо тобі безкоштовний номер телефону, який надасть тобі доступ до всіх вечірок для дорослих..."
ham,Я в автобусі по дорозі до Калікута
ham,"Привіт, це я. Тобі, мабуть, дуже весело, щоб отримати це повідомлення, але я подумав, що напишу тобі, бо мені нудно! А Джеймс всю ніч на мене пердів."
ham,"Привіт, крихітко, я зараз сиджу в цьому чортовому автобусі і не буду вдома до 7:30. Хочеш щось зробити пізніше? Передзвони мені пізніше або напиши мені, Джесс хх."
spam,"Ласкаво просимо до Select, послуги O2 з додатковими перевагами. Тепер ви можете телефонувати нашим спеціально навченим консультантам БЕЗКОШТОВНО зі свого мобільного телефону, набравши номер 402."
ham,"Я схуд на 4 гривні з моменту візиту до лікаря минулого тижня, ву-у-у! Тепер я збираюся відсвяткувати це, набивши собі морду!"
ham,"Ти повернешся на вечерю 4? Тато мене питає, щоб я підтвердив з тобою..."
ham,"Роблю свою магістерську роботу. Коли ти купиш великий член, бо в мене є на продаж, і як там хлопець?"
ham,"Аааа... щойно прокинувся! Мені наснився поганий сон про тебе, тому ти мені зараз не подобаєшся :) Я нічого не знав про вечір комедії, але, мабуть, я готовий до цього."
ham,Я Вівек:) мені зателефонували з твого номера.
ham,Чому ти не зателефонував на обід?
ham,"Я мав на увазі, що я пішов занадто рано, щоб перевірити, бо працюю з 9 до 6."
ham,Я хочу <#> rs da:) у тебе є це?
ham,"Частинка твоєї посмішки — це моє щастя, крапля твоєї сльози — це мій смуток, частинка твого серця — це моє життя, серце, як моє, піклуватиметься про тебе вічно, як про мого ДОБРОГО ДРУГА."
ham,"Так, гаразд..."
ham,Я хочу побачити твою гарненьку кицьку...
spam,Шановний власнику ваучера! Наступний обід від нас безкоштовний. Скористайтеся наступним посиланням на своєму комп'ютері та насолоджуйтесь обідом 2 за 1 http://www.vouch4me.com/etlp/dining.asp
ham,"Кілька людей на грі, я в торговому центрі з Іурі та Кайлою."
spam,"ТЕРМІНОВО! Ми намагаємося зв'язатися з вами. Сьогоднішній розіграш показує, що ви ГАРАНтовано виграли приз у розмірі 2000 гривень стерлінгів. Зателефонуйте за номером 09058094507 зі стаціонарного телефону. Заявіть на отримання 3030. Дійсно лише 12 годин."
spam,"Ви можете пожертвувати 2,50 гривень стерлінгів до фонду підтримки жертв цунамі в Азії ЮНІСЕФ, надіславши SMS-повідомлення з текстом DONATE на номер 864233. 2,50 гривень стерлінгів буде додано до вашого наступного рахунку."
ham,"Майбутнє — це не те, що ми плануємо на завтра...! це результат того, що ми робимо сьогодні...! Робіть найкраще в теперішньому... насолоджуйтесь майбутнім."
ham,"Я прийду, хочу піти до неї завтра. Після цього я прийду. Ось що я дізнався від її любої, що робити. Вона не сказала, коли."
ham,"Ми мали зустрітися, щоб обговорити нашу поїздку... Здається, Сюйхуей тобі сказав? Вдень. Думав, після цього ми можемо піти на урок."
ham,"Гей, заходь онлайн! Користуйся msn... Ми всі там."
ham,"У мене все добре. Сподіваюся, у тебе все добре. Бережи себе."
ham,"Ой, я був у душі, коли ти подзвонив. Гей, паркувальний гараж обвалився в університетській лікарні. Бачиш, я не збожеволів. Такі речі БУВАЮТЬ."
ham,"Айо, ти така бідна... Тоді ти не хочеш їсти? Ти вже купалася?"
ham,"Так... я ж знав, що це станеться давно."
ham,Ти чудова! Продовжуй кінчати цими фотками :) дякую!
ham,Хлопчик запізнився на 2 години додому. Його батько: «СИЛА ДРУЖБИ»
ham,"ДЖЕЙД, ЦЕ ПОЛ. ТИ НЕ НАПИСАВ МЕНІ ПОВІДОМЛЕННЯ? ТИ ПАМ'ЯТАЄШ МЕНЕ З ""BARMED""? Я ХОЧУ ПОГОВОРИТИСЯ З ТОБОЮ! НАПИШИ МЕНІ ПОВІДОМЛЕННЯ"
ham,Проводжу Новий рік з братом та його родиною. Давайте домовимося про зустріч наступного тижня. Ви готові побалувати себе? :)
ham,То що ти робиш сьогодні?
ham,"Я сказав, що все гаразд. Вибач."
ham,"Спали? Думаю, цього разу (вдень) не небезпечно"
ham,Робота з мережею є.
spam,goldviking (29/M) запрошує вас стати його другом. Відповісти ТАК-762 або НІ-762 Зустрітися з ним: www.SMS.ac/u/goldviking СТОП? Надішліть STOP FRND на номер 62468
ham,Не дозволяйте навчанню вас напружувати. L8r.
ham,Ось чим ти мене зайнятий...
ham,"Не поспішай. Я не працюю. Я навчаюся, тому якщо ми поспішатимемо, то зголодніємо."
ham,Який канал :-)):):-):-).
ham,"Тож ти кажеш, що я могла б бути твоєю справжньою Валентинкою, але ні? Ти ніколи не вибираєш мене ДАРЕЧ!"
spam,"Фальшива винагорода у розмірі 350 гривень стерлінгів – сьогоднішні номери Voda, що закінчуються на XXXX, обрані для отримання винагороди у розмірі 350 гривень стерлінгів. Якщо у вас є збіг, зателефонуйте за номером 08712300220, назвавши код заявки 3100, додаток зі стандартними тарифами."
ham,"Ми встигли! Прибуття в Тонтон о 12:30, як і планувалося, сподіваюся, що це все ще нормально?! Радий тебе бачити! :-xx"
ham,"Я голодний, куплю щось додому..."
ham,"«ГЕЙ, КЕЙТ, СПОДІВАЄШСЯ, ЩО З ТОБОЮ ВСЁ ДОБРЕ... Я ДАЛУЧУ ТЕБЕ ОБІД НА СЕРЕДНЮ. ПІДЕМ КУДИСЬ В МІСТО ВИПИТИ... МОЖЕМО ТРОХИ ВИПИТИ ВОДИ? ЛЮДИ З РОБОТИ ТАМ БУДУТЬ. ЛЮБЛЮ ПІТІХ»."
ham,Мій диск можна лише читати. Мені потрібно записати.
ham,"Тільки що переглянула, а Адді повертається в понеділок, жахливо бути нею."
ham,"З новим роком. Сподіваюся, у вас гарний семестр."
ham,Еспланада Лор. Де ще...
ham,Чи можеш ти поговорити зі мною..
ham,"Хм. Давай, великий беттер."
ham,"Ну, це ж не те щоб ти когось пунто назвав. Це було б гірше."
ham,"Ні. Відколи я подорожував, він забув свого хлопця."
ham,Ти ще тут? Хочеш забрати пізніше.
spam,CDs 4u: Вітаємо! Ви отримали подарункові сертифікати на CD на суму грн500 або гарантований подарунок на грн125 та безкоштовний вхід на 2 щотижневі розіграші на суму грн100. Збір МУЗИКИ на номер 87066 TnCs www.ldew.com1win150ppmx3age16
ham,"Тут є хтось, у кого річна «Toyota Camry», як у пана Олайівола. Пробіг «кілька». Вона чиста, але мені потрібно знати, за скільки її продадуть. Якщо я зможу зібрати на неї гроші, як скоро після приземлення її продадуть? Привіт."
ham,"Вгадай, в якому я пабі? Я щасливий, як порося в конюшині, чи як там там кажуть!"
ham,Скоро здохну
ham,"О, к.. Я прийду завтра."
ham,"Іди дурнем, не обманюй інших, окей"
ham,"Мій номер мобільного. Будь ласка, смс, твою пошту id. передай побажання Ачану, Аммі. Рахеш. Катар"
ham,"До речі, «rencontre» – це зустрітися знову. Гори не..."
spam,"Ви ВИГРАЛИ гарантований грошовий приз у розмірі 1000 гривень стерлінгів або 2000 гривень стерлінгів. Щоб отримати свій приз, зателефонуйте нашому представнику служби підтримки клієнтів за номером 08714712412 з 10:00 до 19:00. Вартість 10 копійок."
ham,Скільки разів на тиждень і в який день ви відвідуєте уроки водіння?
ham,"Дядьку Г, просто перевіряю, як ти. Бажаю тобі насиченого місяця."
ham,"Привіт, хлопчику! Тааак... Я сьогодні за тобою сумую. Я хочу надіслати тобі повідомлення і нагадати, що думаю про тебе... І ти коханий/кохана... *люблячий поцілунок*"
ham,"Я думаю, що двом іншим ще потрібно роздобути готівку, але ми точно можемо бути готові до 9-ї."
ham,"Гей, дівчата... Ви всі хочете зустрітися з четверо на вечерю ввечері?"
spam,"Шановний/Шановна 0776xxxxxxx, Вас запросили до XCHAT. Це наша остання спроба зв'язатися з вами! Надішліть SMS-повідомлення CHAT на номер 86688 150p/MsgrcvdHG/Suite342/2Lands/Row/W1J6HL LDN 18 років"
ham,Любий! Що ти робиш? Де ти? З ким ти розмовляєш? Ти думаєш про мене? Ти хороший хлопчик? Ти сумуєш за мною? Ти мене кохаєш?
ham,Чудово! Як справи в офісі сьогодні?
ham,"Круто, ми ще трохи протримаємося. Чи буде ще найближчим часом?"
ham,:-( сумний цуценячий звук
ham,"Так, це можливо, але не пробуйте. Будь ласка, нікому не кажіть."
ham,"У будь-якому разі, гукай до мене, коли ти поруч, бо мені потрібен привід підлизуватися до людей у ​​Сарасоті."
ham,Де ти. Що трапилося?
ham,"Я хотів тебе запитати, лол, але, здається, це о 7-й."
spam,"Ваш готівковий баланс зараз становить 500 гривень. Щоб максимізувати свої готівкові кошти, надішліть GO на номер 86688 лише 150 копійок/мегабайт. Копія: 08718720201 HG/Suite342/2lands Row/W1j6HL"
spam,ПРИВАТНО! Ваша виписка з рахунку за 2003 рік містить 800 невикористаних балів SIM-картки. Телефонуйте за номером 08715203685. Ідентифікаційний код: 4xx26. Дійсний до 13.10.2004.
ham,"Іди за нею і збий її, поки вона переходитиме вулицю."
spam,"Я хотів би розповісти тобі свої найглибші та найпохмуріші фантазії. Телефонуй мені за номером 09094646631, всього 60 копійок/хв. Щоб припинити надсилати текстові повідомлення, телефонуй за номером 08712460324 (натуральний тариф)"
ham,У п'ятницю буде відпустка на Понгал? Чи є у тебе якісь новини з роботи?
ham,"Гей... Дуже незручно для твоєї сестри, чи не так?"
ham,"Добре, я вл..ти знаєш, що мене схвалили в AdSense?.."
ham,"* Було дуже приємно побачити тебе днями, чуваче, дуже за тобою сумував!"
ham,Я хочу поїхати до Перумбавура
ham,"Скільки разів я казав на сцені, що всі сміялися. Ти не слухаєш, ага."
spam,"Ви не повірите, але це правда. Це неймовірні текстові повідомлення! Надішліть відповідь G зараз, щоб дізнатися справді дивовижні речі, які вразять вас. Від O2FWD лише 18 копійок/повідомлення."
ham,(Ти цього від мене не чув)
ham,"Дякую, що був зі мною, щоб просто поговорити в суботу. Ти мені дуже дорогий. Я ціную тебе як брата та взірець для наслідування."
ham,"Будь ласка, уточніть, чи можна мені підготувати квиток з відкритим терміном дії, щоб повернутися до Керали."
spam,Наталі (20/Ж) запрошує тебе стати її другом. Дай відповідь ТАК-165 або НІ-165. Зустрінься з нею: www.SMS.ac/u/natalie2k9 СТОП? Надішліть STOP FRND на номер 62468.
ham,Вона втекла з молодшим чоловіком. Ми разом народимо гарних дітей :)
spam,"Jamster! Щоб отримати безкоштовні шпалери, надішліть SMS-повідомлення HEART на номер 88888 зараз! Діють правила та умови. Тільки для осіб віком від 16 років. Потрібна допомога? Зателефонуйте за номером 08701213186."
ham,"О, так, лол. Маєш колись зіграти в 9 Doors, тобі."
ham,"Не знаю, мій тато сказав, що він прийде додому і принесе нам обід. Так, я піду туди, друже. Я подзвоню тобі, коли прийду до школи, друже..."
ham,Ми надіслали вам на електронну адресу JD для роботи з клієнтами та менеджера з облікових записів. Для отримання детальної інформації зв'яжіться з нами.
ham,Бажання - ти йдеш до лікаря з печінки. І трохи стильно виглядай. Зроби собі зачіску. От і все.
ham,Хммм. У нас досі немає відкривачки?
ham,"Так, тож практично будь-коли наступного тижня ти можеш втекти від мами та встати до 3-ї."
ham,"Едісон справедливо сказав: «Дурень може поставити більше запитань, ніж мудрець може відповісти». Тепер ви знаєте, чому ми всі німимо під час ViVa... GM, GN, GE, GNT :-)"
ham,"Я голосуватиму за те, куди мене серце веде"
ham,"З моєю сестрою Лор... Ми щойно дивилися ""Оборони по-італійськи""."
ham,"Тік, тік, тік... Де ти? Я можу померти від самотності, знаєш! *дуться губами* *тупає ногами* Ти мені потрібна..."
ham,"Лмао, ти ж мене так добре знаєш..."
spam,"Подвійні хвилини, подвійні текстові повідомлення та оренда лінії за півціни на найновіших мобільних телефонах Orange Bluetooth. Зателефонуйте за номером MobileUpd8, щоб дізнатися про найновіші пропозиції. 08000839402 або call2optout/LF56"
ham,"Я повертаюся потягом з Нортгемптона, тож, боюся, ні! Сьогодні буду кататися на скайді, хо-хо! Але буду приблизно в середу. До речі, хочеш піти в комедійний клуб цього тижня?"
ham,"Доброї ночі, дорогий, я дуже сумую за тобою."
ham,"Привіт, наступної неділі о 10:30 буде базовий курс йоги... у Bugis... Можемо піти на це... Вступ до пілатесу наступної суботи... Скажи мені, о котрій годині ти вільний?"
ham,"Гей... У тебе сьогодні справді поганий інтернет, га?"
spam,"Безкоштовні відеотелефони з камерами при оренді лінії за півціни на 12 місяців та 500 хвилин міждзвінків, 100 текстових повідомлень. Телефонуйте за номером MobileUpd8 08001950382 або Call2OptOut/674"
ham,"Мені здається, я заважаю її татові"
ham,"Вибачте, я передзвоню вам пізніше. Я на зустрічі, сер."
ham,Не застряг у Orchard у машині мого тата. Їду на вечерю о 4. Ти що? То вони вільні сьогодні ввечері?
ham,"Добре, я також хочу подивитися шоу о 21:00..."
ham,"Я не знаю, Лей... Як і не маю..."
ham,Але ваш брат перевів лише <#> + <#> . Пенсильванія.
ham,"Я подзвоню тобі пізніше. Сьогодні вдень проблеми з обслуговуванням MTNL у південному Мумбаї. Я чую тебе, але ти мене ні."
spam,"83039 62735=грн450. Діють правила та умови використання ваучерів на проживання у Великій Британії. Для отримання 2 заявки необхідно вказати номер вашої заявки, який становить 15541."
ham,Поговори про це з g та x
ham,"Привіт, дорогі друзі... Це мій новий та поточний номер...:) Автор: Раджіта Радж (Ранджу)"
spam,"Пісня 5p 4 Alfie Moon ""Children in need"" на вашому мобільному. Розкажіть на свої m8s. Надішліть SMS-повідомлення Tone charity на номер 8007 для Nokia або Poly charity для полігонів: zed 08701417012 profit 2 charity."
ham,Як у різних стилях?
spam,"ВИГРАЙТЕ шопінг на 200 гривень стерлінгів щотижня, починаючи ЗАРАЗ. 2 відтворення, надішліть SMS-повідомлення STORE на номер 88039. SkilGme. TsCs08714740323 1Winawk! вік16 грн1.50 на тиждень, субтитри."
ham,Гуд ні8 люба..слп ну..бережи себе..солодощі..Муа..
ham,"Я хочу надіслати повідомлення сьогодні. Це так. Вибачте, якщо я образив."
spam,"Це друга спроба укласти контракт з U, ви виграли головний приз цього тижня – або 1000 гривень стерлінгів готівкою, або 200 гривень стерлінгів. Просто зателефонуйте за номером 09066361921."
ham,"Ну, я радий, що тобі це не здалося зовсім неприємним... Лол"
ham,"Хлопче, не видавай мене зараз. Якщо підеш, подзвони мені, подзвони. Як, мадам. Бережи себе, о."
spam,Бажаєте отримати новий кольоровий телефон Nokia 3510i з доставкою вже завтра? З 300 безкоштовними хвилинами на будь-який мобільний + 100 безкоштовними текстовими повідомленнями + безкоштовною відеокамерою? Зателефонуйте або відповідайте за номером 08000930705.
ham,"Марк працює завтра. Він закінчує о 5-й. Його робота біля твого будинку, тож він може зустрітися з тобою пізніше."
ham,"""Тримай свої проблеми в серці, бо ніхто не буде за тебе боротися. Тільки ти і ти маєш боротися за себе та виграти битву. -ВІВЕКАНАНД- G 9t.. SD.."
ham,"Так, зателефонуй мені, якщо маєш хвилинку."
ham,"""ПРІВІТ, КРОКІ, ПРОКИДАЄШСЯ? ВІДЧУВАЄШ СЕБЕ БЛЯХНО. ЩОЙНО ДІЗНАВСЯ З ЛИСТА, ЩО МАМА ВИШЛА ЗАМІЖ 4 ЛИСТОПАДА. ЗА НАШИМИ СПИНАМИ – БЛЯХА, ПРИЄМНА! ЕГІЇСТИЧНА, ПІДКРИЛА СУЧКА. У НЕМАЙ ЩОДО ЧОГОСЬ, Я ТОБІ ПОДЗВОЛЮ"""
ham,"Дивовижно: Якщо переставити ці літери, це дасть те саме значення... Гуртожиток = Брудний номер Астроном = Спостерігач за місяцем Очі = Вони бачать Результати виборів = Брехня, давайте перерахуємо Теща = Жінка Гітлер Одинадцять плюс два = Дванадцять плюс один Це дивовижно... !:-)"
ham,"Ая, ми обговоримо це пізніше... Забираєш мене о 4-й, так?"
ham,"Гей, з днем ​​народження..."
ham,"Вибачте, я пропустив ваш дзвінок. Чи не могли б ви передзвонити?"
ham,"Боже, якщо це не одне, то інше. У мого кота глисти :/ коли ж цей поганий день закінчиться?"
ham,"Доброго ранку, у мене лихоманка та дизентерія... сьогодні не зможу прийти на роботу."
ham,Я нічого не робитиму.
ham,Які речі ти співаєш?
ham,Вергилієв крем Святого Андрія
ham,"Ні, ні. Я перевірю всі кімнати перед заходами."
ham,"Мій друже... Гаразд, друже, їду за кермом, потім піду за покупками..."
ham,"Гокіла розмовляє з тобою, ага:)"
ham,"Привіт, Шаніл, це Ракшеш. Дякую, я обміняв неогранений діамант. Залишив назад. Відмінний сервіс від Діно та Према."
ham,"Знаєш, коли цього місяця народився Кот?"
ham,"Але я справді дуже без грошей. Жодна сума не є занадто малою, навіть <#>"
ham,"Вибач, що це телефон мого друга, і я його не написала, люба Кейт."
spam,"TheMob>Перейдіть за посиланням, щоб отримати преміум-гру Pink Panther, нову гру №1 від Sugababes, шалену анімацію зебри або круті шпалери з худі — усі 4 БЕЗКОШТОВНО!"
ham,"А, ну, це все заплутує, чи не так? Я думав, що дружу з ним. Можливо, я щось зробив неправильно, але я вже ніби запросив, хоча він може й не прийти через гроші."
ham,"Гаразд, подзвони мені, як тільки будеш близько."
ham,"Ні, це нормально. Можливо, я подрімаю!"
spam,"Це повідомлення стосується вашого замовлення мобільного контенту. Його було надіслано повторно, оскільки попередня спроба не вдалася через помилку мережі. Звертайтеся до customersqueries@netvision.uk.com."
ham,"В інших новинах, після того, як я тиждень вмовляв Андреса дістати йому травичку, у нього немає грошей."
ham,"Хлопець кохав дівчину. Він підтримував її, але їй було байдуже. Він кидав їй лапки, але її друзі кидали їх. Знову хлопець вирішив підійти до дівчини, і саме тоді вантажівка мчала назустріч. Коли було близько двох годин, дівчина збила її, і хлопець побіг, щосили, і врятував її. Вона запитала: «Як ти можеш так швидко бігати?» Хлопець відповів: «Енергія — це секрет моєї енергії», і дівчина миттєво закричала: «Наша енергія», і вони жили щасливо 2 години на тиждень, випиваючи енергію щодня. Мораль цієї історії: у мене були безкоштовні повідомлення :D ;): добре, нічого 8"
ham,"Я хочу терміново купити машину BMW... це дуже терміново. Але в мене не вистачає лакхів. Немає джерела, щоб дізнатися цю суму. Лакхів... це моя проблема."
ham,"Давай, розбий мою цигарку! Блекко з Лондона."
ham,"МЕНІ ДІЙСНО ПОТРІБНІ ДВА ПОЛІЦУНКИ, Я СУМУЮ ЗА ТЕБЕ, МОЯ МАЛЮК, ВІД ТВОЄЇ МАЛЮКИ 4EVA"
ham,"Ознакою зрілості є не те, коли ми починаємо говорити великі речі... А те, коли ми починаємо розуміти дрібниці... *ГАРНОГО ВЕЧОРА* BSLVYL"
ham,"О, у тебе багато обов'язків."
spam,"У вас є 1 нове повідомлення. Будь ласка, зателефонуйте за номером 08715205273"
ham,Я вже дійшов до школи...
spam,Тільки у грудні! Ваш мобільний телефон користувався 11 місяців і більше? Ви маєте право безкоштовно оновити його до останньої версії з кольоровою камерою! Зателефонуйте до служби оновлення мобільних пристроїв VCo за номером 08002986906
ham,"Тобі точно потрібен модуль з гуманітарних наук, чи не так? Ти хочеш спочатку взяти інші модулі?"
ham,"Аргх, чому, чорт забирай, нікого немає в місті ;_;"
spam,"Отримайте 3 мелодії Lions England, дайте відповідь lionm 4 моно або lionp 4 полі. Ще 4, перейдіть на www.ringtones.co.uk, оригінальні та найкращі. Мелодії, що застосовуються за тарифами оператора мережі 3 GBP."
ham,Дякую. Наповнює мене повним спокоєм та впевненістю!
ham,Aslamalaikkum....insha allah tohar beeen muht albi mufti mahfuuz...те саме означає....
ham,Ви за кермом чи тренуєтесь?
ham,"Лол, правда ж. Вона сказала моєму татові, що в мене рак."
spam,ПРИВАТНО! Ваша виписка з рахунку за 2003 рік для 078
ham,"Ой, у мене це було, <#>"
ham,"""НЕМАЄ КРЕДИТУ, ЩОБ ЗАТЕЛЕФОНУВАТИ. ПОТРІБНО ВИЙТИ З УНІВЕРСИТЕТУ О 6-Й І ПОЇХАТИ НА АВТОБУСІ ДО ВАШОГО ДОДОМУ?"""
ham,"Привіт Чікку, надішліть гарні повідомлення"
ham,"З ним неможливо сперечатися, і він завжди ставиться до мене як до свого саб-менеджера, ніби ніколи мене не відпускав... Що він і зробив, і я нагадаю йому про це, якщо буде потрібно."
ham,"Після моєї роботи... Вже 6+, лор... Ти працюєш так само... Тож йди в сад, лор, більше нікуди піти..."
ham,"Чудовим Окорам, бажаємо гарного місяця. Ми цінуємо вас і бажаємо вам успіхів щодня. MojiBiola"
ham,Бо мені нудно. І я не хочу вчитися.
ham,"А що ж у середу ввечері мені тоді 3 роки, але тільки до 9!"
ham,"Троянда для червоного, червона для крові, кров для серця, серце для тебе. Але ти для мене... Надішли це всім своїм друзям... Включно з мною... Якщо я тобі подобаюсь... Якщо ти повернешся, 1-ти бідний у родині! 2-тобі потрібен хтось, 1-тобі потрібна підтримка, 3-твій друг, 2-багато, 4-хтось тебе кохає, 5+- хтось молиться Богу, щоб він одружився з тобою. :-) спробуй...."
ham,"У будь-якому разі, де ти знаходишся і що робиш."
ham,"Це жахливо. Я піду до тебе, щоб ти зробила мені зачіску. Ти ж зробиш це безкоштовно, так?"
ham,це все ще не працює. І цього разу я також спробував додати нулі. Це була економія. Перевірка <#>
ham,"Хм... Не знаю, можливо, сумка на винос, яка не надто мала. Або щось, крім парфумів, щось, що я можу залишити собі."
ham,"Тільки сьогодні приєднався, тож тренування почалися сьогодні :)"
ham,"Вибачте, * був у продуктовій крамниці."
ham,"Тут неподалік є кілька гарних пабів, чи є Frankie n Bennys біля кінотеатру Warner?"
spam,"ВИ ВИГРАЛИ! Ваш 4-зірковий відпочинок на Коста-дель-Соль або грн5000 чекають на вас. Зателефонуйте за номером 09050090044 зараз, щоб отримати кошти. SAE, TC s, POBox334, Stockport, SK38xh, вартість грн1.50/півдня, макс. 10 хв."
ham,"Так... Я там раніше не був... Хочеш піти на йогу? Я можу зателефонувати, щоб записатися."
ham,"Ой, замовкни. Боже, вчора мені наснилося, що в мене двоє дітей, обидва хлопчики. Я була така зла. Не тільки через дітей, але й через те, що вони хлопчики. Я навіть сказала Марку уві сні, що він міняє підгузки, бо мені не заборгують."
ham,"Так, я гадаю, він був би дуже ніжним. На відміну від інших лікарів, які ставляться до своїх пацієнтів як до індиків."
spam,"БЕЗКОШТОВНО протягом першого тижня! Звуковий сигнал Nokia №1 4 на вашому мобільному телефоні щотижня, просто надсилайте SMS-повідомлення NOKIA на номер 8077. Отримуйте текстові повідомлення та розповідайте своїм друзям. www.getzed.co.uk POBox 36504 W45WQ 16+ норм 150 копійок/звуковий сигнал"
ham,"Тепер, коли ви почали, не зупиняйтеся. Просто моліться за більше гарних ідей, і якщо я побачу щось, що може вам допомогти, я перешлю вам посилання."
ham,"Привіт, люба, я на телефоні Гелен. Я збираюся бути в ""Принцівській партії"" дві ночі. Будь ласка, приходь, з любов'ю, Кейт."
ham,Я зараз в офісі:) а ти де?
ham,"Айяр, ти така бідна... Я тебе підтримую, к... Підтримую тебе! Я буду думати про тебе..."
ham,"О, ненавмисно, непоганий час. Чудово. Тримай пальці, поїзди підіграють! Попередження дасть за п'ятнадцять хвилин."
spam,"Підготуйте свій сад до літа з БЕЗКОШТОВНИМ вибором літніх цибулин та насіння вартістю 33,50 гривень стерлінгів лише з The Scotsman цієї суботи. Щоб зупинити, перейдіть на сайт notxt.co.uk"
ham,"К..тоді приходь, коли забажаєш, і також скажи Віккі, щоб вона приходила, якщо буде вільний час.. :-)"
ham,"Будь ласка, подзвони мені, тато. Що трапилося?"
ham,"З Новим роком вас та вашу родину... нехай цей новий рік принесе щастя, стабільність та спокій у ваше яскраве барвисте життя:):)"
ham,"Немає проблем з поновленням. Я зроблю це негайно, але я не знаю його даних."
ham,"Не знаю. Я зараз сиджу тут на парковці біля магазину та плачу, бо відчуваю себе невдахою в усьому. Ніхто мене не хоче, а тепер я відчуваю, що підводжу вас."
ham,"Ще не пішов, тож, мабуть, буду тут до вечері."
ham,"Як і <#>, те саме питання"
ham,"МІЙ НОВОРІЧНИЙ НАЧАЛЬНИЙ ПРОЙШОВ НОРІЧНО. Я ПІШЛА НА ВЕЧІРКУ ЗІ СВОЇМ ХЛОПЦЕМ. ХТО ЦЕ ТАКИЙ, ГЕЙ?"
ham,"Пане, мені потрібна дата народження пана Велусамі та реквізити банківського рахунку компанії."
ham,К к:) смс-чат зі мною.
ham,"Я приїду на машині Карнана. Будь ласка, зачекайте до 18:00, я одразу піду до лікаря."
ham,"Ні, але програвач Blu-ray може"
ham,Добре... Тоді ми зустрінемося пізніше?
ham,"Лол, ні. Мені просто потрібно обміняти свої нітроцитарні сигарети. Швидше, давай, поки я не розвалився!"
ham,Просто надішліть SMS. Ми поспілкуємося пізніше у Skype.
ham,"Добре, не треба питати"
spam,"Вітаємо з двома мобільними 3G відеофонами. Дзвоніть за номером 09063458130 зараз! Спілкуйтеся у відеочаті з друзями, грайте в Java-ігри, завантажуйте музику polypH, орендуйте noline. bx420. ip4. 5we. 150p."
ham,У тебе ще є уроки? У школі?
ham,"І вона не повірила, ле? Я ж їй сказав, що це вже правда. Думаю, вона мусить з нами разом, а потім повірить."
ham,"О, ти зарядив камеру?"
ham,"У мене є трохи солі, можеш втирати її в мої відкриті рани, якщо хочеш!"
ham,Тепер я йду обідати.
ham,"Я зараз у школі і буду в лабораторії, дещо робитиму, подзвони мені, коли закінчиш."
ham,"О, к.. Я прийду завтра."
ham,"Гаразд, напиши мені сьогодні ввечері, і подивимося, що буде далі."
ham,У 2.
ham,Заболочування пустелі. Геоекологічні наслідки.
ham,"Раджі... будь ласка, зроби мені послугу. Будь ласка, передай мої привітання з днем ​​народження Нім'ї. Сьогодні в неї день народження."
ham,"Компанія дуже хороша, атмосфера чудова, а їжа справді смачна :)"
ham,"Дуже дивно. Зараз дивлюся другу частину, але я вже в ліжку. Солодких снів, сумую за тобою."
spam,"SMS-АУКЦІОН - ЗОВСІМ НОВИЙ Nokia 7250 виставлено на 4 аукціони сьогодні! Аукціон БЕЗКОШТОВНИЙ, приєднуйтесь та беріть участь! Надішліть SMS-повідомлення NOKIA на номер 86021 зараз!"
ham,"Привіт, сподіваюся, у вас обох все гаразд. Він сказав, що напише, але не написав. Ти його бачила? Будь ласка, обережно мене підведи."
ham,"Любий! Я теж тебе, бляха, кохаю!! Знаєш? Блін, було так приємно чути твій голос. Мені це так потрібно. Я прагну цього. Я не можу насититися. Я обожнюю тебе, Ахмаде *цілує*"
ham,"Я точно вдома у родичів. Напиши мені, будь ласка :-)"
ham,Я їх надіслав. Тобі подобається?
ham,"Бляха, мені треба перестати спати, ну ну."
ham,"Я зараз у місті, тож заберу MRT пізніше."
ham,Я щойно приготував досить смачного лосося по-твоєму.
ham,Я завантажив свій у Facebook
ham,О КОЛИ ВИ ПРАЦЮЄТЕ?
ham,Окі
spam,"Безкоштовна участь у 2 щотижневих конкурсах, щоб отримати шанс виграти iPod. Надішліть POD на номер 80182, щоб отримати участь (стандартний тариф SMS). Діють правила та умови. За деталями звертайтесь за телефоном 08452810073 (18+)."
spam,"Наші записи свідчать про те, що ви можете отримати компенсацію у розмірі 5000 гривень стерлінгів за нещасний випадок, який ви потрапили. Щоб отримати 4 безкоштовні послуги, дайте відповідь із заголовком CLAIM на це повідомлення. 2 stop text STOP"
ham,"Вибачте, я подзвоню пізніше"
ham,"Ой, ой... Ден муз змінив план ляо... Повернися, доведеться знову до Янь Цзю..."
ham,"Це Вайлі, ти в Тампі чи Сарасоті?"
ham,Добре... Не поспішайте та насолоджуйтесь вечерею...
ham,"Даррен казав, що якщо ви зустрінетеся з ним, то ми не зустрінемося на вечерю. Бо потім, коли ти підеш, тобі буде ніяково. Тоді ти зустрінешся з ним на обід."
spam,"Налякайте свою юрбу колекцією логотипів та зображень на Гелловін, а також безкоштовним моторошним звуком. Надішліть SMS-повідомлення CARD SPOOK на номер 8007 zed 08701417012150 копійок за логотип/зображення."
ham,"Я люблю дешеве! Але я із задоволенням витрачу гроші на вино, якщо тобі від цього стане краще.."
ham,"З нею все гаразд. У мене виникли проблеми з її телефоном. З моїм він працює. Чи не могли б ви, будь ласка, надіслати їй ще один запит на дружбу?"
ham,"Ох, болить моя нога. Мабуть, я перестарався в понеділок."
spam,Телефонуйте до Німеччини лише за 1 пенні за хвилину! Телефонуйте зі стаціонарного телефону через номер доступу 0844 861 85 85. Без передоплати. Прямий доступ! www.telediscount.co.uk
spam,"ВИ ВИГРАЛИ! Ваш 4-зірковий відпочинок на Коста-дель-Соль або грн5000 чекають на вас. Зателефонуйте за номером 09050090044 зараз, щоб отримати кошти. SAE, TC s, POBox334, Stockport, SK38xh, вартість грн1.50/півдня, макс. 10 хв."
ham,ЯКУ СТУДЕНТСЬКУ ЗНИЖКУ МОЖНА ОТРИМАТИ НА КНИГИ?
ham,Зі мною все добре..абсолютно добре
ham,"Як вона може це отримати? Має бути зовсім інше, ніж здогадуватися..."
spam,Користуєтесь мобільним телефоном 11 місяців? Оновіть його БЕЗКОШТОВНО до найновіших кольорових камер Orange та безлімітних дзвінків у вихідні. Зателефонуйте до Mobile Upd8 за безкоштовним номером 08000839402 або надішліть SMS на 2Stop.
ham,Я буду у тебе додому за <#> хвилин
ham,"Люба, я тобі відповідаю, хіба ти мене не бачиш? Можливо, тобі краще перезавантажити YM... Я зробила фото... Воно чудове!"
ham,Привіт. Що думаєш про матч?
ham,"Я знаю, ти думаєш про малярію. Але розслабся, діти не можуть перенести малярію. Їй було б гірше, і це був би гастроентерит. Якщо вона прийме достатньо, щоб замінити втрату, її температура знизиться. А якщо ти зараз даси їй ліки від малярії, вона просто зблюватиме. Це хвороба, яка протікає самостійно, а це означає, що через кілька днів вона повністю припиниться."
ham,"Я завантажив, але є лише exe-файл, який я можу запустити лише після встановлення."
ham,"Це ж тільки вчора, правда, правда."
ham,Кхоу тепер твій бізнес?
ham,"3 роки, але не вибрано."
spam,Наталя (25/Ж) запрошує тебе стати її другом. Дай відповідь ТАК-440 або НІ-440. Зустрінься з нею: www.SMS.ac/u/nat27081980 СТОП? Надішліть STOP FRND на номер 62468.
ham,Я тримаю десять рупій на полиці :) куплю два яйця.
ham,Я запізнююся. Я буду там о
ham,"Ну, це добре. Шкода, що я не можу це їсти."
ham,Я випадково приніс їх додому в коробці
ham,"Будь ласка, їй потрібно їсти повільно, інакше вона буде ще більше блювати."
ham,Мені потрібно складати іспит 3 березня.
ham,"Джейн, красуні, не йдуть на роботу, мені погано після останньої ночі. Вже зателефонувала, щоб мене прикрити. :-)"
ham,5 ночей... Ми не зупинялися в портовій частині Ляо... Занадто колишній
ham,"Якщо я помру, я хочу, щоб ти отримав усі мої речі."
ham,"""О, БЛЯХА. ПРОСИНУВСЯ В ЛІЖКУ НА ЧОВНІ В ДОКІ. СПАЛА З 25-РІЧНОЮ. ВІДКРИЛАСЯ! ДАЙ ТОБІ ПЛІТКИ, ЛАСКА. ХХХ"""
ham,"Посміхнися в задоволенні, посміхнися в болю, посміхнися, коли проблеми ллються, немов дощ, посміхнися, коли тобі боляче. Посміхнися, бо ХТОСЬ все ще любить бачити твою посмішку!!"
ham,Прабха... мені шкода... справді... від щирого серця мені шкода
ham,"Я знову зустрів Алекса Ніколса зі середньої школи, і виявилося, що він дилер!"
spam,ПРИВАТНО! Ваша виписка з рахунку за 2003 рік для <fone no> показує 800 невикористаних SIM-балів. Зателефонуйте за номером 08715203656. Ідентифікаційний код: 42049. Дійсний до 26.10.04.
ham,"Це означає, що ти не зміг дотриматися своїх слів."
ham,"Ні, я все ще на ринку."
ham,"Я розумію, що ти зайнята людина, і я намагаюся не бути надокучливим. Мені треба скласти деякі іспити, а потім випробувати машини. Гарного тобі дня."
spam,"ВИ ОБРАНІ ДЛЯ ОТРИМАННЯ НАГОРОДИ У РОЗМІРІ 350 ФУНТІВ СТЕРЛІНГІВ! Будь ласка, зателефонуйте за номером заявки 09066364311, щоб отримати свою нагороду, яку ви отримали як цінний клієнт мобільного зв'язку."
ham,"Гей, як щодо твого проєкту? Почато, ага-да."
ham,"Гаразд, круто. Побачимося."
ham,Я на сайті uworld. Я купую лише qbank чи я купую його також із самооцінкою?
ham,"Ваша думка про мене? 1. Старша 2. Джада 3. Кусруті 4. Приваблива 5. Мовчазна 6. Розсіяна 7. Незріла 8. Стильна 9. Проста Будь ласка, дайте відповідь.."
spam,"Хтось із ваших знайомих намагається зв'язатися з вами через наш сервіс знайомств! Щоб дізнатися, хто це може бути, зателефонуйте зі свого мобільного або стаціонарного телефону за номером 09064015307 BOX334SK38ch"
ham,"Так, я все ще можу тебе підвезти."
ham,"Джей хоче спочатку потренуватися, як тобі 4?"
ham,"Гуд гуд..к, чікку тке дбати.. спати добре гуд нить"
ham,Це частина перевірки IQ
ham,"Хм, думаю, лор..."
ham,"Звісно! Не дражни мене... Ти ж знаєш, я просто мушу побачити! *посміхається* ... Тримай мене в курсі, моя здобич... *любляча посмішка* *поглинаючий поцілунок*"
ham,"Дякую за теми, це було чудово. Дякую. Гарного тижня."
ham,"Дякую, принцесо! Я хочу побачити твою гарну соковиту попу..."
ham,"Не їв цілий день. Сиджу тут, дивлюся на цю соковиту піцу і не можу її їсти. Ці ліки руйнують моє життя."
ham,Гуд ні8 люба..слп ну..бережи себе..солодощі..Муа..
ham,Ти приходиш і шукаєш це відео...не закінчене...
ham,"Я скоро йду, буду там трохи після 9-ї."
spam,"Терміново! Будь ласка, зателефонуйте за номером 09061213237 зі стаціонарного телефону. 5000 гривень стерлінгів готівкою або 4* відпустка чекають на самовивіз. Правила та умови SAE PO Box 177 M227XY. 16+"
ham,"Так, робота чудова, почав минулого тижня, все те саме, що й раніше, нудно, але легко, і хлопці веселі!"
ham,"Ти навчаєшся сам, без чиєїсь допомоги. Якщо не можеш, то не треба вчитися."
ham,"Будь ласка, скажи мені, що не всі ключі від моєї машини у твоїй сумочці"
ham,Я нічого не зрозумів/не зрозуміла
ham,Гаразд... Солодких снів...
ham,"Що ж, на неї чекає великий сюрприз!"
ham,"Як завжди... я в порядку, щаслива і в мене все гаразд...:)"
ham,1 у м. Копенгаген. 2 у м. Ченнаї.
ham,"Може допомогти тобі пікетувати, підхопивши тебе звідки завгодно, де зустрічаються інші птахи, якщо захочеш."
ham,"Якщо хтось зателефонує щодо бігової доріжки, скажіть, що ви її купите. Переконайтеся, що вона працює. Я знайшов оголошення на Craigslist, де її продають за $ <#>."
ham,"Я просто ОБОЖНЮЮ ""Південний парк""! Я лише нещодавно почав дивитися ""Офіс""."
ham,Ти бачив той фільм? :)
ham,"Будь ласка, поговори зі мною. Я не прошу нічого, крім дружби."
ham,"Бурхливе повідомлення: Коли ти піднімаєш телефон, ти кажеш «ПРІВІТ». Чи знаєш ти, що насправді означає «ПРІВІТ»?? . . . Це ім'я дівчини..! . . . Так.. І ти знаєш, хто ця дівчина?? «Маргарет Хелло». Вона дівчина Грембелла, який винайшов телефон... . . . . Мораль: Можна дізнатися ім'я людини, але не її дівчину... На добраніч . . .@"
ham,Гуд ni8.swt drms.бережи себе
ham,"Привіт, кохана, це Кейт, ти готова щось робити сьогодні ввечері? Я йду з батьками в паб під назвою ""Лебідь"" чи щось таке випити, тож зателефонуй мені, якщо зможеш."
ham,"Щось важливе тоді, ти не підеш додому на вечерю?"
ham,"""Е-Е, НАСОЛОДЖУЮСЯ ІНДІЙЦЯМИ В МОМЕНТІ... ТАК. ВСЕ ДОБРЕ Хе-хе ;> як там твій Шексі? Піт Хх"""
spam,"Якщо ви цього не зробите, ваш приз перейде до іншого клієнта. Правила та умови на www.tc.biz 18+ 150 копійок/хв Polo Ltd Suite 373 London W1J 6HL Будь ласка, передзвоніть, якщо зайнято"
ham,"Ти полагодив зуби? Якщо ні, то зроби це якомога швидше. Добре, бережи себе."
ham,"Тож ви хочете прийти до нас сьогодні на вечерю, чи ні?"
ham,"Привіт. Як справи? Чим ти не спав? Коли ти переїжджаєш з квартири, бо мені потрібно буде домовитися, щоб забрати лампу тощо. Бережи себе. Привіт, Керолайн!"
ham,Вже надто пізно :) але це добре. Бажаю тобі того ж.
ham,"Привіт. Сподіваюся, в тебе все добре! Повернувся з прогулянки, столик заброньовано на пів на дев'яту. Дай мені знати, коли прийдеш."
ham,"О так, очевидно, це моя вина"
ham,"Не знаю, можливо, не пам'ятаю. То о котрій годині ми зустрічаємося з паном?"
ham,"Найкраще повідомлення: Важко бути з людиною, коли знаєш, що ще один крок вперед змусить тебе закохатися... & Один крок назад може зруйнувати твою дружбу... на добраніч :-) ..."
spam,ТЕРМІНОВО! Ваш мобільний номер ГАРАНтовано отримав приз у розмірі 2000 гривень стерлінгів. Зателефонуйте за номером 09061790126 зі стаціонарного телефону. Замовте 3030. Дійсний лише 12 годин. 150 стор./хв.
ham,"Привіт... Прокидайся!.. ""Солодкого"" ""ранку"" ""вітає"" ""Тебе"" ""Насолоджуйся"" ""Цим днем"" ""сповнений радості"".. ""ГУД МРНГ""."
ham,"Вікі, приходь <TIME> .."
ham,"І як ти це зробиш, принцесо? :)"
ham,"Я зайшов на сайт ""Збери інформацію"", але не знаю, що робити"
ham,"Так, мабуть, тут деякий час"
ham,Скоро надішли мені свою електронну адресу
spam,"ТЕРМІНОВО! Ви виграли 1-тижневе БЕЗКОШТОВНЕ членство в нашому джекпоті на суму 100 000 гривень стерлінгів! Надішліть SMS-повідомлення зі словом CLAIM на номер: 81010. Правила та умови: www.dbuk.net. LCCLTD, поштова скринька 4403LDNW1A7RW18."
ham,Я сьогодні все ще досить слабкий... Поганий день?
ham,Гей! Не забувай... Ти МОЯ... Для МЕНЕ... Моя власність... МОЯ власність... МММ... *дитяча посмішка*...
ham,"Чудова думка від незрозумілого друга: Я знаю, що ти мене ненавидиш, але в той день, коли ти дізнаєшся правду, ти зненавидиш себе :-( Ґн :-)"
ham,"Гей! Вітаю, 2u2. Я б кохала двох, але в мене було двоє, які пішли додому!"
ham,"Люба, де ти. Подзвони мені."
ham,Xy щось пробуєш зараз. Ти вже поїв? Ми ще не...
spam,"Терміново! Будь ласка, зателефонуйте за номером 09061213237 зі стаціонарного телефону. 5000 гривень стерлінгів готівкою або розкішний 4* відпочинок на Канарських островах чекають на самовивіз. Правила та умови: SAE PO Box 177. M227XY. 150 стор./хв. 16+"
ham,"Я не знаю, що це в твоїх генах чи щось таке"
spam,"Наближається Різдво, і ви отримаєте подарункові сертифікати на компакт-диск на 500 гривень стерлінгів та безкоштовний вхід 2 рази або щотижневий розіграш на 100 гривень стерлінгів, надішліть SMS-повідомлення MUSIC на номер 87066 TnC www.Ldew.com1win150ppmx3age16subscription"
ham,"Алекс каже, що він не згоден з тим, що ти не згодна з цим"
ham,Ви прийдете до похоронного бюро?
ham,Моя люба сестричко. Як справи? Коли відновиться навчання? Чи є мінімальний період очікування перед повторною подачею заявки? Бережіть себе.
ham,"Я дам їй свій телефон, щоб поспілкуватися з тобою."
ham,"Доброго ранку, містере. Як вам патока в Лондоні?"
ham,Я не можу прийти сьогодні ввечері
ham,О КОЛИ мені слід прийти завтра?
ham,Близько <#> доларів. Банківські комісії фіксовані. Краще зателефонувати в банк і дізнатися.
ham,"Я можу. Але це буде досить довго розповідати, бо я ще не закінчив свій фільм..."
ham,"Будь ласка, запитай у мачо, скільки коштує BB Bold 2, бо я бачив новий за <$$>."
ham,"""Привіт, пропустив твій дзвінок, а моя мама всюди розлила червоне вино! Яка твоя адреса?"""
ham,"Буду у тебе приблизно через 3 хвилини, але будь уважний до мене."
ham,Що ти зробив у відпустці.
ham,"Я повертаюся в четвер. Ура. Чи все буде гаразд, якщо я отримаю гроші? Ура. О так, а як справи? Все добре. Як школа? Чи ти тепер називаєш це роботою?"
ham,"Чудово! До речі, дам тобі квитки на суботній вечір о 19:30. Звертайся до цього часу."
ham,"так, саме про це я й думав"
ham,"Кк:) Я їду цього тижня до Тірунелвалі, щоб побачитися з дядьком... я вже витратила суму на сукню. тому мені потрібні лише гроші. Я віддам їх 1 лютого."
ham,"Ось твоя улюблена устриця... А ось і моє улюблене сашимі... Добре, я вже нічого не сказав... Зачекай, у тебе в животі забурчить..."
ham,"Моя сестра зароблятиме більше, ніж я."
spam,Отримайте офіційну поліефірну мелодію дзвінка або кольоровий прапор АНГЛІЇ на свій мобільний телефон для сьогоднішньої гри! Надішліть SMS-повідомлення TONE або FLAG на номер 84199. Відмовитися від SMS-повідомлення ENG STOP Box39822 W111WX грн1.50
ham,"Ха-ха-ха...використовуй свій мозок, люба."
ham,Тільки-но закінчи дивитися телевізор... А ти?
ham,"До вашої уваги, я повернувся до батьків у південній Тампі, тож, можливо, мені доведеться укласти угоду деінде."
ham,"Доброго ранку, моя кохана... Я йду спати і бажаю тобі чудового дня, повного покращення самопочуття та можливостей... Ти моя остання думка, люба, я КОХАЮ ТЕБЕ *поцілунок*"
ham,Коті роздруковує марандрату.
ham,Але ж ми ще не знайшли теми обряду?
ham,"Добре, без проблем... Так, я піду до школи о 4-й, якщо я правильно пам'ятаю..."
ham,"Дякую, я матиму це на увазі"
ham,"О, Боже мій! Як твоя рука?"
ham,"Шановний пане, Салам Алейкум. Пишаємося та раді зустріти вас сьогодні в чайній. Ми раді надіслати вам наш контактний номер у Катарі. Ракхеш — індієць. Будь ласка, збережіть наш номер. З повагою."
ham,"Дівчина та хлопець гуляють парком. Дівчинко, можна я тебе потримаю за руку? Хлопчику? Як думаєш, я б втік? Дівчинко, ні, просто хочу знати, як це — гуляти по небесах з принцом... ГН :-)"
ham,Що робить тебе найбільше щасливим?
ham,Бажаю вам чудового тижня.
ham,"Любе серце, як справи?"
ham,"Пане, чекаю на ваш лист."
ham,"Чувак, я більше не Риба. Я тепер Водолій."
ham,"Звичайно, це 2 роки. Просто щоб її повідомлення в месенджері, як ти мені надсилаєш."
ham,"Я думаю, що Стейн точно отримає одну хвіртку :)"
ham,"Ні [м'яким голосом] — я навчаюся. Мене все влаштовує! Не впевнений, що це питання вирішиться, до речі. У будь-якому разі. Чудових канікул."
ham,"Сміттєві пакети, яйця, варення, хліб, пшеничний сік сорту Ханнафорд"
ham,"Ні. Це не гордість. Мені майже <#> років, і я не повинен брати гроші у своєї дитини. Тобі не доводиться з цим мати справу. Це дорослі справи – чому я тобі не кажу?"
ham,"Звучить краще, ніж мій вечірній візит, я якраз шию костюм. Не знаю, о котрій годині закінчу завтра, але напишу тобі в кінці."
ham,Мій день народження у лютому <#>.
ham,То коли ти хочеш у спортзал?
ham,"Тобі б це сподобалося, чи не так? Придурок!"
ham,Ти не спиш? Там сніг?
ham,"І, звісно, ​​треба зробити сморід!"
spam,"Ви підписалися на 2 TEXTCOMP 250 щотижневих запитань. Перший тиждень — безкоштовне запитання, наступні тижні — 150 копійок/повідомлення. 2 відписки, SMS STOP 2 84128, служба підтримки 08712405020"
ham,Не можна. Без додаткової оплати в цій кімнаті немає вільних місць до Дня подяки.
ham,"Коли ви, хлопці, плануєте приїхати?"
ham,Що ти зараз робиш?
ham,"Мої батьки, мої діти, мої друзі та мої колеги. Всі кричали... СЮРПРИЗ!! а я чекала на дивані... ... ..... 'ГОЛА...!"
ham,"Ні, сер. Ось чому я минулого тижня їхав автобусом 8 годин. Наступної середи у мене ще одне прослуховування, але, гадаю, цього разу я сяду за кермо."
ham,"Чи я? Я думав, що поклав його назад у коробку."
ham,Я вдома...
ham,"Нікому не цікаво. Можливо, якийсь бізнес-план."
ham,"Так, це в Paragon... Я ще не вирішив, чи 2-й розріз... Хі..."
ham,"Доброго ранку, принцесо! Гарного дня!"
ham,"Гуай... ""Була б бачити його таким неслухняним..."" ""Ти такий вільний сьогодні? Можеш піти на пробіжку..."""
ham,"Тобі спочатку напишу смс, а потім не відповідаю, тож я чекаю 4 хвилини, щоб відповісти. Я ще не закінчив твою лабораторну роботу."
ham,Жити дуже просто... Любити також просто... Сміятися надто просто... Перемагати надто просто... Але бути «ПРОСТИМ» дуже складно... ;-) :-)
ham,Скажи мені щось. Гаразд.
ham,Гаразд
ham,"Хм. Може, принести пляшку вина, щоб нам було весело? Жартую! Я все одно принесу пляшку. Червоне чи біле? Побачимося завтра."
ham,"Це твій тест обличчя (1 2 3 4 5 6 7 8 9 <#>) обери будь-яке число, я скажу тобі астрологію обличчя... чекаю. швидка відповідь..."
ham,"Гей, Юрі дав мені свій номер, я Вайлі, друг Раяна."
ham,"Так, берися за програму. Ти ледачий."
ham,"Я в офісі... все ще заповнюю форми. Не знаю, коли вони мене покинуть."
ham,"Я думаю, що ваш наставник такий, але не впевнений на 100 відсотків."
spam,"Зателефонуйте за номером 09095350301 та відправте наших дівчат у еротичний екстаз. Всього 60 копійок/хв. Щоб відмовитися від текстових повідомлень, зателефонуйте за номером 08712460324 (національність)"
spam,Камера - Ви отримуєте цифрову камеру SiPix! Телефонуйте за номером 09061221066 зі стаціонарного телефону. Доставка протягом 28 днів.
spam,"НА ВАС ЧЕКАЄ РІЗДВЯНА НАГОРОДА У РОЗМІРІ 400 ФУНТІВ СТЕРЛІНГІВ! Наш комп'ютер випадковим чином обрав вас серед наших постійних мобільних клієнтів, щоб отримати винагороду у розмірі 400 гривень стерлінгів. Просто зателефонуйте за номером 09066380611"
ham,"Просто намагаюся зрозуміти, коли я маю побачитися з кількома різними людьми цього тижня. Ми домовилися зустрітися, але я не визначив дати."
spam,"ВАЖЛИВЕ ПОВІДОМЛЕННЯ. Це остання спроба зв'язатися з нами. У вас є важливі повідомлення, які чекають на ваш запит у нашому відділі розгляду претензій клієнтів. Термін дії закінчується 13.04.04. Зателефонуйте за номером 08717507382 ЗАРАЗ!"
ham,"Привіт, мамо, ми можемо повернутися пізніше ніж <#>"
spam,"побачення: у мене було два таких. Почалося лише після того, як я минулого тижня надіслав повідомлення на Talk Sport Radio. Як думаєте, є якийсь зв'язок чи збіг?"
ham,"Лол, о, у тебе є друг для собаки?"
ham,"Добре, у тебе є якісь проблеми з ним? Що має значення?"
ham,"К. Я вийду за кілька хвилин, побачимося там."
ham,"Ти знаєш, що таке справжня ДРУЖБА? Я даю тобі приклад: просто ці повідомлення... Кожне написання цих повідомлень неправильне... Але все одно ти можеш прочитати це без проблем... НАСПРАВДІ ТА СПІЛЬНОГО СНУ... СОЛОДКИХ СНІВ..."
ham,"Я зараз не можу відповісти на телефон. Будь ласка, надішліть повідомлення."
ham,"Я не хочу, щоб ти йшов. Але я ледве роблю все можливе, щоб залишатися здоровим глуздом. Постійні сварки з тобою не допомагають."
spam,"Поточна лідируюча ставка становить 151. Щоб призупинити цей аукціон, надішліть OUT. Служба підтримки клієнтів: 08718726270"
spam,"Безкоштовний вхід на щотижневий конкурс gr8prizes, шанс виграти найновіший Nokia 8800, PSP або 250 гривень стерлінгів готівкою щотижня. Надішліть SMS-повідомлення GREAT на номер 80878 http://www.gr8prizes.com 08715705022"
ham,"Хтось створив веб-сайт, де можна грати в холдем, використовуючи Eve Online Spacebucks."
ham,У Каліфорнії сонячно. Погода просто прохолодна.
spam,У вас є 1 нове повідомлення. Зателефонуйте за номером 0207-083-6089.
ham,"Я можу туди дістатися, вичавив з тата <backs>"
ham,"Вам також доброго дня. Помоліться за мене. Видаляйте зуби, бо боляче доглядати за іншими речами."
ham,"Як справи, крихітко? Сподіваюся, у тебе все гаразд. Я погано спала. Заснула о 5-й. Я дуже виснажена і боюся роботи сьогодні ввечері. Що ти робиш сьогодні ввечері? X"
ham,"Як друзі допомагають нам у вирішенні проблем? Вони дають найдурнішу пораду, яка призводить до нової проблеми та допомагає забути попередню."
ham,"Я на роботі. Будь ласка, зателефонуйте."
ham,"Я буду ніжним, крихітко! Скоро ти займеш усі >#> дюйми глибоко у свою вузьку кицьку..."
ham,"НЕ БАГАТО, БЕЗ БІРОК. ЦЕ БУЛА ГАРНА НІЧ!!"
ham,"Добре, добре, добре... тоді... який у тебе план на сьогодні?"
ham,"Не жартую, серйозно, я сказав"
ham,Дивишся фільм з Аджитом?
ham,"Ооооо, я забув тобі сказати, що можу зайти на Йовілл зі свого телефону."
ham,"Все зроблено, все здано. Не знаю, чи мегашоп в ASDA вважається святом, але саме це я роблю!"
ham,"Я точно не знаю, чи могли б ви запитати у Чечі?"
ham,"Не знаю, чи варто мені керувати автомобілем, бо я їду туди годину."
ham,"Як на зразок того, що я хочу знижку для митного офіцера, о."
ham,Це обов'язково шанобливо
ham,"Привіт. Сподіваюся, у тебе був гарний день. Гарної ночі."
ham,"І, мабуть, він тепер найкращий друг Карлі Квік."
ham,"ВАЖКО, АЛЕ ПРАВДА: Скільки ви показуєте та висловлюєте свою любов комусь... настільки боляче буде, коли вони вас покинуть або ви розлучитеся...! 😊?? Вчора ввечері..."
ham,"Красуні, здається, я дістав твій чахол. Я залишив його англійською. Принесу його о 2-й годині ти коханий, Франс."
ham,"Привіт, люба, це я, дякую, що прийшла, хоча все пройшло не дуже добре! Я просто хотіла своє ліжко! Сподіваюся скоро тебе побачити, любов і цілунки xxx"
ham,Тож Бог отримав безкоштовне морозиво... Я теж хочу...
ham,"Будь ласка, дайте їй сироп прометазину. 5 мл, а потім погодуйте через <#> хвилин."
ham,То скільки днів минуло з того часу?
ham,"Люба, ти сердишся, я був зайнятий, люба?"
ham,"Так, він мені написав: це Іджуе? Тоді я подумала, що це мій товариш по групі, бо в нас сьогодні зустріч, ма... Я питаю, чи ти йдеш раніше чи куди, бо, можливо, тобі доведеться далеко йти..."
ham,... Ти в пабі?
ham,Все колись буває вперше :)
ham,"Тату, Шу-Шу шукає тебе... Ти хочеш, щоб я сказав йому, що ти не в Сінгапурі чи де?"
ham,"Я питаю, чи зустрічаєшся ти сьогодні ввечері..."
ham,Gr8. То як ви справляєтеся з пробками на острові Вікторія? Плюс коли має вийти альбом?
ham,"Ніч, ніч, покой, уокей, кохаю тебе більше, ніж просто щось на світі. Обіцяю, зателефоную тобі завтра."
ham,Східне узбережжя
ham,"Тобі слід взяти більше курячого бульйону, якщо хочеш рамен, хіба що є якийсь, про який я не знаю."
ham,"Мій рабе! Я хочу, щоб ти сьогодні зробив 2 чи 3 фотографії себе при яскравому світлі на свій мобільний телефон! Яскраве світло!"
ham,Ні. Я просто забув. Покажу наступного тижня.
ham,То як справи насправді? Що ти задумав? Як справи у господарів? І так далі?
ham,"Я зараз у Bruce & Fowler, але я в машині мами, тому не можу припаркуватися (довга історія)"
ham,"Я не знаю, ну. Сподіваюся, цього місяця."
ham,"Привіт, Елейн, сьогоднішня зустріч підтверджена?"
ham,Ok k..sry i know 2 siva..tats yi askd..
ham,"Вибачте, я подзвоню пізніше"
ham,"Ти жахлива дівчино... Ти вже знала, що я з ним зустрічаюся, але все одно не прийшла і не спитала мене..."
ham,"Інакше мала роботу за сумісництвом, пов'язану з навчанням.."
ham,О так! І мій раціон щойно вилетів у вікно.
spam,"Санта кличе! Чи хотіли б ваші малюки почути дзвінок від Санти напередодні Різдва? Зателефонуйте за номером 09058094583, щоб забронювати час."
ham,"Ти не до кінця доповнив свою суть, о."
ham,"Емм, так, я буду там о 15:26, вибачте! Просто скажіть мені, в якому пабі/кафе посидіти, і приходьте, якщо можете."
ham,"Якщо ти можеш прийти будь-коли сьогодні ввечері або коли завгодно, це чудово, просто пиши мені, коли будеш поруч."
ham,"Якби я був, то не звертав би уваги"
ham,Щиро дякую за вашу допомогу!
ham,"Тобі доведеться бути набагато конкретнішим, ніж це"
ham,"Ісус Арманд справді намагається розповісти всім, кого може знайти"
ham,"Я зараз з ним, купую квитки..."
ham,"Модні чоловіки, чи ви вже пішли."
ham,Я повільно використовую Biola's FNE.
ham,"""Що ти робиш пізніше? Сар ххх"""
ham,"Гей, я забронював 2 уроки на Sun Liao..."
ham,Дякую. Ти взагалі зустрічаєшся з братами?
ham,"До речі, обов'язково їдь поїздом до вулиці Форгейт, а не до Шуш-Гілл. Гарного вечора."
ham,"Я подумав, що куплю йому годинник, бо це саме те, що можна купити на 4-й день 18-го числа. А він так любить!"
spam,"Ви виграли гарантований приз у розмірі 32000 або навіть 1000 гривень стерлінгів готівкою, щоб отримати його. Телефонуйте безкоштовно за номером 0800 ..... (18+). Це законний безкоштовний номер телефону, як ви думаєте???"
ham,"Доброго ранку. У ремонтній майстерні — ЄДИНА причина, чому я не сплю о цій годині."
ham,"І це нормально, у мене достатньо шишок, щоб вистачило принаймні на більшу частину ночі."
ham,"Я повернувся. Щасливої ​​дороги! Дай мені знати, якщо тобі потрібні якісь чеки. Сказати, що тобі подобається кулон?"
ham,Тож це знімає деякі фінансові турботи
ham,"Добре, можемо щось купити, ви відкриваєтеся до вечора?"
spam,"Останні новини! У поліцейській дільниці викрали туалет, поліцейським нема на чому ґрунтуватися!"
ham,Сак має продовжувати :)
ham,"Просто співайте ""HU"". Я думаю, що також важливо знайти когось жіночого, хто добре знає це місце, бажано громадянку, яка також є розумною, щоб допомогти вам зорієнтуватися. Навіть такі речі, як вибір тарифного плану, потребують допомоги. Якщо є сумніви, запитайте, особливо дівчат."
ham,"Що???? Привіт, що говорить, адреса електронної пошти?"
ham,Хіба що там є дівчина з величезними грудьми.
ham,"Мені просто цікаво, чим ти зараз займаєшся?"
ham,"Бажаю тобі гарного дня. Кожна мить відкриває ще більше речей, які змушують тебе посміхатися. Насолоджуйся цим."
spam,"""Щоб отримати найяскравіші шопінг-перерви від 45 доларів з особи, зателефонуйте за номером 0121 2025050 або відвідайте сайт www.shortbreaks.org.uk"""
ham,"Аруне, ти можеш мені переказати суму?"
ham,"Вибачте, я подзвоню пізніше"
ham,"Якщо ви почуєте гучний крик приблизно через <#> хвилин, це тому, що мій гінеколог запихатиме мені в рот речі, які мені не належать :/"
spam,Тільки у грудні! Ваш мобільний телефон користувався 11 місяців і більше? Ви маєте право безкоштовно оновити його до останньої версії з кольоровою камерою! Зателефонуйте до компанії The Mobile Update Co БЕЗКОШТОВНО за номером 08002986906
ham,"Гаразд, здається, я зрозумів. Тоді хочеш, щоб я прийшов зараз, чи що?"
spam,"Текст: ЗАТЕЛЕФОНУЙТЕ на номер: 86888 та отримайте свою винагороду у вигляді 3 годин розмов зі свого телефону зараз! Підпишіться 6 гривень стерлінгів/міс., включаючи 3 год. 16 зупинок?txtЗупинити www.gamb.tv"
ham,Ти йдеш кудись дві ночі?
ham,"Я буду цінувати кожну мить, яку ми проведемо разом..."
ham,"Може, принести нам пляшку вина, щоб ми розважилися? Жартую! Я все одно принесу."
spam,http//tms. widelive.com/index. wml?id=820554ad0a1705572711&first=true © Рінгтон CC
spam,"Підготуйте свій сад до літа з БЕЗКОШТОВНИМ вибором літніх цибулин та насіння вартістю 33,50 гривень стерлінгів лише з The Scotsman цієї суботи. Щоб зупинити, перейдіть на сайт notxt.co.uk"
spam,"ТЕРМІНОВО! У розіграші минулих вихідних ви виграли 1000 гривень стерлінгів готівкою або відпустку в Іспанії! ЗАТЕЛЕФОНУЙТЕ ЗАРАЗ 09050000332, щоб отримати виграш. Правила та умови: RSTM, SW7 3SS. 150 стор./хв."
ham,"Добре, лор."
ham,"Я думав, що слайдів достатньо."
ham,Так
ham,"Ну, очевидно, що ні, бо всі люди з мого крутого студентського життя розійшлися по домівках ;_;"
ham,"Добре, якщо я зв'яжуся, тоді напиши мені."
ham,Де мамин син? Він добрий чи поганий? Він позитивний чи негативний? Чому маму змушують чекати? Хммм?
ham,"Дхоні пощастить виграти якийсь великий титул, тож ми переможемо :)"
ham,"Так, принцесо! Я хочу тішити тебе щоночі. Твоє бажання — мій наказ..."
ham,Що сьогодні - неділя... неділя свято... тому роботи немає...
ham,"Ні, ймовірно <#> %."
ham,"Дуже сподіваюся, що робота не буде стресовою. Гарного вам дня."
ham,"Ти бачив, хто повернувся до Холбі?!"
ham,"Зателефоную зараз, люба, у мене є їжа."
spam,"ТЕРМІНОВО Ми намагаємося зв'язатися з вами. Розіграш минулих вихідних показав, що ви виграли приз у розмірі 1000 гривень стерлінгів. ГАРАНТОВАНО. Зателефонуйте за номером 09064017295. Отримайте код K52. Дійсний з 12:00 до 15:00."
ham,"Отже, Лі Хай... Мені тепер нудно, що викладач повторює речі минулого тижня, марнує час..."
ham,", , і забрати їх з різних точок | їхати 2 Йовіл | і вони виконають моторний проект 4 3 години | а потім ви заберете їх додому. || 12 2 5.30 максимум. || Дуже легко"
ham,"І хай тобі йдуть до біса тебе та твою родину, що поїхали на Род-Айленд чи куди завгодно, і залишили мене самого на тиждень, коли в мене новий бонг 😉"
ham,"Звісно, ​​я також завантажую кілька пісень"
spam,"2 копійки за хвилину дзвінка до Німеччини на номер 08448350055 з вашої лінії BT. Всього 2 копійки за хвилину. Перегляньте PlanetTalkInstant.com для отримання інформації та правил і умов. Надішліть SMS-повідомлення stop, щоб відмовитися."
ham,К. Я надішлю це ще раз
ham,"О, дуже дякую..я вже купила 2 яйця.."
ham,К. Я надішлю це ще раз
ham,"Ти вчишся в школі чи їдеш додому? У будь-якому разі, я піду туди через дві школи."
spam,"Marvel Mobile Грайте в офіційну гру Ultimate Spider-Man (грн4.50) на своєму мобільному просто зараз. Надішліть SMS-повідомлення SPIDER на номер 83338, щоб отримати гру, і ми надішлемо вам БЕЗКОШТОВНІ шпалери 8Ball."
ham,"Я думаю, що якщо він правитиме Тамілнадою... тоді нашому народу буде дуже важко."
ham,"Класно, підемо подивимося, все одно треба йти на чайові. Ти вдома, маєш щось принести пізніше? Тож ходімо сьогодні ввечері до міста! Можливо, мама нас запросить до себе."
ham,"Доброго дня, коханий/кохана... Як пройшов твій день? Як ти спав/спала? Сподіваюся, у тебе все добре, мій хлопчику... Я думаю про тебе..."
ham,"Так... Я вірю, що ти купиш нові речі якомога швидше, щоб я міг їх випробувати."
spam,"SMS-ПОСЛУГИ. Щоб отримати доступ до SMS-кредитів, будь ласка, перейдіть на www.comuk.net login=3qxj9 або скасуйте підписку за допомогою STOP, без додаткової плати. Довідка 08702840625.COMUK. 220-CM2 9AE"
ham,Чому я прокинувся сам ?? :(
ham,А тепер забудьте про другий крок. Ще раз вітаю.
ham,"У кохання є один закон: зроби щасливою людину, яку ти кохаєш. Так само і в дружби є один закон: ніколи не змушуй свого друга почуватися самотнім, поки ти сам живий... Гарної ночі."
spam,ПРИВАТНО! Ваша виписка з рахунку за 2003 рік для номера 07808247860 показує 800 невикористаних SIM-балів. Зателефонуйте за номером 08719899229. Ідентифікаційний код: 40411. Дійсний до 06/11/04.
ham,Апо всі інші - лише гравці на мокка
ham,"Можливо, * набагато простіше, вкажіть ідентифікатор вашого облікового запису, тому я це зроблю завтра в УНІ"
ham,Зачекайте. Я напишу через <хв>.
ham,"Що я сказав, перш ніж розповім. Дурниці чують, бо я тобі нічого не скажу. Твій тато подзвонив моєму братові і поговорив. Не зі мною."
ham,Божа любов безмежна. Божа благодать безмірна. Божа сила безмежна. Нехай у вашому житті завжди будуть безкінечні Божі благословення...!! Гуд ні8
ham,Я хочу бути всередині тебе щоночі...
ham,"Мачан, ти завтра йдеш у спортзал, я прийду пізно, на добраніч."
ham,"Лол, спочатку вони розлютилися, але потім прокинулися та здалися."
ham,Я пішов до проєктного центру
ham,Це заспокоює у цьому божевільному світі.
ham,"Просто готуєш вечерю, ти?"
ham,"Так. Будь ласка, залиште о <#>. Щоб о <#> ми могли піти"
ham,"О... Гаразд, лор... Ми йдемо далі..."
ham,"Ти чудовий взірець для наслідування. Ти так багато віддаєш, і я справді бажаю кожного дня дива, але Бог — причина всього, і мушу сказати, що я хотів би знати чому, але не знаю. Я захоплювався тобою з юності і досі захоплююся тобою. Гарного дня."
ham,"Так, я маю на увазі мою колишню... Ні, ну, чекаю на тебе, щоб пригостити, хтось має бути багатим, Ляо... Тож, Боже, тобі не доведеться працювати з цього часу..."
ham,"Милі та посмішки зроблені з однакових літер, але чи знаєш ти різницю..? Посмішка на твоєму обличчі робить мене щасливим, навіть коли я за багато миль від тебе.. :-) продовжуй посміхатися.. Гарного дня."
ham,"До речі, я поставив сміттєвий бак прямо перед будинком, щоб ви могли бачити, який це будинок. Просто під'їжджайте перед ним."
ham,"Чи можете ви, будь ласка, надіслати мені назву цієї компанії? У колонії Сайбаба."
ham,Ні. Я не хочу нічого чути.
ham,Ти велика шикарна. Звичайна. Заяви.
ham,Це круто. Я хочу тобі догодити...
ham,Завтра приєднаюся.
spam,Ви отримуєте цифрову камеру SiPix! Зателефонуйте за номером 09061221061 зі стаціонарного телефону. Доставка протягом 28 днів. T Cs Box177. M221BP. 2 роки гарантії. 150 стор./хв. 16 стор. грн3.99
ham,"Хочу сказати тобі, як мені погано, що останнім часом я пишу тобі лише тоді, коли мені потрібні наркотики."
spam,ПРИВАТНО! Ваша виписка з рахунку за 2003 рік містить 800 невикористаних SIM-балів. Телефонуйте за номером 08718738001. Ідентифікаційний код: 49557. Дійсний до 26.11.2004.
ham,"Повне розчарування, коли я тобі написала, це була найбожевільніша штука, яку я могла отримати :("
ham,Це просто наслідок роздратування. Просто ігноруйте це.
ham,А що ж тоді з цим?
ham,"Гадаю, істерика закінчилася, тож я колись завітаю."
ham,Компліменти тобі. Був далеко від системи. Як на твоєму боці.
ham,"сталося тут, поки ти шукав пригод"
ham,"Гей, шефе, передзвони мені, коли отримаєш це. Треба поговорити з тобою про цей королівський візит 1 червня."
ham,"Добре, який у тебе ще один номер"
ham,"Я знаю, ти думаєш про малярію. Але розслабся, діти не можуть перенести малярію. Їй було б гірше, і це був би гастроентерит. Якщо вона прийме достатньо, щоб замінити втрату, її температура знизиться. А якщо ти зараз даси їй ліки від малярії, вона просто зблюватиме. Це хвороба, яка протікає самостійно, а це означає, що через кілька днів вона повністю припиниться."
ham,"Айя, гаразд, що, головне, щоб покращилося, вже можу чекати..."
spam,Хочете відвертого СЕКСУ за 30 секунд? Телефонуйте 02073162414 зараз! Вартість 20 копійок/хв. Gsex POBOX 2667 WC1N 3XX
ham,"Я не можу повірити, як я прив'язаний до щоденних зустрічей з тобою. Я знаю, що ти зробиш усе можливе, щоб дістатися до мене, люба. Я піду проводити урок опівночі."
ham,Просто сплю... і серфую
spam,"ЗАПИТАЛ(А) У 3MOBILE, ЧИ ВКЛЮЧАЮТЬСЯ БЕЗКОШТОВНІ ХВИЛИНИ ЧАТІВ 0870. ПОСЛУГИ КЛІЄНТІВ В ІНДІЇ ВІДПОВІЛИ: ТАК. ЛЮДИНА ОТРИМАЛА МЕГА-РАХУНОК. 3 НЕ НАЧУВАТИ. СУДОВИЙ ПРИСТАВ ЧЕРЕЗ ДНІ. 10-250 ФУНТІВ, 3 ХОЧУТЬ 800 ФУНТІВ."
ham,"Так, це просто обряд..."
ham,"Арманд каже, тягни свою дупу до Епсілону."
ham,"Ти досі не купив собі куртку, га?"
ham,"Я веду Дерека та Тейлор до Волмарту. Якщо я не повернуся, поки ти закінчиш, просто залиш мишку на моєму столі, і я напишу тобі, коли Прісцилла буде готова."
ham,"Привіт, це в Дурбані, ти ще користуєшся цим номером?"
ham,"Тобто, тоді є купа машин з дитячою порнографією."
spam,"Ваш контракт на мобільний зв'язок тривав 11 місяців? Найновіші телефони Motorola, Nokia тощо – все БЕЗКОШТОВНО! Подвійні хвилини та текстові повідомлення на тарифах Orange. Надішліть SMS «ТАК» для зворотного дзвінка, «НІ» – для видалення із записів."
ham,"Ні, я пробував це всі вихідні ;V"
ham,"Знаєте, що люди носять. Футболки, светри, шапки, пояси – це все, що ми знаємо. Ми в Кріббс."
ham,"Класно, о котрій годині ти думаєш сюди приїхати?"
ham,"Вень, ти став таким духовним і глибоким. Це чудово."
ham,Щасливої ​​подорожі до Нігерії. Бажаю вам щастя та найближчого часу приємних моментів.
ham,"Ха-ха-ха...використовуй свій мозок, люба."
ham,"Ну, майте на увазі, що в мене вистачить пального лише на одну поїздку туди й назад, якщо не буде раптового припливу грошей."
ham,"Так. Індіанці були непогані. Хоча це мене трохи налякало, хе-хе. Маємо скоро вийти кудись випити. Ми скоро попрацюємо та посміємося. З любов'ю, Піт хх"
ham,"Так, написав. Ось чому ти написав. Пф... так сильно сумую за тобою."
ham,"Ні. Я мав на увазі, що розрахунок той самий. Це <#> одиниць на <#>. Ця школа справді дорога. Ви вже почали практикувати свій акцент? Бо це важливо. І ви вирішили, чи будете ви навчатися 4 роки на стоматологічному факультеті, чи просто складатимете іспит NMDE?"
ham,"Вибачте, я подзвоню пізніше"
ham,"Якщо тебе не буде тут у наступні <#> години, я виверну все назовні"
ham,"Що завгодно, лор. Тільки ми обидва, лор."
ham,Витягніть мене з цієї звалища. Моя мама вирішила поїхати до Лоуз. НУДНО.
ham,"Гаразд... Продавець Sony Ericsson... Я питаю Шухуей, а вона каже, що користуюся досить добрим 2, тому я розглядаю..."
ham,"Ард 6, як цей лор."
ham,"Чому б тобі не почекати хоча б до середи, щоб побачити, чи отримаєш ти своє...?"
ham,Ха-ха...
spam,"НАГАДУВАННЯ ВІД O2: Щоб отримати 2,50 гривняа стерлінгів на безкоштовні дзвінки та інформацію про чудові пропозиції, будь ласка, надішліть відповідь на це SMS-повідомлення, вказавши своє дійсне ім'я, номер будинку та поштовий індекс."
spam,"Це вже другий раз, коли ми намагаємося зв'язатися з вами. Ви виграли приз у розмірі 750 гривень стерлінгів. Отримати приз легко, зателефонуйте за номером 087187272008 NOW1! Всього 10 копійок за хвилину. Національний тариф BT."
ham,Ти підеш на еспланаду з дому?
ham,"Шкода, * був налаштований на це. Тож... є ще якісь пропозиції?"
ham,"Хлопець трохи поскаржився, але я вдала, що наступного тижня хотіла б купити щось інше, і він подарував нам це безкоштовно."
ham,Rofl. Це відповідає своїй назві.
